Models,,,,,,,,,,,,,,,,,,,,,,,,,,,,,,,,,,,,,,,,,,,,,,,,,,,,,avg,med,stdev
/Smarch/LLVM.dimacs.nnf,11,0.004390145186335,0.004455509129912,0.004357859026641,0.004280645865947,0.004206749144942,0.004283847287297,0.004308479838073,0.004368804395199,0.004397954791784,0.004338490776718,0.004238406196237,0.004339652135968,0.004469979088753,0.004356447141618,0.004318601917475,0.004147534724325,0.004329203162342,0.003295005764812,0.004376251250505,0.003761610947549,0.003767386078835,0.003809921909124,0.00435243267566,0.00366979604587,0.004250428173691,0.004254735074937,0.004377434030175,0.004342610016465,0.0043043079786,0.004453521687537,0.004331564996392,0.004353740718216,0.004335965029895,0.004388082306832,0.00434778816998,0.004316092934459,0.004321786109358,0.004385473672301,0.00431771017611,0.004383562598377,0.004390988033265,0.004480300005525,0.004332691896707,0.004246055148542,0.004350429866463,0.004301673732698,0.004343737848103,0.004358081147075,0.00437693297863,0.004270806908607,,0.004270744314417,0.004337227903307,0.000222932532758
/Smarch/X264.dimacs.nnf,16,0.004573254846036,0.004496043082327,0.00450780801475,0.004392776172608,0.004355018958449,0.004497824702412,0.004064072854817,0.004474294371903,0.004439361859113,0.004477278329432,0.004520281683654,0.00432908674702,0.004485484212637,0.003824595827609,0.00413960730657,0.004191899206489,0.004424325190485,0.004144689068198,0.004418486729264,0.004429641645402,0.004450608044863,0.00440813601017,0.004501171875745,0.004473155364394,0.004418202675879,0.004570758901536,0.004571753088385,0.004336573183537,0.004348525777459,0.004392312839627,0.004407980944961,0.004477967973799,0.004410482011735,0.004326313268393,0.004402707796544,0.004475911147892,0.003184763714671,0.004409895744175,0.003978801891208,0.003791067283601,0.0044423379004,0.004225133918226,0.004402033984661,0.004370430950075,0.004327615257353,0.004369295667857,0.004366531036794,0.004393169656396,0.004416130017489,0.004479729104787,,0.004346306556836,0.004409015877173,0.000237072053768
/Smarch/Dune.dimacs.nnf,17,0.004476421978325,0.004464040976018,0.004517065826803,0.004534512292594,0.004593572113663,0.004670083988458,0.004454679321498,0.004443373065442,0.004806218668818,0.004593397956342,0.004473689943552,0.004709497094154,0.004510411992669,0.004468203056604,0.004712004214525,0.004564150236547,0.004501523915678,0.004687622189522,0.004529308062047,0.004489443264902,0.004670490976423,0.004592746961862,0.004476890899241,0.004627282731235,0.004510581959039,0.003747897688299,0.004339376930147,0.004561669193208,0.00406633829698,0.004577982705086,0.00454087369144,0.004579619970173,0.004466303158551,0.004504398908466,0.004621265921742,0.004528670106083,0.0043940320611,0.004549347795546,0.004446804057807,0.004511182196438,0.004436959978193,0.004615067038685,0.004511462990195,0.004458018112928,0.004620342049748,0.004524596966803,0.004477716051042,0.004643288906664,0.004532112274319,0.004482277669013,,0.004516296368092,0.004520831396803,0.000157027778358
/Smarch/BerkeleyDBC.dimacs.nnf,18,0.004555047955364,0.004662781953812,0.004409983288497,0.004423776641488,0.004495428409427,0.004416048992425,0.004409140907228,0.00457016704604,0.00444713793695,0.004392986185849,0.004522141069174,0.004450562410057,0.004367663990706,0.004419346805662,0.004630516283214,0.004404718987644,0.00449260417372,0.004619298037142,0.004418446682394,0.004477806854993,0.004578383173794,0.004370897077024,0.004402331076562,0.00441225618124,0.004575609695166,0.004694221075624,0.004557467065752,0.004608237184584,0.00445150770247,0.004570869728923,0.003275249153376,0.004437920637429,0.003863421734422,0.004167550709099,0.004484111908823,0.004310226067901,0.004289529286325,0.004161090124398,0.004446000792086,0.004483440890908,0.004329374060035,0.00446200510487,0.004489734768868,0.004204813856632,0.00426279194653,0.004565040115267,0.00432070530951,0.00442958297208,0.004368981812149,0.004502998664975,,0.004413239089772,0.004441960714758,0.000218190605948
/Smarch/lrzip.dimacs.nnf,20,0.004571875091642,0.00457645021379,0.004670625086874,0.004554403014481,0.004548494238406,0.004580689128488,0.004625259898603,0.004726045764983,0.004711653105915,0.004744579084218,0.004631369840354,0.004579576198012,0.004606449976563,0.004586576018482,0.00462095066905,0.004688126966357,0.0045922761783,0.004541863221675,0.004694785922766,0.00470067281276,0.004557798150927,0.004680898040533,0.004563464317471,0.004559169057757,0.004736384842545,0.00450063822791,0.004666779190302,0.00453700684011,0.004301781300455,0.003945047035813,0.004576396197081,0.004391811322421,0.004581045359373,0.004564906004816,0.004846191965044,0.004539082758129,0.004499243106693,0.004473018925637,0.004502684343606,0.00459981802851,0.004645669832826,0.00455268798396,0.004565172363073,0.004751996137202,0.003911736421287,0.004571696743369,0.004632484167814,0.004707445390522,0.004566811025143,0.004526576958597,,0.004572163289413,0.004578013205901,0.000162185422353
/Smarch/HiPAcc.dimacs.nnf,31,0.005211540032178,0.005306174978614,0.005440100096166,0.005205183289945,0.005159072112292,0.005251409951597,0.005309519823641,0.00527397589758,0.005245248321444,0.005241101142019,0.005298649892211,0.005295861046761,0.005351530853659,0.005134746897966,0.005100835114717,0.005252067930996,0.005334810819477,0.005392489954829,0.005325568839908,0.0053053018637,0.005277280695736,0.005233415868133,0.005158574320376,0.005287845153362,0.00527871819213,0.005290515255183,0.005134077742696,0.005214435979724,0.005288305226713,0.005043573211879,0.005271420814097,0.005155652761459,0.005270205903798,0.005134989041835,0.005316686350852,0.005119572859257,0.00522889290005,0.00514381332323,0.005380727350712,0.005161406006664,0.005281020887196,0.005156939849257,0.005240523722023,0.005218075122684,0.005295224953443,0.005155432969332,0.005258714780211,0.005143799819052,0.005325166042894,0.005079461727291,,0.005239593153819,0.005251738941297,8.54061960416976E-05
/Smarch/JavaGC.dimacs.nnf,39,0.00487756729126,0.004744219128042,0.004835604224354,0.00480991601944,0.004820212721825,0.004956656135619,0.005008191801608,0.004911146126688,0.004827715922147,0.004738225135952,0.004662714898586,0.004914403893054,0.004836895968765,0.004876980092376,0.004733295179904,0.004822753835469,0.004847920965403,0.004911964759231,0.004945787601173,0.004781438037753,0.004714038223028,0.004817019682378,0.004795188084245,0.004860831890255,0.004870011005551,0.0048724161461,0.004902533721179,0.004719180054963,0.004834936931729,0.004461764823645,0.004810295067728,0.00481065781787,0.004871761891991,0.004894457291812,0.004510569851846,0.004682749975473,0.004813114181161,0.004909500014037,0.004889875184745,0.00479016173631,0.004984217230231,0.005063462071121,0.004841833841056,0.004858072847128,0.004830465186387,0.004842135123909,0.00457239896059,0.004905926063657,0.004810368642211,0.004795199725777,,0.004823975060135,0.004835270578042,0.000111419073751
/Smarch/Polly.dimacs.nnf,40,0.004238822031766,0.004433039110154,0.004827302880585,0.00461396202445,0.004760287702084,0.004792819730937,0.004679095000029,0.004821892827749,0.004742697812617,0.004764217883348,0.004826967604458,0.004794348962605,0.004713875241578,0.004799552261829,0.004806100390852,0.004715042188764,0.004757944960147,0.004724786151201,0.004850566852838,0.004904273897409,0.005230685696006,0.005061514675617,0.004771665204316,0.00469596683979,0.004787440877408,0.004719886928797,0.004662438761443,0.004798920825124,0.004779272247106,0.004843214992434,0.004710672888905,0.004802134353668,0.004761543124914,0.004745231941342,0.004849382210523,0.004769048653543,0.00483110640198,0.004812214057893,0.004421828780323,0.004584595095366,0.004923296160996,0.004730512853712,0.004707170650363,0.004785364959389,0.00475957011804,0.004890327807516,0.004812373779714,0.004834773018956,0.004727460909635,0.004760570824146,,0.004762755623087,0.00477035692893,0.000144256218663
/Smarch/VP9.dimacs.nnf,42,0.00492410780862,0.004777650814503,0.004853686317801,0.004876859020442,0.004802252165973,0.004874892998487,0.004886704962701,0.004850772675127,0.004837885033339,0.00476082181558,0.004931598901749,0.004830911289901,0.004945465829223,0.005006236955524,0.004976458847523,0.004862255882472,0.004799867980182,0.004792510997504,0.004855691920966,0.004862445872277,0.004849276971072,0.004842196591198,0.004902119282633,0.004963352810591,0.004910125862807,0.004799600224942,0.004767231177539,0.004963194951415,0.004851867910475,0.004780010320246,0.004825346171856,0.004779015202075,0.004848910029978,0.004906526766717,0.004756327718496,0.00476013077423,0.00475606508553,0.004800563678145,0.004788225051016,0.00498559512198,0.004955331329256,0.004894198384136,0.004816184286028,0.004786076955497,0.004755840171129,0.004776971880347,0.004846009425819,0.004827289842069,0.004730131942779,0.004991224966943,,0.004850480379537,0.004847459727899,7.27483840875823E-05
/Smarch/7z.dimacs.nnf,44,0.004521122667938,0.004051935859025,0.004056923091412,0.004594460129738,0.003952696919441,0.004417633637786,0.004423791076988,0.004721691831946,0.004812701139599,0.004723070655018,0.004971681162715,0.005019803065807,0.004878764972091,0.005027256906033,0.005050149746239,0.004993098787963,0.00506452890113,0.005125863943249,0.005504625849426,0.005115221720189,0.005140149965882,0.005243289284408,0.005193170160055,0.005250365938991,0.00519085675478,0.003706793300807,0.003738548140973,0.004646934103221,0.003648542799056,0.004883416928351,0.004166231956333,0.004378031939268,0.004966129083186,0.004566768184304,0.004611615091562,0.004913188051432,0.004825755953789,0.004835249390453,0.004989082925022,0.005052649881691,0.005055566318333,0.004742486868054,0.004968330729753,0.00509356893599,0.005136767867953,0.004804081749171,0.004789703059942,0.005097715184093,0.005133057944477,0.004991879221052,,0.004775738995522,0.004898302489892,0.000430299365517
/Smarch/JHipster.dimacs.nnf,45,0.005230791866779,0.005069379229099,0.005321099888533,0.005311146844178,0.005288410000503,0.005247416906059,0.005252660717815,0.005334826186299,0.005343256983906,0.005152418278158,0.005280208773911,0.005263824015856,0.005269578192383,0.004933345131576,0.005382346920669,0.005194129887968,0.005227641202509,0.005231623072177,0.005236714147031,0.00532909296453,0.005367352161556,0.005304107442498,0.005265153944492,0.005378087051213,0.005033525172621,0.005228286143392,0.005102795083076,0.005234302021563,0.005116303917021,0.005319595336914,0.005289354827255,0.00522202020511,0.005744176916778,0.005674214102328,0.005504886154085,0.005393209867179,0.005214022938162,0.005191539879888,0.005517193116248,0.00532383332029,0.005389174912125,0.005326812155545,0.00540970498696,0.005213879980147,0.005293029360473,0.004954190924764,0.004869176074862,0.005260139238089,0.005235882941633,0.005167017690837,,0.005268857581541,0.005264488980174,0.000156038814363
/featureide_examples/berkeleydb.dimacs.nnf,76,0.01419098302722,0.006412943825126,0.006780446972698,0.006443455815315,0.006399574223906,0.006588872056454,0.006852131802589,0.00747128110379,0.006626813672483,0.005811909213662,0.006615835241973,0.005769724957645,0.006464365869761,0.006698600016534,0.006659108679742,0.006596124731004,0.005576260853559,0.004678153898567,0.004623892251402,0.006791041232646,0.005413247738034,0.005608905106783,0.006048269104213,0.006180062890053,0.005973614752293,0.014598394278437,0.006281023379415,0.005207072943449,0.006653923075646,0.005598827265203,0.005524394102395,0.005823388695717,0.006206212099642,0.006326857022941,0.006335072219372,0.006640829145908,0.006173870991915,0.00650248490274,0.005253294948488,0.006323600187898,0.006045544985682,0.006165145896375,0.006232823710889,0.006332737859339,0.006415948271751,0.006567100994289,0.006662154104561,0.006169665139169,0.006234043743461,0.00667629390955,,0.006524526458234,0.00632979744114,0.00171317741442
/Smarch/axtls_2_1_4.dimacs.nnf,94,0.004584371112287,0.006873195059598,0.005630651954561,0.005506573244929,0.006048654671758,0.006783611141145,0.00648604799062,0.005945747252554,0.006154478993267,0.006751982029527,0.006841004826128,0.006980144884437,0.006121132988483,0.006520723924041,0.006465087644756,0.005987923592329,0.00687043601647,0.006482287775725,0.006814660038799,0.006503544747829,0.006512008141726,0.006633263081312,0.006933575961739,0.006288469303399,0.006882903166115,0.005360485985875,0.005772853735834,0.006295952014625,0.005897583905607,0.005886733997613,0.006709924899042,0.006724937353283,0.006405436899513,0.006892492994666,0.006755001377314,0.006606029812247,0.005938827060163,0.006740708835423,0.006452454254031,0.006599786691368,0.006633989047259,0.006284249946475,0.005967559292912,0.006556793116033,0.006515848916024,0.006974774878472,0.006906248163432,0.006359898950905,0.006092553026974,0.006892730016261,,0.006396526694298,0.006507776444778,0.0004862888795
/KConfig/axTLS.dimacs.nnf,96,0.006193499080837,0.005323811899871,0.005190066061914,0.00542255397886,0.00558999273926,0.005302276927978,0.005427989177406,0.005154499318451,0.005172180943191,0.00521276332438,0.005535520147532,0.005563357379287,0.005642968695611,0.005816577002406,0.005596651695669,0.005688606295735,0.005703744944185,0.003973457962275,0.003877887036651,0.004322903230786,0.005370492115617,0.005050577223301,0.005310154054314,0.00489870691672,0.005230912938714,0.005124461837113,0.005716572981328,0.005395710002631,0.005359208211303,0.005292592104524,0.00537394778803,0.005108001176268,0.005249374080449,0.005249959416687,0.004948587156832,0.005355005152524,0.005153600592166,0.005116985179484,0.005358078982681,0.005592909175903,0.005453627090901,0.005513879936188,0.005596852861345,0.005213330034167,0.004873226396739,0.005507699213922,0.005584784783423,0.005108305253088,0.005687374155968,0.005593780893832,,0.005302000110969,0.005356542067603,0.000407386516481
/Smarch/fiasco_17_10.dimacs.nnf,234,0.008250848855823,0.010437004268169,0.009827495086938,0.013173941057175,0.012981845997274,0.010208759922534,0.013280563987792,0.012084271758795,0.012799757067114,0.012472802307457,0.011910682544112,0.012622869107872,0.013102028984577,0.013627946842462,0.012310557067394,0.011863321997225,0.013026234228164,0.009828316047788,0.011000747792423,0.009127249009907,0.013454424217343,0.012276892084628,0.013041737955064,0.012847702018917,0.013167281169444,0.010896461084485,0.011489738244563,0.012154276948422,0.012382464949042,0.008081850130111,0.00988449389115,0.01021234691143,0.011386916041374,0.011761139146984,0.012787223793566,0.013017223682255,0.013597794342786,0.011206503026188,0.010117915924639,0.014292764943093,0.012638262938708,0.012682358268648,0.013792031910271,0.012456774711609,0.012376505881548,0.013104801997542,0.012118191923946,0.011430336628109,0.010171255096793,0.014157501980662,,0.011938448315486,0.012343531474471,0.001474809607738
/Smarch/uClibc-ng_1_0_29.dimacs.nnf,269,0.015845268964768,0.016309358179569,0.017643520608544,0.01816877303645,0.01613168604672,0.015444844029844,0.014418954961002,0.014503940939903,0.014421055093408,0.015987548977137,0.016831652261317,0.02009044168517,0.018466631881893,0.016212746035308,0.015357092022896,0.01406640233472,0.015387048944831,0.016776097938418,0.020077446009964,0.018598397728056,0.017205922864378,0.018545596860349,0.017824637237936,0.016071144957095,0.016213981900364,0.017529515083879,0.020204135216773,0.017437899950892,0.018922879826278,0.01877293875441,0.016048618126661,0.018521066289395,0.018506071995944,0.019521208014339,0.019194131251425,0.017627615015954,0.016794728115201,0.01302438788116,0.013561339117587,0.017380888108164,0.020865024067462,0.017771854996681,0.020725709851831,0.017694470006973,0.017268613912165,0.017797033302486,0.01730516878888,0.015139300376177,0.017302362248302,0.017577310092747,,0.017181889237836,0.017343028448522,0.001838556350985
/KConfig/uClibc.dimacs.nnf,313,0.016058296896517,0.01981651224196,0.019606998655945,0.01564324926585,0.01628922438249,0.016596115194261,0.022426492068917,0.020379557739943,0.018393985927105,0.014548135921359,0.022632841020823,0.020217604003847,0.017934035975486,0.022400573827326,0.018372958060354,0.017604831140488,0.018054593354464,0.017580315936357,0.01778591517359,0.020543256308884,0.021759015973657,0.020718446932733,0.022356416098774,0.02054105931893,0.01751087512821,0.019717148970813,0.016453738324344,0.016986164264381,0.02163451211527,0.018788099754602,0.016800694633275,0.015475198160857,0.018481978215277,0.020240990910679,0.018126694951207,0.017819968983531,0.022374316118658,0.022307495120913,0.016702421009541,0.020675526000559,0.021023537963629,0.021489188075066,0.022078710608184,0.016354430932552,0.020618897862733,0.020795485004783,0.018296930007637,0.019906850997359,0.021679722703993,0.021134858950973,,0.019234697343782,0.019662073813379,0.002228805653853
/Smarch/toybox_0_7_5.dimacs.nnf,316,0.010918279178441,0.009253149386495,0.010698419995606,0.009590202942491,0.009320450946689,0.010491770226508,0.010617610067129,0.009892509784549,0.010712250135839,0.008336413651705,0.008505207020789,0.011679711285979,0.010298414155841,0.010323418769986,0.010910377837718,0.009780743625015,0.010010354220867,0.010197889059782,0.008823938202113,0.010306051932275,0.007865183055401,0.010169873945415,0.009253249038011,0.011692528147251,0.010409867856652,0.007705230265856,0.008468806743622,0.011537885293365,0.009891277179122,0.009749498218298,0.010879790876061,0.010022643953562,0.010506424121559,0.011493393220008,0.010777504649013,0.010366134345532,0.011325862724334,0.010607783682644,0.011038956232369,0.010924881789833,0.010681558866054,0.010393961332738,0.0103973839432,0.009092337917537,0.009856659919024,0.010985633824021,0.009950591716915,0.009495962876827,0.010523738805205,0.01017189770937,,0.010138073293492,0.010314735351131,0.000931971293922
/KConfig/uClinux-base.dimacs.nnf,380,0.022035248111934,0.027488535735756,0.026282506063581,0.027369205839932,0.026135681197047,0.023592118173838,0.024471535347402,0.021516350097954,0.027233908884227,0.02537439391017,0.019840886350721,0.0273721460253,0.02668621391058,0.027015602216125,0.025440241675824,0.022626772988588,0.023418969009072,0.020625350996852,0.027086911257356,0.0257737217471,0.024304796941578,0.025608982890844,0.022232089657337,0.026567523367703,0.021855548024178,0.023268631193787,0.0234609330073,0.025141416117549,0.027125296182931,0.025235395878553,0.020192075055093,0.021926407702267,0.025128543376923,0.021811507176608,0.02434598794207,0.024295804090798,0.02262358320877,0.0210344591178,0.027147306129336,0.02613952383399,0.024013260845095,0.024562591221184,0.019809101242572,0.021772487089038,0.022962479386479,0.023311228025705,0.023013430181891,0.022691791877151,0.022988986689597,0.024503475055099,,0.024129218840972,0.024300300516188,0.002201938962307
/confidential/automotive03/automotive03a.dimacs.nnf,384,0.01283978484571,0.011186685878784,0.011000619269908,0.011118927970529,0.010467386804521,0.01146759884432,0.011705949902535,0.011753642000258,0.013153396081179,0.012576768174768,0.013342031743378,0.012332217767835,0.012115061748773,0.014637461863458,0.014267561025918,0.01287095900625,0.012211417779327,0.010493579786271,0.011210916098207,0.013082228135318,0.010858376976103,0.014309471938759,0.013342611957342,0.01353201828897,0.012581297662109,0.012320146895945,0.015225343871862,0.013903777580708,0.011730287689716,0.014292418025434,0.015008089132607,0.015127295162529,0.012655189260841,0.015105427708477,0.012431788258255,0.014312325976789,0.012733946088702,0.015212967991829,0.012932437937707,0.011379754170776,0.013255131896585,0.013183444738388,0.013632257003337,0.013135127257556,0.014267486985773,0.013351922854781,0.010811899323016,0.012443820945919,0.015764637850225,0.012978776358068,,0.012913073450327,0.012901698471979,0.001374387939437
/confidential/automotive06/automotive06a.dimacs.nnf,449,0.021872538141906,0.024584779981524,0.028205336071551,0.027322818990797,0.022613361943513,0.023647970985621,0.02276305295527,0.021228583995253,0.027725240215659,0.02562597906217,0.023783690761775,0.0218988629058,0.025482258293778,0.025862658862025,0.022701784968376,0.028281341772527,0.025173663161695,0.028513065073639,0.027257605921477,0.021339650265873,0.027311531826854,0.027082328684628,0.024070313200355,0.022576914168894,0.021499307826161,0.020305517595261,0.024413444567472,0.02566542616114,0.027568965218961,0.027258343994618,0.023222258780152,0.022928769700229,0.023408976849169,0.022727170959115,0.02293523401022,0.022942560724914,0.02312210900709,0.022101757116616,0.027816035784781,0.024044155143201,0.022121401969344,0.02275026217103,0.026855246163905,0.026020142715424,0.028091127052903,0.026987696066499,0.023652468342334,0.023146972991526,0.022792203817517,0.022952758241445,,0.02448511290364,0.023718079552055,0.002299895977852
/confidential/automotive04/04.dimacs.nnf,531,0.025495818350464,0.025098206941038,0.022743612993509,0.019216438289732,0.017273027915508,0.020181154832244,0.017912317998707,0.021548138931394,0.019928127992898,0.020842919126153,0.019566561095417,0.021401054691523,0.026513400021941,0.021500670816749,0.021072369068861,0.025676822755486,0.025617068167776,0.026946629397571,0.022401869297028,0.023986977059394,0.026173976715654,0.023149111308158,0.023058510851115,0.022397763095796,0.018795490264893,0.020244602579624,0.024736480787397,0.021805579308421,0.02571656415239,0.022903789766133,0.019227501936257,0.022047520149499,0.023089315742254,0.01685613906011,0.025313686579466,0.020743503235281,0.022018478717655,0.024468332994729,0.021893812343478,0.02599437488243,0.023069814313203,0.020603655837476,0.024052142165601,0.020615360233933,0.024989943951368,0.02379543101415,0.020249812863767,0.026530566625297,0.025019688997418,0.019433727022261,,0.022478357264772,0.022399816196412,0.002618533414275
/Smarch/toybox.dimacs.nnf,544,0.015342968050391,0.010765017941594,0.01101723080501,0.012389309238643,0.011007600929588,0.011475240346044,0.016206682194024,0.013222171925008,0.01367501495406,0.00982867507264,0.015952595043928,0.01408525928855,0.013093388639391,0.014295292086899,0.011930037289858,0.012721285223961,0.011198760010302,0.011307726148516,0.011468634009361,0.01254438329488,0.016832249704748,0.013947275932878,0.015706824138761,0.013896324671805,0.014512341003865,0.015338053926826,0.01576775405556,0.011249218136072,0.011280106380582,0.012774276081473,0.013865720946342,0.012189471162856,0.0149055859074,0.013040388002992,0.010676155332476,0.014941787347198,0.015408976003528,0.01362535962835,0.015187125653029,0.014192156028003,0.012274096719921,0.011478172149509,0.011166492011398,0.011134714819491,0.010596036911011,0.011360918171704,0.010505800135434,0.011265912093222,0.010563359130174,0.01123703783378,,0.012888939250261,0.012632834259421,0.001868162764788
/confidential/automotive07/automotive07a.dimacs.nnf,581,0.093426533043385,0.089996688999236,0.110002657864243,0.094684940762818,0.086113604716957,0.09245504019782,0.083212592173368,0.090457967016846,0.086539836600423,0.092045901808888,0.086847711820155,0.091510127298534,0.111193447839469,0.097403941210359,0.085409952327609,0.09079575818032,0.092173835262656,0.112443902064115,0.090747299604118,0.091230637859553,0.104591477662325,0.106231889221817,0.11491785524413,0.107438873033971,0.106896526180208,0.085103497374803,0.0940025690943,0.085343743208796,0.103824113961309,0.092807250097394,0.098769663833082,0.094151054043323,0.094562095124275,0.094835483003408,0.097779796924442,0.088608770165593,0.100356503855437,0.093061105813831,0.091670637950301,0.086621704977006,0.089581152889878,0.084377412684262,0.093078004196286,0.10353456903249,0.090537759941071,0.102601344231516,0.091806097887457,0.101264592725784,0.096859870944172,0.103357614018023,,0.095345308119431,0.093069555005059,0.008024863955252
/confidential/automotive03/03.dimacs.nnf,588,0.029996586032212,0.034867225214839,0.02924427529797,0.030755043961108,0.039903272874653,0.035311223939061,0.032356097828597,0.030712802894414,0.03398173302412,0.030554903205484,0.029989949893206,0.040569351986051,0.035700000356883,0.034506926778704,0.034881944768131,0.033049350604415,0.04159617330879,0.034568639937788,0.034870030824095,0.03637957572937,0.04150761384517,0.04191578598693,0.037423287983984,0.041724132373929,0.042280223220587,0.034268984105438,0.030765328090638,0.028371925000101,0.029201577883214,0.034699259791523,0.031986930873245,0.030565861612558,0.031667739152908,0.029532962944359,0.030985943041742,0.031944857444614,0.029992396011949,0.030554513912648,0.032722522038967,0.030758546665311,0.029819330666214,0.034081954974681,0.039950591046363,0.039702865295112,0.036454613786191,0.041404419112951,0.038808950223029,0.037018993869424,0.041290231980383,0.039194820914418,,0.03468784544617,0.034387955442071,0.004273020701872
/Smarch/axTLS.dimacs.nnf,684,0.021083876024932,0.021323382854462,0.021986505016685,0.019918533042073,0.021627152338624,0.018806126900017,0.019285240676254,0.01644521811977,0.016624174080789,0.024404209572822,0.021862431894988,0.023224097676575,0.022358985617757,0.022356653120369,0.023203012067825,0.023567563854158,0.021556193940342,0.016929741948843,0.016239644959569,0.015237671323121,0.016365448944271,0.024122545961291,0.02027734182775,0.017529864795506,0.016428248025477,0.022373302839697,0.019996017217636,0.017297049053013,0.017071212176234,0.015653431881219,0.023426191881299,0.021567374002189,0.017512517049909,0.014317371882498,0.022313783876598,0.021234734915197,0.017563729081303,0.021873136050999,0.021673273295164,0.018889832310379,0.016238475218415,0.024755909107626,0.022104017902166,0.023040474858135,0.022621533367783,0.022613415960223,0.023143501020968,0.023099007084966,0.019878284074366,0.020776112098247,,0.02027595105581,0.02127905888483,0.002837598871051
/financial_services/financialServices_2018-05-09.dimacs.nnf,771,0.404271638952196,0.341686688829213,0.343947731889784,0.344441264867783,0.36582416202873,0.341344095766544,0.34263577638194,0.335925349034369,0.351406700909138,0.352517680730671,0.336815382819623,0.342506068293005,0.352341471239924,0.342472187243402,0.346653432585299,0.341007824987173,0.334491453133523,0.349113805219531,0.341459592804313,0.331606551073492,0.34310966078192,0.349903523921967,0.333242754917592,0.342511125840247,0.340192179195583,0.392167530953884,0.347210661042482,0.351297942921519,0.34178157011047,0.360280321910977,0.343204573728144,0.348656204063445,0.332901498302817,0.344239677768201,0.332539014983922,0.347217421047389,0.345074495300651,0.333167878910899,0.343143591657281,0.351524366997182,0.349214405752718,0.336965763941407,0.343816633801907,0.335350103210658,0.342251644004136,0.347420969977975,0.368404736276716,0.353443737141788,0.342343795578927,0.342799795791507,,0.346556928772479,0.343174082692713,0.013207590271761
/KConfig/busybox-1.18.0.dimacs.nnf,854,0.029815390706062,0.030681675300002,0.029170759953559,0.025206891819835,0.032517309766263,0.025090692099184,0.030847363173962,0.031207416206598,0.030671467073262,0.032445619814098,0.025187248829752,0.031653779093176,0.033060101326555,0.029434827156365,0.030495246872306,0.024411980062723,0.022667061071843,0.024015533272177,0.026103430893272,0.029155976139009,0.032183653209359,0.032157125882804,0.026995241641998,0.030195488128811,0.025953212752938,0.029737984761596,0.029709331691265,0.032415845897049,0.032725781202316,0.032214883714914,0.026375158224255,0.028846330009401,0.033383506350219,0.028438901994377,0.033927088137716,0.033460548147559,0.026977987959981,0.02276974124834,0.020169448107481,0.025381325744093,0.025654330849648,0.031132000032812,0.026576666627079,0.020623331423849,0.020178092177957,0.024889692664147,0.026483040302992,0.030525954905897,0.02687431126833,0.020356599241495,,0.028223047498614,0.029163368046284,0.003843864233588
/Smarch/busybox_1_28_0.dimacs.nnf,998,5.79423042433336,5.81679108692333,5.8578915190883,6.12320860102773,5.86481527471915,5.82922085188329,5.83341725822538,5.86980362515897,5.82373552303761,5.85052342200652,5.84949932806194,5.79841556400061,5.82280170917511,5.80600942438468,5.81461922405288,5.84919431293383,5.82533005299047,5.81192838819698,5.86436638282612,5.85038609104231,5.79333323286846,5.85842260019854,5.80401633260772,5.84803207125515,5.83752840617672,5.81370597565547,5.88588095782325,5.84394246013835,5.88169909594581,5.82192454580218,5.83595706196502,5.88847349910066,5.83441584603861,5.82655591098592,5.91912791877985,5.85905404808,5.86824727803469,5.86673599714413,5.88243719702587,5.88185893604532,5.9104326129891,5.88292405288667,5.84685994591564,5.86884789820761,5.86525146989152,5.87928699888289,5.84235506132245,5.84462792985141,5.88319103000686,5.87376995384693,,5.85410168779083,5.84934682049789,0.048840743798807
/CDL/am31_sim.dimacs.nnf,1178,14.0893035940826,13.9457798497751,14.2516150469892,14.5687179607339,14.7922997367568,15.2507907701656,15.3640847769566,15.3786804680713,14.9230240699835,14.4158445857465,14.7660335516557,14.7741154329851,14.7798098679632,14.7687406348996,14.7140357471071,14.7526887417771,14.8022203650326,14.8243930758908,14.7919951071963,14.9333665422164,14.7671475820243,14.9226298960857,14.779389207717,14.9043787671253,14.8107480029576,14.5249196183868,14.3273020619527,14.7390144090168,14.6979136602022,14.6397271943279,14.3805269300938,14.6891405987553,15.0367998429574,15.0039780302905,15.0271991910413,15.0714477989823,15.0905063622631,15.043200080283,14.9818939059041,14.9524841769598,15.0035817851312,15.1097568478435,15.1221631811932,14.9687793059275,14.9453603727743,15.0872168070637,15.1145867961459,15.016807293985,15.1004651687108,15.0890583177097,,14.8367132623959,14.8643859215081,0.294252358386109
/KConfig/embtoolkit.dimacs.nnf,1179,0.047170164063573,0.050391904078424,0.05071326578036,0.0457126442343,0.047522353939712,0.048976147081703,0.052551404107362,0.05058412021026,0.054576703812927,0.048071615863592,0.053312358912081,0.050622603390366,0.049093941692263,0.060761388856918,0.059424061793834,0.050783458165825,0.051871291827411,0.053312514908612,0.053980419877917,0.049302622675896,0.050447158981115,0.053822058718652,0.048607514705509,0.05225320905447,0.055817924905568,0.053855526261032,0.053318735677749,0.051585844252259,0.05021432088688,0.047155133914203,0.051018343307078,0.047304249834269,0.050576669164002,0.050864018965513,0.052437539678067,0.051719181239605,0.054419975262135,0.053892910946161,0.050204474013299,0.055444600060582,0.054113684222102,0.053448001854122,0.054896248038858,0.050128730013967,0.048525584861636,0.054115549661219,0.054485690314323,0.051986864302307,0.048346206080169,0.051395116839558,,0.051702721025795,0.051490480545909,0.003012002863165
Smarch/ref4955.dimacs.nnf,1218,95.7729190499522,95.682144346647,95.9392534606159,95.8010488310829,95.7261181240901,95.5475134490989,95.8461423339322,95.5730417980812,95.4098339602351,95.7307710200548,95.5892439773306,95.5762609131634,95.7125475420617,95.7276569218375,95.7885291581042,95.9839081377722,96.0202250392176,95.6623279857449,95.7383682043292,95.6642134357244,95.798055590596,95.8489570929669,95.8982413406484,95.7090908931568,95.705433731433,95.5094415280037,95.4701405609958,95.3794983415864,95.5040147048421,95.6288488870487,95.5050937049091,95.5917910970748,95.5336726121604,95.4467665250413,95.573932397645,95.4218056970276,95.4977351869457,95.7875171778724,95.6810761298984,95.4248793409206,95.4951374861412,95.4738667719066,95.630579456687,95.5763601590879,95.5139253255911,95.4778887378052,95.7009473578073,95.5429508769885,95.5032812329009,95.4673738786951,,95.6358074302692,95.6103199920618,0.157652688641696
Smarch/ecos-icse11.dimacs.nnf,1244,457.724836249836,458.938516797964,457.344236651901,459.674646968022,459.292439878918,459.070198757574,458.576733773109,455.42110505281,458.194709864911,458.285665520001,458.622922294308,457.678719806019,458.624190863688,457.551961359102,455.46042783279,457.362937985919,453.289649270941,454.43799631577,459.168717983645,453.187900132034,455.916850293987,455.233170556836,455.611175457016,456.752615557984,459.13468111679,459.009031482041,458.40467239311,455.756781530101,459.308993492741,460.799596364144,459.737401808146,459.451080672909,458.975853777025,459.20830782596,459.686035958119,460.504537963774,459.445551973302,460.866527609993,456.745453001,454.226916233078,455.886317027267,454.207174294163,454.822383319959,457.4200951159,454.471891728695,455.279521398246,455.086571554188,456.223614992108,455.577911614906,459.583573095035,,457.424856051356,457.701778027927,2.08559693795744
Smarch/pati.dimacs.nnf,1248,109.08777435543,109.185639018659,108.843634224031,109.307887427043,109.103798930068,109.093778776936,109.277398448903,108.941104972735,109.162836140022,109.100420901086,109.023389903829,109.519793002866,109.194514198229,109.161847974639,108.948535868898,109.107199629303,109.237232003827,108.925380347297,109.225528480951,109.171201233752,109.12256341707,109.305523919873,108.816988839768,109.244895853102,109.358195255045,108.929567595012,109.071620677132,108.915803210344,108.842322206125,108.857457473874,109.013691650238,109.113642300013,109.108101021033,109.069847982842,108.932468172163,109.05694574723,109.050790138077,108.904182923026,109.148645950947,108.860736724921,108.966905520763,108.770556278061,108.865877935197,108.919604976196,108.785678981338,108.903185508214,108.975963083096,108.878073294181,108.996490075719,108.862804680131,,109.045360544585,109.053867942654,0.165186174572184
/CDL/p2106.dimacs.nnf,1262,25.1651396476664,25.6525488100015,25.5875026183203,25.5336499721743,25.5107525321655,25.5562755619176,25.5832915850915,25.531220283825,25.5943965851329,25.4709352087229,25.408847339917,25.1721821967512,25.0561112952419,25.0732960430905,25.3247902831063,25.2853895039298,25.2866892558522,25.2426797412336,25.1663118521683,25.2372229578905,25.1640970660374,25.2127370531671,25.2546000191942,23.8120235600509,23.715246933978,25.9199187648483,26.0016088699922,25.8968045539223,25.914085178636,25.9065973008983,25.9563742298633,25.927195569966,25.9199693491682,25.8204504791647,25.4633807418868,25.0439141751267,25.0762402177788,25.1606950750574,25.1659399112687,25.0875820289366,25.2725400417112,25.3557893587276,25.0294561828487,24.9960740939714,25.0478364871815,25.1709044668823,23.7986683286726,23.8682920872234,24.365779645741,23.9134053089656,,25.2335488071013,25.2635700304527,0.577969895644449
Smarch/integrator_arm9.dimacs.nnf,1267,212.811909890734,213.180887048133,213.515100939665,212.516483972315,213.717708388809,212.770787569694,212.439211559016,212.441182833631,213.2890988281,213.033646127675,213.211172622163,211.960965369828,212.786862506997,213.939936106093,213.303576278966,212.779040582944,212.791009511333,213.001710417215,211.863047134131,213.445004080888,213.267145853955,212.972402179148,212.651901829056,213.1234721113,212.755320583005,213.446934657171,212.303050442133,213.351916696876,212.878454591148,212.91225811094,213.005372656044,212.548741464037,212.983050425071,213.301763324067,213.154796414077,212.674812443089,212.710377455689,212.605680790264,212.971439836081,213.087596660014,213.24155972898,214.399164132774,212.963974558283,211.020643417723,213.182731559034,213.693972599227,212.318918792997,212.875121510122,213.685481746215,212.59718209086,,212.949671608554,212.971921007614,0.549260932899696
Smarch/olpce2294.dimacs.nnf,1274,229.279469398316,228.340745025314,225.300260168966,228.057759186253,224.937596761622,221.109284189995,220.496619444806,220.675434811041,219.671587291639,220.976462045684,221.436971127056,221.746876460966,221.493330215104,220.684132530354,220.087423402816,221.433227248024,220.129217763897,220.814262924716,221.122578587849,221.18234465085,220.589426975232,221.180519637186,220.311436539981,221.111848869827,220.597922401968,227.429424319882,226.745171955787,225.159004575107,226.580594288185,230.938514063135,220.311283139046,219.989322566893,220.33268225519,220.015076023061,219.924783050083,220.090693432838,220.063239806797,220.809350256808,219.983223253861,220.050722368993,220.207653969061,220.35791481426,219.949909061193,220.453139397781,220.090748561081,220.349657190032,220.201379002072,220.208742958028,220.239505979232,220.051491335034,,221.865999305658,220.5936746886,2.89412268196587
Smarch/adderII.dimacs.nnf,1276,175.518081325106,175.584143070038,176.501341308933,184.177741267718,176.225403481163,176.312431721948,175.912391975988,176.491535921115,175.545817231294,175.204899623059,175.842097308952,176.156483768951,175.446023270022,175.962868090719,175.442998663057,175.527602958959,175.540621349122,175.732590566855,175.200550024863,175.801800371148,175.225448976271,175.672182617243,175.657577858306,175.344165259041,175.749141058885,175.12374722492,179.856348015834,179.770038466901,175.294735074975,178.494671887252,179.611859999131,176.537919869646,175.696259904187,176.068098593038,176.076433516108,175.961806569248,175.493591760751,176.124874711968,175.189643419348,175.722535147332,175.974915400147,175.154463889077,174.837869932875,175.746555840131,174.972802399192,175.518300757743,175.496977536939,175.324394852854,175.644687534776,175.745087253861,,176.14429117254,175.70939752576,1.60505010420745
Smarch/at91sam7sek.dimacs.nnf,1296,195.681483827997,195.404935960192,195.814698858187,196.237527498975,195.138701072894,195.343344970141,195.602352871094,194.657326846849,194.62362882169,195.52665063506,195.446459223982,195.852186030243,195.357038770802,195.823365005199,195.655636044219,194.931665170938,195.41613433091,195.557719814125,195.933876897208,195.520110012963,196.286945404019,195.615767228883,195.432793577202,195.600800563581,195.639773654286,195.459160421975,195.489100164268,194.721931883134,195.958333910909,194.64369747974,195.116712743882,195.966156877577,195.408416813239,195.781380353961,195.223845523782,194.999305852223,195.753474762663,195.744337211829,194.889146009926,195.494750137907,195.397786004003,196.25069412915,194.697113532573,194.911772209685,195.494649167173,195.415823425166,195.103145242203,195.191811300814,195.260763437022,196.061789344065,,195.45072042061,195.474130293122,0.421280315518935
Smarch/se77x9.dimacs.nnf,1319,198.126742191147,197.741446607281,197.893894197885,197.679103091825,197.653499069158,197.774091170169,197.532418566756,197.43656743085,197.849676516838,197.796946797986,197.235775557347,197.948998404201,197.755981446244,197.176563757937,197.872197682038,197.32045871811,197.484197392128,197.790120982099,198.059743061196,197.828540968709,197.272422958165,197.667762565892,197.741968264803,197.299985236954,205.057519752067,196.549881756771,196.643924704287,197.758507953025,196.858770435676,196.72157372022,196.972534138244,197.352292649914,196.646474095061,196.715763948858,197.021112542134,197.286381728947,196.813876410946,196.714310526848,196.694408789277,196.725799799897,197.48925714707,196.716785056051,196.752011856064,197.351557034068,197.520995160099,197.146490090061,196.85970841581,196.639108147006,196.824568473734,196.876056008041,,197.452975459518,197.336007876089,1.19134781845841
Smarch/m5272c3.dimacs.nnf,1323,180.488703866024,180.70207384089,180.53871869063,180.703963348176,180.411673570052,179.688461713027,180.031081044115,180.954581150785,180.841270713136,180.427169298287,180.922875515651,180.236527418718,180.782016267069,180.366044454742,179.523831107188,180.120735994075,181.279997298028,180.465321567841,180.74213030003,180.790363435168,180.709948758595,180.544156232849,180.879014372826,180.332487408072,181.34038350638,180.706195869017,180.3316745013,180.645633075852,180.134488586336,181.023055783939,180.918140766211,180.896157753188,180.547947010025,181.219090879895,180.509225578047,179.929380347952,180.913913169876,180.656947149895,180.851056498941,178.777039190289,180.965267682914,180.495975743048,180.006604802795,180.074075383134,179.794872152153,179.908197659999,180.615207633004,180.016268555075,187.020893401932,180.72144369781,,180.6300456749,180.581577321514,1.03847596691594
Smarch/phycore229x.dimacs.nnf,1360,221.110524495132,221.625475272071,221.562471990008,221.411208190955,221.729273209814,234.569598664995,220.788679049816,220.996398775838,221.531084507238,221.474490145221,221.843497449998,221.939978208859,221.853393378202,221.76401601918,221.918104161974,222.24454223318,221.962535625324,221.701292331796,221.014450864866,221.506461831741,221.65640173899,221.170717842877,222.338326651137,221.528388681356,222.086762167048,220.405016087927,221.282209256198,220.766622257885,220.374403209891,220.429782606196,220.549186906312,220.983093397226,221.049499548972,220.312789670192,220.458314296789,220.925756978802,220.541375150904,220.34929319378,221.128446369898,221.086381366942,220.736897745635,220.48572580982,220.291638359893,220.710551244672,220.295752989128,223.222543741111,220.434311738703,220.527493758127,220.709802757017,220.423656110652,,221.436172360806,221.098452931037,2.00730094891009
Smarch/freebsd-icse11.dimacs.nnf,1396,402.125570191071,402.066813990939,398.106623523869,397.758275585249,401.083310663234,399.954431259073,402.22516626399,397.858577437699,401.771831681021,402.273629640229,398.425269668922,400.547413351946,400.026263653766,402.706005824264,401.471967503894,400.505618650001,400.128589135129,398.122787269764,400.649193508085,401.68570936285,400.417911700439,400.396598747,401.218654018827,401.305409308989,400.807206723373,401.058785581961,400.838546498213,397.856179120019,398.030868014321,403.2319321502,399.320882954169,399.774746277835,400.326593521051,401.705347951036,401.657783316914,397.849609186873,402.260113642085,400.859868048225,401.336904079188,401.651604346,401.72830652399,402.34421637794,399.647517892066,400.089622439351,399.435460333712,399.645846673753,402.354517596308,402.350876203272,400.996981827077,402.340470589232,,400.646648196168,400.849207273219,1.48200604005749
/CDL/ea2468.dimacs.nnf,1408,54.7785458229482,54.2441782727838,54.5097221368924,54.2882131403312,54.2468544454314,54.1861818418838,54.2260820781812,54.3126065349206,54.4472722210921,54.2330665839836,54.2507810937241,54.3817158881575,54.2931949971244,54.5617592222989,54.3924195002765,54.6163297868334,54.3522946289741,54.64691855805,54.6024437397718,54.835561752785,54.2264565359801,54.3801998770796,54.3134643090889,54.6758502712473,54.7902232590131,55.4873443976976,55.2914498462342,55.0969608300366,55.2270808569156,55.1170029942878,55.1848592748866,55.1513502281159,55.3334282049909,55.2630613879301,55.0253925863653,55.5245233490132,55.373218101915,55.2225786433555,55.3013245612383,55.3259268552065,55.0674829441123,55.1424332857132,55.4718849160709,55.3102019820362,55.2053710930049,55.4401719490997,55.4811075199395,55.2077203667723,55.3530746302567,55.8299908512272,,54.8645455631055,54.9304771695751,0.475789905515198
/KConfig/uClinux-distribution.dimacs.nnf,1580,0.069509075954557,0.070527908392251,0.066956514958292,0.065358810126782,0.075729053001851,0.062194983009249,0.062385757919401,0.061249867081642,0.071860038209707,0.065834420267493,0.059933763928712,0.0653310501948,0.055202210787684,0.061744437087327,0.061718939803541,0.069977945648134,0.065995865035802,0.058230104856193,0.062231226824224,0.06113591697067,0.069884570781142,0.06538693793118,0.065554979257286,0.06699861260131,0.061292590107769,0.065151023678482,0.065221338998526,0.064179692883045,0.065386469941586,0.058900802861899,0.06486921897158,0.064565413631499,0.06581288902089,0.063842440955341,0.059429347049445,0.063652410171926,0.073432857636362,0.060562395956367,0.060551811009646,0.063791288994253,0.060711489990354,0.060304608661682,0.065045651048422,0.061543114017695,0.063368941191584,0.059776184149087,0.05946833640337,0.062543057836592,0.064567515160889,0.062795849051327,,0.064033994600177,0.063816864974797,0.004011305970836
/Smarch/fiasco.dimacs.nnf,1638,0.059925355017185,0.0676469351165,0.062439017929137,0.064315789844841,0.060697366017848,0.062887510750443,0.059509027283639,0.05521956877783,0.060834567062557,0.069876790978015,0.060888092033565,0.071888293139637,0.058527193963528,0.062438524793834,0.056656818371266,0.058336607180536,0.061972544994205,0.059111603070051,0.056991174817085,0.067185072693974,0.059575539082289,0.058344948105514,0.069242523051798,0.069356752093881,0.058680234011263,0.073716799728572,0.057873170822859,0.058830829337239,0.057257295120508,0.060734478291124,0.056541875004768,0.0614049048163,0.064414431806654,0.051832558121532,0.04398388415575,0.046271273866296,0.065938075073063,0.068165736738592,0.06160692172125,0.061149238143116,0.071711407974362,0.058062077034265,0.049466895870864,0.045346905943006,0.060124427080155,0.066693155094981,0.068577091209591,0.057669825851917,0.068955774884671,0.071056370157749,,0.061198665080592,0.060784522676841,0.006692138439295
confidential/automotive05/05.dimacs,1663,,,,,,,,,,,,,,,,,,,,,,,,,,,,,,,,,,,,,,,,,,,,,,,,,,,,0,0,0
/Smarch/uClinux.dimacs.nnf,1850,0.061437907163054,0.068336367607117,0.065038695931435,0.067361267283559,0.061903444118798,0.065552503801882,0.062343250960112,0.059361109975725,0.059070440940559,0.059902620967478,0.058700534980744,0.058236390817911,0.057691906113178,0.073570969048888,0.080796652007848,0.061000583693385,0.061266988050193,0.059984846971929,0.059893391095102,0.068771179765463,0.061923553235829,0.066741219721735,0.063688125927001,0.093087791930884,0.070786481723189,0.075415855739266,0.060789505019784,0.067023234907538,0.061366671230644,0.059536003973335,0.061085700057447,0.05873079225421,0.072890819981694,0.071916579734534,0.063209327869117,0.062301493715495,0.073966029565781,0.064172629266977,0.064286917913705,0.064290622249246,0.083020685706288,0.064362984150648,0.066843010019511,0.062171979807317,0.059175357222557,0.061173729132861,0.060949192848057,0.080204366240651,0.063904648181051,0.059343548957259,,0.06537159819156,0.062776289414615,0.007316162629933
/automotive01/automotive01.dimacs.nnf,2513,2.14834466576576,2.15512412600219,2.1814357698895,2.13571212487295,2.17426292831078,2.12816605577245,2.1773860771209,2.11679938621819,2.16086743492633,2.16104402719066,2.16656543500721,2.1416583461687,2.15760811697692,2.16032028803602,2.15473405318335,2.17271635727957,2.14016084186733,2.1295337639749,2.15640898002312,2.15474693384022,2.1336403270252,2.13828892493621,2.13458431186154,2.13382500689477,2.14235317287967,2.13836726080626,2.14403387997299,2.13868457870558,2.13781080115587,2.13439059630036,2.14600726729259,2.15956965461373,2.1754539841786,2.13118563499302,2.13199487701058,2.15871302271262,2.17932562576607,2.1610077121295,2.17594130709767,2.14102991484106,2.13876424217597,2.15026523312554,2.16107117803767,2.16159219201654,2.14056735718623,2.14109801407903,2.14686551690102,2.1366516109556,2.14091170672327,2.1493153301999,,2.14953811910003,2.1464363920968,0.015462208359349
/confidential/automotive03/automotive03b.dimacs.nnf,4902,0.386142974719405,0.370433433912694,0.310114033985883,0.335030633956194,0.298010691069066,0.336314607411623,0.299893784802407,0.319893362931907,0.339675174094737,0.299915639683604,0.309798086993396,0.300550299696624,0.336636432912201,0.296957303304225,0.331226342823356,0.296792959794402,0.320754117332399,0.29972363403067,0.322439069859684,0.343148183077574,0.30650698300451,0.32652033213526,0.300045859999955,0.2975446106866,0.296387729700655,0.380640442017466,0.404141807928681,0.342418508138508,0.304826031904668,0.356534502003342,0.300177464261651,0.319452784024179,0.300720748957247,0.333513589110225,0.333663685712963,0.302866474725306,0.32110432907939,0.298613013233989,0.315659937914461,0.299878194928169,0.327065207064152,0.346816236618906,0.286064547020942,0.298081065062433,0.316376321949065,0.287904496770352,0.300807595252991,0.334899405948818,0.30081324512139,0.303989721927792,,0.319949712771922,0.312886985950172,0.026175670757854
/confidential/automotive06/automotive06b.dimacs.nnf,5571,0.439015937037766,0.427413199096918,0.36647632997483,0.377870705910027,0.395587191917002,0.342782989144325,0.341894037090242,0.340551194734871,0.378434524871409,0.394931134302169,0.339742257725447,0.36011420795694,0.371941227931529,0.374813781119883,0.340629559010267,0.344854518771172,0.342012356966734,0.388290064409375,0.391861585900187,0.33474523993209,0.339693624060601,0.343105534091592,0.356114300899208,0.355628630146384,0.343360861297697,0.438819062896073,0.406336608808488,0.348588774912059,0.375966666266322,0.375965679064393,0.384072289802134,0.381505219265819,0.396949182264507,0.417599386069924,0.391831748187542,0.388363515026867,0.411050459370017,0.415534730069339,0.417578381951898,0.414094937033951,0.404849149752408,0.446836535353214,0.470562066882849,0.455850217025727,0.393609446939081,0.399238744750619,0.349949459079653,0.336785560008138,0.344980258028954,0.343016176950186,,0.380835985001177,0.378152615390718,0.035483436818822
KConfig/linux-2.6.33.3.dimacs,6467,,,,,,,,,,,,,,,,,,,,,,,,,,,,,,,,,,,,,,,,,,,,,,,,,,,,0,0,0
/Smarch/busybox-1.18.0.dimacs.nnf,6796,0.702595185954124,0.629951036069542,0.597271917853504,0.580380874220282,0.584429022856057,0.627837624866515,0.579852118622512,0.633682991843671,0.621853474993259,0.616800364106894,0.642746303696185,0.593082857318223,0.582264977972955,0.615206658840179,0.618002917151898,0.613175126258284,0.58001668471843,0.624471057206392,0.6226353677921,0.618003445211798,0.606583788059652,0.580506918020546,0.627368819899857,0.617522061802447,0.617982625029981,0.707719563040882,0.584603182040155,0.611100045032799,0.609034918248653,0.58383791288361,0.624214543029666,0.611778628081083,0.583936455659568,0.581189652904868,0.581668958067894,0.585701907984912,0.58488235110417,0.600045633036643,0.598792993929237,0.626604821998626,0.589028913062066,0.602725443895906,0.585262604057789,0.605701742693782,0.583728160709143,0.628584129270166,0.596337936352938,0.583385271020234,0.598926300182939,0.583754140883684,,0.607335408590734,0.604213593294844,0.027155697631736
Smarch/2.6.28.6-icse11.dimacs,6888,,,,,,,,,,,,,,,,,,,,,,,,,,,,,,,,,,,,,,,,,,,,,,,,,,,,0,0,0
/confidential/automotive07/automotive07b.dimacs.nnf,8649,4.81271563097835,4.75458640279248,4.76616656780243,4.75902431923896,4.8056721072644,4.77532918332145,4.79882127093151,5.09504321403801,4.99753378611058,4.846293234732,4.85545309307054,4.80426363879815,4.82858500210568,4.77477522240952,4.78890363499522,4.78047139663249,4.77023670636117,4.82828214298934,4.78059874009341,4.81838500406593,4.76824325602502,4.78559772111476,4.81928154686466,4.79622289212421,4.79269998660311,5.02944809291512,4.80281552206725,4.75073869386688,4.75165742216632,4.75337244803086,4.77963272295892,4.76504929829389,4.76909317402169,4.74433709215373,4.7839997340925,4.74751160107553,4.75398941105232,4.78317973669618,4.78641479182988,4.77499057911336,4.77133937040344,4.94072611071169,4.91025461209938,4.95640784502029,4.90219071181491,4.89932645391673,4.89142773021013,4.88537331391126,4.89731704816222,4.92916637193412,,4.82325891179964,4.79080181079917,0.07913042235515
/Smarch/uClinux-config.dimacs.nnf,11254,1.8604882103391,1.81826210068539,1.79901661770418,1.80987210618332,1.81558584608138,1.76329223206267,1.79547398909926,1.79136253520846,1.75289601320401,1.76083869021386,1.78859501425177,1.81203134916723,1.81961663486436,1.80229107523337,1.76273551397026,1.75053764600307,1.81196863483638,1.76150800101459,1.76617653435096,1.82346832193434,1.80474831396714,1.7693589781411,1.7698784978129,1.78443128429353,1.80242703203112,1.90240111481398,1.8027809150517,1.78616359829903,1.79519492015243,1.80971761513501,1.83601705683395,1.79917840613052,1.77533992379904,1.78557227319106,1.82711625797674,1.79975497722626,1.81988107785583,1.78033418301493,1.77252041967586,1.79476121487096,1.79768143594265,1.80753925116733,1.80368849402294,1.76270861411467,1.79911725409329,1.80586279695854,1.81545864278451,1.76391966501251,1.78866830701008,1.80282344901934,,1.79662126073614,1.79906693589874,0.027586636482799
Smarch/buildroot.dimacs,14910,,,,,,,,,,,,,,,,,,,,,,,,,,,,,,,,,,,,,,,,,,,,,,,,,,,,0,0,0
/automotive02/automotive2_4.dimacs.nnf,18616,5.07622192008421,5.12810135399923,5.08341038785875,5.11221393197775,5.05267357174307,5.09689489006996,5.12279281392694,5.1171585987322,5.09494769992307,5.12731198966503,5.12412418937311,5.10585023183376,5.1334252380766,5.11374015780166,5.09024901594967,5.11069626593962,5.0895615410991,5.09744482580572,5.09553191391751,5.10350098926574,5.11481350613758,5.08343454590067,5.13020583800972,5.08633441431448,5.12878213170916,5.09658408723772,5.1593422582373,5.15045229718089,5.13525766087696,5.10260691866279,5.20872588502243,5.13651878898963,5.15569926425815,5.13818494416773,5.14415740966797,5.17891749320552,5.13025039806962,5.15351648302749,5.12048979988322,5.08402208285406,5.13433816516772,5.08032248402014,5.21336694201455,5.09525381634012,5.1558529343456,5.11180313304067,5.21078865602613,5.09163425909355,5.15178583282977,5.11019372800365,,5.12138975370675,5.11598605243489,0.034388139922211
/Smarch/embtoolkit.dimacs.nnf,23516,21.9462646269239,21.9989254400134,21.9719473789446,22.0474785217084,22.0263487379998,22.0110855773091,21.9796004979871,21.9794642580673,22.020528499037,22.0214834329672,21.9822297091596,22.0107402619906,22.0579670206644,22.0612227329984,21.9772187736817,22.0048924968578,21.9882586887106,21.9534763223492,22.0113539146259,21.9813352869824,21.9858294911683,22.0269691962749,21.9657310559414,21.9716368648224,22.0270334449597,22.0627037151717,22.0491847172379,22.1085450807586,22.0674586198293,22.0833083828911,22.1074660778977,22.0189141053706,22.0759932240471,22.0349805969745,22.1149410549551,22.007229368668,22.0815611360595,22.0435969838873,22.0980130741373,22.0388039792888,22.1272354139946,22.0224226200953,22.1031419439241,22.0649998770095,22.0552338287234,22.1232111239806,22.0957944588736,22.0379230482504,22.1158648929559,22.1585768270306,,22.0381225276832,22.0310070209671,0.051652688077357
Smarch/freetz.dimacs,31012,,,,,,,,,,,,,,,,,,,,,,,,,,,,,,,,,,,,,,,,,,,,,,,,,,,,0,0,0
Smarch/2.6.32-2var.dimacs,60072,,,,,,,,,,,,,,,,,,,,,,,,,,,,,,,,,,,,,,,,,,,,,,,,,,,,0,0,0
Smarch/2.6.33.3-2var.dimacs,62482,,,,,,,,,,,,,,,,,,,,,,,,,,,,,,,,,,,,,,,,,,,,,,,,,,,,0,0,0
