Smarch/LLVM.dimacs,11,0.004265831783414,0.004239492118359,0.004286300390959,0.004286425188184,0.004239434376359,0.004257215186954,0.004221072420478,0.004111232236028,0.004260119050741,0.004256147891283,0.004803644493222,0.004268730059266,0.00426921993494,0.003074018284678,0.003679508343339,0.003629764541984,0.004083855077624,0.004174638539553,0.003593537956476,0.004239616915584,0.004273047670722,0.004121268168092,0.004367303103209,0.004292527213693,0.004318244755268,0.004267575219274,0.004262156784534,0.004230445250869,0.004090139642358,0.004214078187943,0.00354672037065,0.004233067855239,0.00433168001473,0.004316039383411,0.00425448641181,0.004213495180011,0.004230808466673,0.004609862342477,0.004656277596951,0.004283228889108,0.004181625321507,0.004142787307501,0.004092974588275,0.004208395257592,0.004411133006215,0.004335464909673,0.004218511283398,0.00425704754889,0.004386257380247,0.004298036918044
Smarch/X264.dimacs,16,0.004571074619889,0.004290428012609,0.004773415625095,0.00435352884233,0.00442105717957,0.004437871277332,0.004452675580978,0.00443340651691,0.004421064630151,0.0043471660465,0.00440133176744,0.004193814471364,0.004401437938213,0.003661651164293,0.004046261310577,0.004166467115283,0.004408655688167,0.004153214395046,0.004709087312222,0.004433702677488,0.003671227023005,0.004434807226062,0.004255890846252,0.004454931244254,0.003745656460524,0.004341095685959,0.004263611510396,0.004487322643399,0.004432832822204,0.004325626417995,0.004448346793652,0.004308870062232,0.004292013123631,0.004316924139857,0.00445419549942,0.00421336106956,0.004750583320856,0.004466267302632,0.004319075495005,0.004292724654078,0.004372527822852,0.004381194710732,0.004403129220009,0.004476975649595,0.004373731091619,0.004537180066109,0.004338385537267,0.004438443109393,0.004266103729606,0.004565849900246
Smarch/Dune.dimacs,17,0.004716604948044,0.00469926558435,0.004704374819994,0.004545787349343,0.004630513489246,0.004118168726563,0.004353456199169,0.004659792408347,0.004588866606355,0.004622288048267,0.004695532843471,0.004868056625128,0.005257997661829,0.004949122667313,0.004741787910461,0.004632189869881,0.004738960415125,0.004693003371358,0.004620729014277,0.004932099953294,0.004723537713289,0.004674039781094,0.004621895030141,0.004609679803252,0.004658799618483,0.004628168419003,0.004665683954954,0.004657423123717,0.004680056124926,0.004835078492761,0.004940515384078,0.004890508949757,0.004792017862201,0.00488480553031,0.004601657390594,0.004642335698009,0.004602763801813,0.004609314724803,0.004590526223183,0.004655124619603,0.004663681611419,0.004842767491937,0.004761869087815,0.004742039367557,0.004841299727559,0.004938170313835,0.00470650754869,0.004649080336094,0.004716163501143,0.004650712013245
Smarch/BerkeleyDBC.dimacs,18,0.004191430285573,0.004583921283484,0.004906205460429,0.004552876576781,0.004398128017783,0.004513215273619,0.004471212625504,0.004506660625339,0.004577349871397,0.004458943381906,0.004492057487369,0.004557013511658,0.004909854382277,0.004590965807438,0.004547696560621,0.004486199468374,0.004515079781413,0.004510534927249,0.004519544541836,0.004540394991636,0.004567630589008,0.004643093794584,0.004892557859421,0.004700791090727,0.004573231562972,0.004539303481579,0.00444240309298,0.004413841292262,0.004518687725067,0.004467811435461,0.004484897479415,0.004492158070207,0.004519047215581,0.004783168435097,0.004765355959535,0.004472091794014,0.004569137468934,0.004523543640971,0.004469767212868,0.004465088248253,0.004551611840725,0.004539877176285,0.004471527412534,0.004515809938312,0.004540344700217,0.004482360556722,0.004840519279242,0.004684705287218,0.004717227071524,0.004570290446281
Smarch/lrzip.dimacs,20,0.004927372559905,0.005045277997851,0.003575989976525,0.004273375496268,0.004781227558851,0.004567576572299,0.00450055859983,0.004468413069844,0.004774143919349,0.004421697929502,0.004788365215063,0.004750289022923,0.004792548716068,0.004688821732998,0.004587788134813,0.004567712545395,0.003841845318675,0.0039077475667,0.004466632381082,0.004713486880064,0.003882838413119,0.004409965127707,0.004705045372248,0.004484318196774,0.004644839093089,0.004526747390628,0.004177324473858,0.004579640924931,0.004694864153862,0.004745723679662,0.005055086687207,0.004657126963139,0.004690302535892,0.004438186064363,0.004071736708283,0.004119521006942,0.004596035927534,0.004160707816482,0.004145024344325,0.004597952589393,0.004457678645849,0.003352476283908,0.004358436912298,0.005012968555093,0.004706365987659,0.004614755511284,0.00470507517457,0.004664374515414,0.004682563245296,0.004766959697008
Smarch/HiPAcc.dimacs,31,0.00555095821619,0.005320589989424,0.00510747730732,0.005522266030312,0.005147790536284,0.004926450550556,0.004549864679575,0.005432548001409,0.005560342222452,0.005092384293675,0.005541037768126,0.005803946405649,0.005261834710836,0.005380745977163,0.005110591650009,0.005306746810675,0.005375452339649,0.005287496373057,0.005323149263859,0.005513928830624,0.005145443603396,0.0053636636585,0.005096789449453,0.005142100155354,0.00513993948698,0.005383657291532,0.005439329892397,0.00495170801878,0.0052545722574,0.005652824416757,0.005984056740999,0.005444463342428,0.005199540406466,0.004542963579297,0.004947492852807,0.005225418135524,0.005485344678164,0.005244929343462,0.005031928420067,0.005461893975735,0.005267756059766,0.005412347614765,0.005397664383054,0.005372904241085,0.005447959527373,0.005436802282929,0.005581900477409,0.005483807995915,0.005405642092228,0.00519884377718
Smarch/JavaGC.dimacs,39,0.005148347467184,0.005026917904615,0.004398081451654,0.004719063639641,0.004984516650438,0.005065146833658,0.005048314109445,0.004924699664116,0.004756400361657,0.004977514967322,0.004931978881359,0.004614295437932,0.004597464576364,0.005143051967025,0.005321187898517,0.004997480660677,0.004618935286999,0.004919556900859,0.00500014051795,0.004808433353901,0.004670668393373,0.004728568717837,0.004967367276549,0.005091544240713,0.00514992326498,0.005274422466755,0.004921272397041,0.004916297271848,0.004968035966158,0.004878029227257,0.004792900756001,0.005451057106256,0.004915244877338,0.004909301176667,0.005043325945735,0.004894906654954,0.005010003224015,0.00542832352221,0.005004398524761,0.004879487678409,0.004980850964785,0.004937402904034,0.004935160279274,0.004945436492562,0.004784541204572,0.005201464518905,0.005036545917392,0.004823554307222,0.004713358357549,0.00487151555717
Smarch/Polly.dimacs,40,0.00491981767118,0.004816005006433,0.004905477166176,0.004991250112653,0.004816465079784,0.004828179255128,0.004997810348868,0.004892161116004,0.004933252930641,0.004782361909747,0.00505038164556,0.0049396622926,0.00506516546011,0.004874112084508,0.004898665472865,0.004935313016176,0.004903897643089,0.004913862794638,0.004891064018011,0.004941700026393,0.004876460880041,0.005096346139908,0.005168745294213,0.004629699513316,0.004683984443545,0.004851907491684,0.004848225042224,0.004906233400106,0.005038632079959,0.005006432533264,0.004920642822981,0.004922451451421,0.004944335669279,0.004751896485686,0.004860332235694,0.005216432735324,0.005219301208854,0.005057977512479,0.004508474841714,0.004802735522389,0.004915742203593,0.004901994019747,0.005370957776904,0.005130657926202,0.004774603992701,0.004739096388221,0.004882249981165,0.005317742004991,0.005111878737807,0.004935126751661
Smarch/VP9.dimacs,42,0.004949904978275,0.004828611388803,0.004906652495265,0.004932967945933,0.004773924127221,0.004716634750366,0.004602640867233,0.004945943132043,0.00485816039145,0.004905330017209,0.005114452913404,0.00525926053524,0.004905510693789,0.005066545680165,0.004923580214381,0.004862995818257,0.004917582497001,0.004935875535011,0.004856111481786,0.004919663071632,0.004913611337543,0.004921911284328,0.00475300848484,0.005027901381254,0.005380939692259,0.005011543631554,0.004951819777489,0.004883199930191,0.004977386444807,0.003404758870602,0.003516517579556,0.003703005611897,0.004863476380706,0.004073146730661,0.004269614815712,0.004189133644104,0.004920789971948,0.004609817638993,0.005043189972639,0.004754077643156,0.004923800006509,0.004903465509415,0.004406973719597,0.004980748519301,0.004925552755594,0.004834806546569,0.004736877977848,0.004661144688725,0.004907647147775,0.004979141056538
Smarch/7z.dimacs,44,0.005054172128439,0.004451364278793,0.00471699424088,0.005709830671549,0.004854643717408,0.005637746304274,0.005103906616569,0.005323547869921,0.005200760439038,0.0053890645504,0.005476018413901,0.005333667621017,0.005252804607153,0.00506516546011,0.005707113072276,0.005175244063139,0.004583524540067,0.004827965050936,0.005984535440803,0.005417758598924,0.005275899544358,0.005315551534295,0.005270648747683,0.004847647622228,0.005223881453276,0.005505608394742,0.005222914740443,0.004890616983175,0.005165483802557,0.005439100787044,0.005445796996355,0.005818529054523,0.005470331758261,0.004646334797144,0.004683714359999,0.005046674981713,0.004993788897991,0.005543315783143,0.005422851070762,0.005528967827559,0.0053316578269,0.005568150430918,0.005427168682218,0.005353340879083,0.005384489893913,0.004871590062976,0.005338441580534,0.004975659772754,0.005348911508918,0.005463076755404
Smarch/JHipster.dimacs,45,0.005143104121089,0.005536051467061,0.004989398643374,0.00558584369719,0.005420533940196,0.005607388913631,0.00553535297513,0.005392076447606,0.005631234496832,0.005276529118419,0.00543736666441,0.005533909425139,0.005508709698915,0.005829812958837,0.00583304464817,0.004612619057298,0.005565932020545,0.005220977589488,0.005811136215925,0.005547270178795,0.005253234878182,0.005245316773653,0.005088703706861,0.005591249093413,0.005177630111575,0.005753464996815,0.006041262298822,0.005666680634022,0.005921676754951,0.005379749462008,0.004862990230322,0.005407644435763,0.00533920712769,0.005132367834449,0.00557954236865,0.005618333816528,0.005350338295102,0.00500494427979,0.005858652293682,0.005827825516462,0.005781970918179,0.005582185462117,0.005667988210917,0.005445504561067,0.005327515304089,0.004825899377465,0.005435474216938,0.005300963297486,0.00529296323657,0.005598090589046
featureide_examples/berkeleydb.dimacs,76,0.014717854559422,0.006688268855214,0.00764699652791,0.007382800802588,0.007311342284083,0.007267367094755,0.007182996720076,0.007059931755066,0.006712432950735,0.006680926308036,0.005616651847959,0.005327312275767,0.0071753077209,0.007172802463174,0.007654756307602,0.007449507713318,0.007734004408121,0.005280325189233,0.007727392017841,0.006223384290934,0.007379025220871,0.007086062803864,0.007248161360621,0.005761925131083,0.006698792800307,0.00722773373127,0.007295154035091,0.005881261080503,0.006398806348443,0.007426053285599,0.006474563851953,0.007513727992773,0.007092740386724,0.005779126659036,0.006409633904696,0.006357720121741,0.007302563637495,0.007674187421799,0.007346078753471,0.007581990212202,0.005734825506806,0.006382845342159,0.006450887769461,0.006354054436088,0.007741969078779,0.006557609885931,0.006373146548867,0.006663993000984,0.006740506738424,0.007252629846334
Smarch/axtls_2_1_4.dimacs,94,0.00616062246263,0.006491569802165,0.007138447836041,0.0071786865592,0.008240543305874,0.007987113669515,0.006222875788808,0.006332663819194,0.008315335959196,0.007720824331045,0.007034448906779,0.007976172491908,0.007317159324884,0.00790492258966,0.00783016718924,0.007738145068288,0.008357709273696,0.007058108225465,0.008255500346422,0.007266420871019,0.006846772506833,0.007000280544162,0.007908808067441,0.007806027308106,0.007819341495633,0.008321857079864,0.008135808631778,0.008544182404876,0.007649406790733,0.007071016356349,0.008015131577849,0.006939271464944,0.00790736451745,0.006276478990912,0.007990993559361,0.007882574573159,0.007096091285348,0.006610188633204,0.007183860987425,0.007148448377848,0.008188314735889,0.007119230926037,0.008156968280673,0.007322032004595,0.006255494430661,0.006324220448732,0.008051618933678,0.008023293688893,0.008173236623406,0.008167261257768
KConfig/axTLS.dimacs,96,0.006018741056323,0.006219698116183,0.005871117115021,0.006008250638843,0.005970967933536,0.005638711154461,0.005190903320909,0.004972403869033,0.005421448498964,0.005349716171622,0.003455011174083,0.003274103626609,0.003460073843598,0.003466818481684,0.003491191193461,0.005260998383164,0.005341121926904,0.004331063479185,0.005658525973558,0.004792284220457,0.005424674600363,0.005143254995346,0.005271922796965,0.005894411355257,0.004352066665888,0.005566438660026,0.005030455067754,0.005065143108368,0.005027923732996,0.005100419744849,0.004951473325491,0.005119694396853,0.004883367568254,0.005448954179883,0.005488650873303,0.005324522033334,0.005538897588849,0.005482720211148,0.005551738664508,0.005169006064534,0.004702864214778,0.004967732354999,0.005505511537194,0.004830736666918,0.006054434925318,0.005999904125929,0.005729855969548,0.005656246095896,0.005688171833754,0.005645867437124
Smarch/fiasco_17_10.dimacs,234,0.024823315441609,0.023981917649508,0.023739039897919,0.027299309149385,0.022839175537229,0.022069348022342,0.023181242868304,0.023416453972459,0.02454985678196,0.028267113491893,0.024544578045607,0.023113552480936,0.026209007948637,0.028750481083989,0.023567412048578,0.023606007918716,0.026176959276199,0.029783207923174,0.028158744797111,0.025320654734969,0.022264808416367,0.023390632122755,0.024565268307924,0.024097125977278,0.025865064933896,0.023219725117087,0.022754544392228,0.023592352867127,0.024260640144348,0.022211095318198,0.024169147014618,0.024036971852183,0.028993720188737,0.023517848923802,0.022034354507923,0.023933431133628,0.022405426949263,0.024208322167397,0.023317940533161,0.020701652392745,0.024518623948097,0.02377711981535,0.026081208139658,0.031007613986731,0.029987515881658,0.024671364575625,0.023359023034573,0.024304043501616,0.028268309310079,0.024207875132561
Smarch/uClibc-ng_1_0_29.dimacs,269,0.023638851940632,0.024749988690019,0.023815406486392,0.020980060100556,0.022336350753903,0.02299627661705,0.025107473134995,0.026708135381341,0.024836568161845,0.023992067202926,0.02616224065423,0.025679353624582,0.022937275469303,0.022932194173336,0.023014310747385,0.020774664357305,0.023165935650468,0.0245141685009,0.031561428681016,0.026498287916184,0.024859314784408,0.029408875852823,0.028665529564023,0.026629747822881,0.022728787735105,0.023097082972527,0.024500014260411,0.025888066738844,0.023458432406187,0.021940462291241,0.022771194577217,0.024153120815754,0.02290403097868,0.02380833029747,0.024431400001049,0.025257226079702,0.02462144009769,0.026246085762978,0.02487132884562,0.02233212813735,0.023402052000165,0.023843679577112,0.023415360599756,0.031287916004658,0.030200120061636,0.026670398190618,0.029196059331298,0.023221371695399,0.026151249185205,0.026023965328932
KConfig/uClibc.dimacs,313,0.031251650303602,0.031612768769264,0.032037263736129,0.030629850924015,0.034422937780619,0.032624473795295,0.035122714936733,0.032716237008572,0.034960495308042,0.032506635412574,0.029942590743303,0.030168602243066,0.034325506538153,0.032437779009342,0.034893987700343,0.031438941136003,0.028461767360568,0.03156734071672,0.034649204462767,0.032741824164987,0.035835221409798,0.032821794971824,0.038434356451035,0.03704047948122,0.034408494830132,0.033734153956175,0.03086194396019,0.03167118690908,0.032857170328498,0.033192895352841,0.031250236555934,0.029129831120372,0.02845236286521,0.031429212540388,0.033045401796699,0.031742034479976,0.035886600613594,0.03343652561307,0.0347969699651,0.033445160835981,0.036026816815138,0.032802894711495,0.035263393074274,0.030635479837656,0.02833472751081,0.032258599996567,0.035173991695047,0.031510509550572,0.032444622367621,0.028573773801327
Smarch/toybox_0_7_5.dimacs,316,0.011001866310835,0.009062822908163,0.010270705446601,0.008748272433877,0.009205110371113,0.008401239290833,0.010808970779181,0.010095480829477,0.009866731241345,0.011286737397313,0.01020267419517,0.009883221238852,0.009861620143056,0.010594611987472,0.011823702603579,0.010591220110655,0.010957987979055,0.009274879470468,0.010570093989372,0.00918067060411,0.010757191106677,0.008098352700472,0.009798569604754,0.011953914538026,0.010439841076732,0.010863456875086,0.010059300810099,0.010425627231598,0.009096503257751,0.010404104366899,0.008943762630224,0.010245747864246,0.009473176673055,0.012366699054837,0.01137706451118,0.009891983121634,0.010261276736856,0.009055752307177,0.012170687317848,0.011167718097568,0.01003740914166,0.010570799931884,0.008244076743722,0.00880366563797,0.012017345055938,0.011057445779443,0.01060644723475,0.010304633527994,0.00937931239605,0.01038458570838
KConfig/uClinux-base.dimacs,380,0.024196894839406,0.025096161291003,0.025850472971797,0.026943376287818,0.025260675698519,0.026413960382342,0.02644975297153,0.0260124001652,0.025044146925211,0.022695634514093,0.024085287004709,0.023360282182694,0.021786671131849,0.024240151047707,0.024637317284942,0.02229481190443,0.022800035774708,0.025600928813219,0.024764221161604,0.023001447319985,0.023289063945413,0.025372713804245,0.023407684639096,0.024378361180425,0.023270724341273,0.026255561038852,0.023554593324661,0.022627426311374,0.026661409065127,0.026842659339309,0.025283886119723,0.025817340239883,0.022400004789233,0.025199132040143,0.025850288569927,0.028301533311606,0.025461178272963,0.028506657108665,0.025200046598911,0.024691071361303,0.02460391074419,0.02448664791882,0.023340241983533,0.02660614438355,0.02795902453363,0.028848342597485,0.025231713429093,0.027786375954747,0.0251659527421,0.029002359136939
confidential/automotive03/automotive03a.dimacs,384,0.011452175676823,0.01456705108285,0.011146243661642,0.01238932274282,0.016256865113974,0.015167044475675,0.012057356536388,0.014669688418508,0.014206822961569,0.013282611966133,0.013685874640942,0.014412615448237,0.010253189131618,0.01130629889667,0.014307571575046,0.013117663562298,0.014022815972567,0.010980546474457,0.011284498497844,0.014652499929071,0.015657944604755,0.0135558526963,0.014391208067536,0.01282811164856,0.013118347153068,0.012478414922953,0.010812221094966,0.014481533318758,0.015273232012987,0.011392375454307,0.011553248390555,0.013322481885552,0.012324759736657,0.016015987843275,0.013645948842168,0.01221458055079,0.011549832299352,0.01305671222508,0.013430004939437,0.011795420199633,0.011524962261319,0.01448362134397,0.013421904295683,0.011173199862242,0.013956436887384,0.0135637819767,0.013985391706228,0.012189643457532,0.016069391742349,0.014831436797977
confidential/automotive06/automotive06a.dimacs,449,0.015998229384422,0.013562804087997,0.012791832908988,0.018009524792433,0.016797613352537,0.012020180001855,0.015873080119491,0.015055745840073,0.011651188135147,0.015659412369132,0.014412714168429,0.012636600062251,0.011405659839511,0.018605917692185,0.016581201925874,0.014314481988549,0.012141956016421,0.013433866202831,0.01527701318264,0.014870028942824,0.012584840878844,0.015177324414253,0.0152408182621,0.012559168040753,0.015999527648091,0.015498114749789,0.018757496029139,0.011544285342097,0.017661854624748,0.015301579609513,0.018416650593281,0.016756663098931,0.013784021139145,0.01432797126472,0.011892909184098,0.015275359153748,0.017702162265778,0.016664871945977,0.018585661426187,0.011255621910095,0.016176367178559,0.015524482354522,0.013255683705211,0.015371691435576,0.010967027395964,0.015897953882814,0.015233878046274,0.01147036999464,0.015974527224898,0.014695795252919
confidential/automotive04/04.dimacs,531,0.037525968626142,0.033247100189328,0.033088032156229,0.033111492171884,0.034050276502967,0.03335121460259,0.032534465193749,0.034019278362393,0.038081180304289,0.035918388515711,0.03580061532557,0.04187598079443,0.036931909620762,0.035982869565487,0.034055560827255,0.042467163875699,0.042902121320367,0.040621235966683,0.035898581147194,0.0399085637182,0.043641807511449,0.043215371668339,0.042109504342079,0.036041455343366,0.042183369398117,0.036675224080682,0.03574600443244,0.03866096958518,0.037811504676938,0.041157305240631,0.035675851628184,0.035270573571324,0.035126708447933,0.039401242509484,0.037879519164562,0.040065037086606,0.038336569443345,0.037941236048937,0.03698649816215,0.033952791243792,0.035608325153589,0.037409903481603,0.037917787209153,0.03731831535697,0.037752937525511,0.038680100813508,0.037737924605608,0.037681786343455,0.035190695896745,0.039777340367437
Smarch/toybox.dimacs,544,0.011555483564735,0.009126082062721,0.011929824948311,0.01213239133358,0.012186236679554,0.01210118457675,0.01117342710495,0.011423332616687,0.01195702701807,0.010202309116721,0.009193288162351,0.011654555797577,0.010481277480722,0.010990409180522,0.011764911934733,0.011217717081308,0.009087866172194,0.009180249646306,0.008105274289846,0.009643400087953,0.009608959779143,0.008990567177534,0.010378647595644,0.010413577780128,0.012345958501101,0.010246163234115,0.010313082486391,0.009011518210173,0.011352863162756,0.010197285562754,0.009789751842618,0.01158232241869,0.011429976671934,0.008974047377706,0.010082608088851,0.011382983997464,0.010702474042773,0.008686397224665,0.009901067242026,0.010091191157699,0.00980518758297,0.009741246700287,0.010857133194804,0.009035041555762,0.009792886674404,0.011475579813123,0.010742893442512,0.01105491258204,0.009013552218676,0.011959422379732
confidential/automotive07/automotive07a.dimacs,581,0.110645726323128,0.113713609054685,0.13017138838768,0.129309061914682,0.12623355537653,0.134343570098281,0.127636799588799,0.127892136573792,0.131014171987772,0.129342418164015,0.130967142060399,0.129852401092649,0.129607679322362,0.120689548552036,0.125789264217019,0.130131237208843,0.13061504624784,0.127613477408886,0.121873952448368,0.126716526225209,0.121200928464532,0.127778541296721,0.128093834966421,0.126361142843962,0.129844138398767,0.127213969826698,0.121728667989373,0.126259688287973,0.121487960219383,0.127485936507583,0.126399168744683,0.128062598407269,0.110585011541843,0.128394534811378,0.125251622870564,0.130557233467698,0.128876773640513,0.131205938756466,0.128295730799437,0.129975831136107,0.130791889503598,0.127958307042718,0.128714228048921,0.127514565363526,0.127558130770922,0.128339635208249,0.118821254000068,0.126276696100831,0.134536515921354,0.125618392601609
confidential/automotive03/03.dimacs,588,0.049415498971939,0.040152793750167,0.050361875444651,0.043752137571573,0.044112056493759,0.039141779765487,0.047239253297448,0.04652857221663,0.04429061897099,0.045313561335206,0.045911928638816,0.044706109911203,0.046330953016877,0.050046363845468,0.051249412819743,0.04845267161727,0.054373271763325,0.052681894972921,0.051673378795385,0.052154706791043,0.05078255943954,0.05203233845532,0.051467090845108,0.051563464105129,0.053035894408822,0.051678825169802,0.052869683131576,0.055137433111668,0.052827287465334,0.050308862701058,0.05407677590847,0.050696736201644,0.053698586300016,0.05098083242774,0.050234124064446,0.052416672930122,0.054884150624275,0.057131098583341,0.055990589782596,0.053928151726723,0.053096508607268,0.052724678069353,0.053370596840978,0.055102631449699,0.051392130553722,0.0516023542732,0.052210513502359,0.055138170719147,0.053187273442745,0.052137972787023
Smarch/axTLS.dimacs,684,0.018371194601059,0.017843002453446,0.020306160673499,0.017027620226145,0.020274071022868,0.020372906699777,0.020059339702129,0.016055222600699,0.023229660466313,0.019782541319728,0.024345831945539,0.022096542641521,0.023546865209937,0.016141755506396,0.020707882940769,0.021571582183242,0.019827092066407,0.020672200247645,0.020207131281495,0.021838484331966,0.015580782666802,0.016545906662941,0.020759223029018,0.017349418252707,0.017075853422284,0.018647089600563,0.015069223940373,0.019398991018534,0.020052565261722,0.020491881296039,0.019302697852254,0.017364166676998,0.013820143416524,0.01436815969646,0.014947379007936,0.017077432945371,0.021821999922395,0.019327092915773,0.018428942188621,0.019502833485603,0.01922264136374,0.016183709725738,0.018091313540936,0.017027623951435,0.018452851101756,0.020031072199345,0.019829237833619,0.021007223054767,0.02045352011919,0.016436293721199
financial_services/financialServices_2018-05-09.dimacs,771,0.230236694216728,0.277321599423885,0.2806377094239,0.271913906559348,0.228795398026705,0.231094565242529,0.226593444123864,0.231008948758244,0.229695208370686,0.225166849792004,0.225709239020944,0.224712263792753,0.224269272759557,0.231439311057329,0.264976618811488,0.297570655122399,0.290842453017831,0.281053671613336,0.250172324478626,0.25457370467484,0.264763010665774,0.259762456640601,0.263395305722952,0.262214563786983,0.275036759674549,0.274521386250854,0.219417119398713,0.231029270216823,0.229533579200506,0.232270089909434,0.228238051757216,0.227454036474228,0.23121465742588,0.217554410919547,0.229219118133187,0.233592888340354,0.233235593885183,0.230748372152448,0.228524208068848,0.213681485503912,0.227683521807194,0.218396071344614,0.226820001378655,0.230512643232942,0.231595968827605,0.228281501680613,0.225783586502075,0.22693676687777,0.236678835004568,0.227290252223611
KConfig/busybox-1.18.0.dimacs,854,0.03259064629674,0.030479302629829,0.025226332247257,0.029613696038723,0.027990002185106,0.026768503710628,0.028018491342664,0.027780702337623,0.028299817815423,0.030686067417264,0.029647432267666,0.025203729048371,0.026907125487924,0.026130400598049,0.027897452935577,0.0285599604249,0.029763435944915,0.029228515923023,0.02709667570889,0.028401913121343,0.026917058974505,0.028875341638923,0.026881776750088,0.026961922645569,0.027499606832862,0.029162866994739,0.026905534788966,0.032174419611693,0.027434285730124,0.027782756835222,0.026902187615633,0.028317127376795,0.026827642694116,0.024673236534,0.026810474693775,0.026836017146707,0.026200912892819,0.028661450371146,0.025964481756091,0.027601715177298,0.024123799055815,0.029360147193074,0.028596848249436,0.026158779859543,0.028070462867618,0.028708564117551,0.029757214710116,0.031990820541978,0.025685565546155,0.026176352053881
Smarch/busybox_1_28_0.dimacs,998,0.080485567450523,0.079460510984063,0.080287098884583,0.074658924713731,0.082592265680432,0.081232769414783,0.08487649448216,0.077650273218751,0.07913919351995,0.071563171222806,0.08162097632885,0.084217375144363,0.081587623804808,0.082960674539208,0.07830622792244,0.074286432936788,0.081946924328804,0.087922036647797,0.093580484390259,0.09760932251811,0.097877392545343,0.09274441190064,0.094215223565698,0.093741552904248,0.094107028096914,0.094344584271312,0.093341574072838,0.095525901764631,0.093499848619104,0.094229336827993,0.093498343601823,0.098087524995208,0.094746394082904,0.0940758343786,0.094170462340117,0.093939399346709,0.091157112270594,0.098180064931512,0.098234720528126,0.097103355452418,0.094332851469517,0.093534052371979,0.090743344277144,0.093660296872258,0.091611409559846,0.096416031941772,0.091972511261702,0.0955017991364,0.095559719949961,0.094890559092164
CDL/am31_sim.dimacs,1178,4.03157158754766,3.99180269986391,3.99423081241548,3.97903300076723,3.97235390730202,4.10545919276774,4.09841676801443,4.16695035248995,4.09635349176824,4.48962818086147,4.47413614392281,4.45316444523633,4.20980147458613,4.5235080588609,4.47571831196547,4.47545503638685,4.12490472011268,4.13492616638541,4.22944264486432,4.06964409910142,4.31179713644087,4.25479406677187,4.06112522259355,4.69935801438987,4.60375680588186,4.6172556374222,4.64808139018714,4.60048866830766,4.61391874030232,4.60991405323148,4.63318722136319,4.60418079979718,4.79659899324179,4.64410956390202,4.70059728249908,4.60667000152171,4.65931087546051,4.60510498471558,4.63078868016601,4.64321544766426,4.69614035636187,4.62462949380279,4.63673759438098,4.62838421948254,4.69510103017092,4.7212171908468,4.60431705415249,4.61856608279049,4.63135668635368,4.61251258850098
KConfig/embtoolkit.dimacs,1179,0.046879718080163,0.048192515969277,0.048165062442422,0.044920708984137,0.047780120745301,0.049402443692088,0.050458692014217,0.04837403818965,0.046343034133315,0.046129990369082,0.045780615881085,0.044772207736969,0.045390641316772,0.049661081284285,0.049303570762277,0.045290833339095,0.048850411549211,0.049459874629974,0.046103354543448,0.045605584979057,0.049687918275595,0.049322983250022,0.048814238980413,0.049672618508339,0.047078454867005,0.049566911533475,0.047593524679542,0.04322330839932,0.046328788623214,0.050228020176292,0.047002095729113,0.044491391628981,0.048794282600284,0.050146909430623,0.045413522049785,0.045104397460818,0.04845910333097,0.04758994653821,0.046549532562494,0.048192113637924,0.04446673579514,0.046172542497516,0.048501923680306,0.047002289444208,0.046303076669574,0.045988162979484,0.045150239020586,0.047252656891942,0.049271706491709,0.048500845208764
Smarch/ref4955.dimacs,1218,39.2584975901991,39.3912218883634,39.5573326833546,38.8507986869663,37.7235204093158,37.7686559166759,37.6489884108305,37.7474753241986,37.8920011799782,37.6520854812115,37.7443447280675,37.9501253031194,37.7856562603265,37.6320096999407,37.8836386036128,37.5915676802397,37.9711259882897,39.6394441053271,39.8887556530535,39.5287613794208,39.3913594074547,39.5401689223945,38.7489612139761,37.5586163979024,37.6831064224243,37.7422278951853,37.5574384275824,37.6921849735081,37.7809717077762,37.6735439728945,37.6002514716238,37.6533349845558,37.5519771184772,37.7210616916418,37.5277688633651,37.6253269203007,37.5519374925643,37.6035300604999,37.5984014552087,37.5022442620248,37.6381893977523,37.6016228478402,37.7257745023817,37.7097951602191,37.7408074792474,37.5985905285925,37.5994553733617,37.5750926677138,37.6714795231819,37.7311346270144
Smarch/ecos-icse11.dimacs,1244,15.5347142666578,15.4466244503856,15.4555925279856,15.3635146133602,15.3697959277779,15.3305750247091,15.836514769122,16.4727647975087,16.5378688685596,16.628658823669,16.624868195504,16.5880631525069,16.5217979121953,16.4313760641962,16.4380435291678,16.5076024513692,16.5320684835315,16.5806760881096,16.5296586938202,16.4388220142573,16.4780016280711,16.4515953324735,16.626936448738,16.5505023933947,16.4726585131139,16.4380493815988,16.4785311128944,16.409877313301,16.5583044160157,16.5691482964903,16.4895733650774,16.3942347764969,16.4505393877625,16.37066196464,16.5744319129735,16.6256891600788,16.5009027365595,16.477777434513,16.5058932416141,16.5262442268431,16.4932569880039,16.1488902214915,15.8751953076571,16.4440726134926,16.436632251367,16.3042260762304,16.6076006107032,16.4054169915617,16.3819341156632,16.4993582814932
Smarch/pati.dimacs,1248,18.2740215882659,18.4484819881618,18.1744367983192,18.4730097707361,18.1745786499232,18.4511099327356,18.2689166422933,18.2316889669746,18.4817263521254,18.1358149629086,18.5301204118878,18.1683354154229,18.4131914749742,18.2599449381232,18.3101351000369,18.4987787157297,18.169163774699,18.4535837844014,18.3799417763948,18.5188114158809,18.1501717809588,18.3500794693828,18.3233115989715,18.1380631010979,18.5079167112708,18.1454613767564,18.5527840238065,18.183815561235,18.5396833792329,18.1597325764596,18.5051228068769,18.2236447874457,18.4813258405775,18.1680082939565,18.4653819352388,18.1424199156463,18.5201414227486,18.1597728803754,18.4055456668139,18.2738206088543,18.4017104953527,18.289069192484,18.3911605030298,18.4358833767474,18.3095391616225,18.3624083288014,18.2736218441278,18.5552355051041,18.3392908275127,18.3877698313445
CDL/p2106.dimacs,1262,11.5287416279316,11.5718658082187,11.6138931866735,11.6569291297346,11.6214289143682,11.5743761360645,11.6367346141487,11.5790823400021,11.6283512283117,11.7765123080462,11.6811926402152,11.6893006749451,11.6800453159958,11.6868583373725,11.680542094633,11.7097840514034,11.7551975492388,11.7046693004668,11.696319276467,11.6513971760869,11.6865276582539,11.6172042638063,11.6440304592252,11.5998606011271,11.6272155288607,11.6568364650011,11.6239870041609,11.4856747798622,11.5839719362557,11.5403597410768,11.5493699181825,11.4828445017338,11.6523681841791,11.3670225478709,11.5211668051779,11.7531978674233,11.3961074985564,11.7725047320128,11.4087423123419,11.7182893771678,11.4023619983345,11.6998115032911,11.3786325510591,11.7041385509074,11.4458383657038,11.7394382320344,11.4436160847545,11.6534810513258,11.4774638433009,11.6695574969053
Smarch/integrator_arm9.dimacs,1267,8.58424402400851,8.43330949917436,8.6200157199055,8.37652994692326,8.58082038536668,8.28737466782331,8.59556102752686,8.52635908313096,8.61014420725405,8.59027263522148,8.39694957993925,8.55536585859954,8.28524059429765,8.59482711181045,8.27599460072815,8.60347071476281,8.51857105270028,8.48743291199207,8.53368275426328,8.3689156267792,8.58878689259291,8.30806193873286,8.58452272042632,8.34167085215449,8.59574827551842,8.53272102400661,8.4547669403255,8.52581684291363,8.287373483181,8.58566007763147,8.27910776808858,8.66436745412648,8.42964689992368,8.62601792439818,8.50667951442301,8.40784503519535,8.6157168596983,8.28369917906821,8.59129688888788,8.22538825310767,8.53484887257218,8.47522812336683,8.46030642837286,8.52280816808343,8.27663360908628,8.52952452376485,8.24599706381559,8.57067180424929,8.91838018782437,8.51245388761163
Smarch/olpce2294.dimacs,1274,23.7157907113433,23.6751099303365,23.9729079920799,23.9402165357023,23.6675665639341,23.6638456303626,23.8002707045525,23.6327273938805,23.6784096900374,23.631550129503,23.7699052561074,23.6513151340187,23.6111270561814,24.0672344919294,23.9776107445359,23.5743993166834,23.735672172159,23.845991987735,23.8513874281198,23.6504160389304,23.7029183935374,23.8326257932931,23.819713383913,23.8201751857996,23.6911005415022,23.7708053272218,23.7066394966096,23.642476869747,23.5685748718679,23.923396660015,23.6436763312668,23.7345398962498,23.6740491781384,23.7733913045377,23.7475514523685,23.6732342876494,23.8601725026965,23.7931155953556,23.633328968659,23.7134167402983,23.8923386055976,23.7892401441932,23.5934790577739,23.6631037313491,24.0656683295965,23.8667700830847,23.5503404662013,23.5949171073735,23.7472872789949,23.5957355462015
Smarch/adderII.dimacs,1276,25.8917108234018,25.7963615506887,25.9210224188864,25.8826228491962,25.8986299261451,25.9209923483431,26.0094532612711,25.9207094181329,25.8294897023588,24.7796029672027,24.4678182732314,24.7009778600186,24.3394383862615,24.40330571495,24.4305461458862,24.4521651305258,24.3284569028765,24.4707839582115,24.3567890040576,24.4636202249676,24.5402298737317,24.4884228091687,24.5471529196948,24.4836747068912,24.5099849645048,24.3722252435982,24.5099679883569,24.355229396373,24.6882731616497,24.347177695483,24.4628927726299,24.4019619487226,24.4205944240093,24.408469542861,25.6097177714109,24.4355751164258,24.4254620820284,24.4084767084569,24.3125636149198,24.4242314975709,24.3842746019363,24.5541778691113,24.6895065400749,24.4744614306837,24.5237684324384,24.5621733162552,24.4685273487121,24.4419789128005,24.4299220424145,24.3669392690063
Smarch/at91sam7sek.dimacs,1296,11.2130534853786,11.1773314829916,11.193908046931,11.2097302470356,11.1676531285048,11.1516407206655,11.1669397521764,11.1794751118869,11.138040130958,11.2702927105129,11.2840487100184,11.1976858787239,11.1746977157891,11.2734291143715,11.233756262809,11.1664875745773,11.1687196213752,11.1955715380609,11.1655684709549,11.1660270933062,11.1400696951896,11.2264527343214,11.225721789524,11.1557820942253,11.2446989063174,11.1705877035856,11.2521046847105,11.1617954801768,11.2477949019521,11.153342647478,11.2047509234399,11.165759537369,11.2209615968168,11.1756933797151,11.1432368960232,11.1694295480847,11.221018569544,11.2976226191968,11.2000297047198,11.1837410610169,11.1865963190794,11.1753378771245,11.176933741197,11.181160196662,11.1733481474221,11.204344028607,11.2053262535483,11.2481948081404,11.2578523010016,11.1750100199133
Smarch/se77x9.dimacs,1319,22.3147562015802,22.2038116455078,22.2288438901305,22.1058679204434,22.0307076349854,22.1472595203668,22.1691264398396,22.2129204403609,22.1336904745549,22.0928510650992,22.0972026083618,22.0844008494169,22.1307817921042,22.4002362433821,22.06520646438,22.102543272078,22.0254404507577,22.1677595861256,22.054036827758,22.1410455480218,22.2364213615656,22.111773841083,22.0653607472777,22.1908155251294,22.0438227392733,22.3493858408183,22.3271889090538,22.1308475080878,22.1223825905472,22.1591335255653,22.0593931358308,22.0997656453401,22.0501911882311,22.1289844661951,22.0733122490346,22.1156524848193,22.3286817949265,22.1318571250886,22.1459273677319,22.033708460629,22.4908751640469,22.1732192523777,22.12037220411,22.0406776480377,22.143842799589,22.0525114331394,22.137845389545,22.055409213528,22.1350086480379,22.1418197080493
Smarch/m5272c3.dimacs,1323,22.0350632090121,22.1605541761965,22.0211111549288,22.0917070992291,22.1250688862056,22.1187458261848,22.0113615840673,22.1098534334451,22.0437943451107,22.0807214044034,22.0564926378429,22.0195801593363,22.0456781573594,22.0726578142494,22.0066195335239,22.1201363988221,22.1713245920837,22.0635958760977,21.9694874510169,22.0972262397408,22.0025736931711,22.1094874106348,22.0696647204459,22.1242569144815,22.1221041642129,22.1142066102475,22.1437953449786,22.0614563357085,22.2496902775019,22.1037500724196,22.0988793838769,22.1237989552319,22.2251783460379,22.067501027137,22.0280288290232,22.1156901456416,22.1177936792374,22.0246764868498,22.0619426704943,22.0724942348897,22.0983823891729,22.0290257334709,22.0926017947495,22.0155343730003,22.14956012927,21.9871033243835,22.0613503661007,22.1019942108542,22.0562082771212,22.0346581451595
Smarch/phycore229x.dimacs,1360,36.6419843360782,36.4883736073971,36.6311850547791,36.5171721596271,36.4754308816046,36.4785369075835,36.500199072063,36.5529930200428,36.5074866004288,36.4333813600242,36.507064698264,36.5018437318504,36.6146430876106,36.8972925972193,36.6004002224654,37.0090794377029,36.5574007406831,36.6321545243263,36.4806836992502,36.4102682378143,36.5657652951777,36.6178726069629,36.833577843383,36.5258529409766,37.0658079385757,36.6901829019189,36.6891564913094,36.728276507929,36.9612536281347,36.7428801152855,36.68513430655,36.6891270708293,36.7359215170145,36.8736630901694,36.7312055565417,36.6844755895436,36.8208835534751,36.8572153467685,36.5898684449494,36.6981657315046,36.6648294795305,36.7199813276529,36.973984606564,36.6407693773508,36.6424850746989,36.618614828214,36.6829308811575,36.6987216621637,36.5739455539733,36.7493092287332
Smarch/freebsd-icse11.dimacs,1396,31.7958413846791,31.6235274747014,31.606472576037,31.8767553213984,31.616782432422,31.6342420913279,31.6381599847227,31.6457626260817,31.6766134891659,31.6095466725528,31.6760182529688,31.6458269394934,31.7213239315897,31.5401371959597,31.6662531439215,31.520769637078,31.5727775432169,31.5320894625038,31.5759850926697,31.5993706937879,31.5817256681621,31.5630031935871,31.7236285619438,31.4818064831197,31.6888790372759,31.6572269871831,31.859119573608,31.5726696755737,31.5546997711062,31.6331386771053,31.6406955979764,31.6973787993193,31.6340516023338,31.6919226255268,31.6257376410067,31.7439748644829,31.6847774125636,31.6583207957447,31.6027038004249,31.687335209921,31.5993093568832,31.7578123603016,31.6904422976077,31.6907208263874,31.8703452367336,31.9294154811651,31.6234978921711,31.6761395987123,31.5727041810751,31.5783984344453
CDL/ea2468.dimacs,1408,39.0425035580993,39.1422538440675,39.1320847179741,39.2068341933191,39.0061162505299,39.2218715492636,39.1211472358555,39.0970159769058,39.3634249567985,39.4542778730392,39.132474353537,39.1207601670176,39.1503201052546,39.3687082808465,39.2934431545436,38.9939691089094,39.0993350576609,39.060557840392,39.1015589293092,39.1420911774039,39.1390447858721,39.356942160055,39.0178779792041,39.5980708617717,39.0153786130249,39.1561387442052,39.0550077762455,39.1511815041304,39.1007796209306,39.0539775379002,39.2299279924482,39.3486201819032,39.0198962483555,39.2548635192215,39.2732690311968,39.2325478624552,39.2020737286657,39.0828001890331,39.062867693603,39.0319843720645,39.0976750738919,39.2195809222758,39.2112106028944,39.4156426470727,39.3900953847915,39.1932678688318,39.0764572396874,39.1653077751398,39.1417010761797,38.9904848448932
KConfig/uClinux-distribution.dimacs,1580,0.05783580057323,0.054975561797619,0.055904740467668,0.054372910410166,0.054799595847726,0.053784023970366,0.058695925399661,0.057938912883401,0.059772273525596,0.057465581223369,0.054224228486419,0.053661284968257,0.05130641721189,0.056000346317887,0.055283199995756,0.05281999707222,0.057052439078689,0.056571424007416,0.05571816675365,0.055269593372941,0.055375192314386,0.057620618492365,0.057741904631257,0.054788192734122,0.056721955537796,0.054239006713033,0.053651671856642,0.054453823715448,0.054737979546189,0.055420510470867,0.058431973680854,0.052720375359058,0.057098478078842,0.054520338773728,0.056684572249651,0.05456392839551,0.05550198815763,0.057065259665251,0.056043228134513,0.054905431345105,0.056836353614926,0.055614184588194,0.055807109922171,0.056723061949015,0.056477099657059,0.05520873516798,0.052624376490712,0.051695531234145,0.0575055424124,0.053222484886646
Smarch/fiasco.dimacs,1638,0.049840424209833,0.046459935605526,0.051128603518009,0.050242403522134,0.055957043543458,0.048698810860515,0.053087916225195,0.052333790808916,0.049113865941763,0.0499675758183,0.047054093331099,0.048190353438258,0.049646608531475,0.048668211326003,0.054320180788636,0.046225465834141,0.051619153469801,0.048755645751953,0.055183174088597,0.053841888904572,0.048396307975054,0.051346380263567,0.051818531006575,0.050501976162195,0.048480769619346,0.053586514666677,0.053444055840373,0.053194969892502,0.048594200983644,0.052894435822964,0.049004100263119,0.048594620078802,0.04764598980546,0.049423633143306,0.05247781984508,0.047376485541463,0.048730105161667,0.055602546781302,0.051601495593786,0.048300947993994,0.046499675139785,0.048110134899616,0.047615258023143,0.051619527861476,0.050554908812046,0.04747661575675,0.051390282809734,0.048524610698223,0.053403727710247,0.04957970045507
confidential/automotive05/05.dimacs,1663,0,0,0,0,0,0,0,0,0,0,0,0,0,0,0,0,0,0,0,0,0,0,0,0,0,0,0,0,0,0,0,0,0,0,0,0,0,0,0,0,0,0,0,0,0,0,0,0,0,0
Smarch/uClinux.dimacs,1850,0.036284508183599,0.031841868534684,0.032419400289655,0.034189496189356,0.03290306776762,0.033694768324494,0.033646976575255,0.033222477883101,0.034283831715584,0.033894374966621,0.034198336303234,0.032581506296992,0.036788484081626,0.031986013054848,0.033888475969434,0.034295769408345,0.03428209386766,0.033092198893428,0.035566762089729,0.03293569944799,0.033435272052884,0.042399946600199,0.038115812465549,0.034741580486298,0.035201482474804,0.035894000902772,0.038870915770531,0.040168583393097,0.039705496281386,0.0377864446491,0.040886389091611,0.039511006325483,0.04095233976841,0.042140040546656,0.042721521109343,0.039408393204212,0.039148988202214,0.042656250298023,0.040586920455098,0.044664377346635,0.043668204918504,0.039626348763704,0.042601590976119,0.039373287931085,0.039467070251703,0.041022064164281,0.038171421736479,0.040911011397839,0.039669834077358,0.040723031386733
automotive01/automotive01.dimacs,2513,0.418611878529191,0.408756889402866,0.345743674784899,0.332027487456799,0.339182918891311,0.346786063164473,0.311649061739445,0.338169327005744,0.343734519556165,0.33294784091413,0.336473157629371,0.339596005156636,0.347303515300155,0.337510727345943,0.340831952169538,0.347146108746529,0.336409272626042,0.343268230557442,0.348568517714739,0.33640961535275,0.344619540497661,0.34734951891005,0.348883176222444,0.313805092126131,0.347223276272416,0.350350048393011,0.338852072134614,0.342044167220592,0.344671385362744,0.334928717464209,0.318967463448644,0.346587294712663,0.311791708692908,0.342979857698083,0.323887644335628,0.336632000282407,0.342914048582315,0.346171708777547,0.335199430584908,0.33478151448071,0.343807004392147,0.33734848164022,0.317741535604,0.345801128074527,0.314319528639317,0.334547683596611,0.345102474093437,0.316628439351916,0.343483926728368,0.349295172840357
confidential/automotive03/automotive03b.dimacs,4902,0.192123351618648,0.191806899383664,0.191305169835687,0.186941299587488,0.19445388391614,0.19409772194922,0.196292605251074,0.183595400303602,0.164446167647839,0.168678602203727,0.171430265530944,0.173200838267803,0.171181218698621,0.154536843299866,0.16336653009057,0.166476303711534,0.170745477080345,0.152771480381489,0.173207089304924,0.153318652883172,0.161634858697653,0.164474872872233,0.171724250540137,0.173288881778717,0.171475827693939,0.154493171721697,0.160216378048062,0.164213508367538,0.171907518059015,0.171955971047282,0.171500496566296,0.151710296049714,0.158816674724221,0.159144170582294,0.169668322429061,0.152531301602721,0.172791831195354,0.154452944174409,0.161764310672879,0.167033446952701,0.171287160366774,0.170729013159871,0.173372702673078,0.152779566124082,0.162689875811338,0.153337487950921,0.175089521333575,0.172453371807933,0.172566011548042,0.152744434773922
confidential/automotive06/automotive06b.dimacs,5571,0.155742164701223,0.175358245149255,0.156776539981365,0.179025044664741,0.155919136479497,0.162055261433125,0.167021870613098,0.174589155241847,0.176275359466672,0.172418367117643,0.147265948355198,0.130271021276712,0.141359332948923,0.143616355955601,0.126667533069849,0.139029739424586,0.144895326346159,0.146672386676073,0.131273539736867,0.14067461900413,0.146905491128564,0.124397303909063,0.139383928850293,0.134658344089985,0.128091787919402,0.13885759934783,0.144894413650036,0.145746478810906,0.130485873669386,0.124081591144204,0.143646104261279,0.126726921647787,0.142102738842368,0.150955503806472,0.125993235036731,0.136913273483515,0.145647637546063,0.145533328875899,0.129584699869156,0.141892086714506,0.127958029508591,0.126904752105475,0.124198531731963,0.132133221253753,0.129500407725573,0.127236746251583,0.144721116870642,0.125997511669993,0.139386542141438,0.146375572308898
KConfig/linux-2.6.33.3.dimacs,6467,0,0,0,0,0,0,0,0,0,0,0,0,0,0,0,0,0,0,0,0,0,0,0,0,0,0,0,0,0,0,0,0,0,0,0,0,0,0,0,0,0,0,0,0,0,0,0,0,0,0
Smarch/busybox-1.18.0.dimacs,6796,0.389994451776147,0.378251949325204,0.341520907357335,0.343848811462522,0.310468509793282,0.305606247857213,0.30881261639297,0.322935620322823,0.307532569393516,0.312840301543474,0.304370785132051,0.316778291016817,0.305275861173868,0.309625113382935,0.324582327157259,0.306029396131635,0.314879367128015,0.30613374710083,0.314803678542376,0.303955649957061,0.310349790379405,0.325466630980372,0.308773323893547,0.321932218968868,0.337255015969276,0.300782091915607,0.30755665153265,0.303314324468374,0.325579378753901,0.340002316981554,0.312023868784308,0.321893893182278,0.30598864890635,0.31980974599719,0.342367572709918,0.307023204863071,0.322158901020885,0.315608458593488,0.310939360409975,0.304042397066951,0.307758532464504,0.306633707135916,0.311138704419136,0.322331052273512,0.301607962697744,0.303592346608639,0.339855855330825,0.306520938873291,0.315283646807075,0.304102424532175
Smarch/2.6.28.6-icse11.dimacs,6888,0,0,0,0,0,0,0,0,0,0,0,0,0,0,0,0,0,0,0,0,0,0,0,0,0,0,0,0,0,0,0,0,0,0,0,0,0,0,0,0,0,0,0,0,0,0,0,0,0,0
confidential/automotive07/automotive07b.dimacs,8649,4.04218661598861,4.05648657865822,4.04393184743822,4.06840850785375,4.03042808733881,4.03902783989906,4.03156195394695,4.04304088652134,4.04360182583332,4.02851712331176,4.03143595159054,4.11138074658811,4.07149185054004,4.07076774910092,4.04464789107442,4.07300001941621,4.03110955283046,4.03055087290704,4.0241880659014,4.03720028325915,4.02026012353599,4.04236671514809,4.03627572022378,4.02898313105106,4.04697507619858,4.03860409371555,4.03668333590031,4.02234842069447,4.04175341315568,4.02915283665061,4.02139649540186,4.02710995823145,4.03966375440359,4.01370781473815,4.02845920436084,4.02435299567878,4.03144703619182,4.04778871499002,4.00889063067734,4.04735089279711,4.03490435518324,4.02828182838857,4.02470009215176,4.03425340913236,4.04719066433609,4.03787771984935,4.0392284989357,4.03899629600346,4.03761789016426,4.04553023725748
Smarch/uClinux-config.dimacs,11254,0.980907252058387,0.958623357117176,0.9394327159971,0.910337528213859,0.94485567137599,0.909007288515568,0.924046624451876,0.929294772446156,0.913735596463084,0.938754111528397,0.945202158764005,0.917008182033896,0.93054910749197,0.910539194941521,0.897983737289905,0.909093139693141,0.930661965161562,0.914476299658418,0.934720255434513,0.912596931681037,0.904539467766881,0.911129185929894,0.911956306546926,0.93463016860187,0.948940427973866,0.918992662802339,0.937580520287156,0.950941734015942,0.918427690863609,0.935464460402727,0.911133417859674,0.933565268293023,0.911375513300299,0.922084506601095,0.940357897430658,0.912288567051291,0.928342452272773,0.948753597214818,0.916720354929566,0.937331046909094,0.946263007819653,0.923140052706003,0.924055678769946,0.936509100720286,0.912131287157536,0.948231359943748,0.917793458327651,0.954087810590863,0.911317564547062,0.922027735039592
Smarch/buildroot.dimacs,14910,0,0,0,0,0,0,0,0,0,0,0,0,0,0,0,0,0,0,0,0,0,0,0,0,0,0,0,0,0,0,0,0,0,0,0,0,0,0,0,0,0,0,0,0,0,0,0,0,0,0
automotive02/automotive2_4.dimacs,18616,3.78777132555842,3.78340757079422,3.71581306867301,3.81004224531353,3.73339308984578,3.77353557944298,3.73067444935441,3.7781070433557,3.80148067511618,3.72778508812189,3.72894242405891,3.83545495383441,3.73705603927374,3.76345913484693,3.74696687422693,3.85629327222705,3.77442808821797,3.81375580281019,3.76744375005364,3.79034104384482,3.74737737514079,3.80084757134318,3.73733975179493,3.74945620633662,3.78634859621525,3.77490454167128,3.79450801573694,3.7623614128679,3.85367986001074,3.78309922106564,3.82378652319312,3.77036539651453,3.74712251871824,3.77023386396468,3.77098966017365,3.80443515814841,3.7864654250443,3.73937409184873,3.78595650754869,3.76216307841241,3.75144221074879,3.85867060907185,3.77221442200243,3.76639944128692,3.77917747199535,3.83999316394329,3.7452031429857,3.72926760837436,3.73520729877055,3.72201258502901
Smarch/embtoolkit.dimacs,23516,23.2608637157828,23.3817631546408,23.0873891990632,23.4469747301191,23.4005112517625,23.3322859406471,23.3900779187679,23.3672024942935,23.3428856637329,23.3634558524936,23.4039405025542,23.4685296807438,23.3079483453184,23.3559363577515,23.4004592448473,23.4277644548565,23.3926315978169,23.4415403734893,22.8075796756893,22.7439834475517,23.3898184169084,23.2357934918255,23.1481645386666,23.0170806962997,23.3876611087471,23.278250914067,23.0993098337203,23.2953103464097,23.2306124623865,23.4717384874821,23.34272467345,23.4999692197889,23.4696034751832,23.3865367341787,23.4456645138562,23.3942353390157,23.3859823532403,23.356079660356,23.3580680899322,23.3691731002182,23.337136361748,23.3769969120622,23.166981305927,23.3637351822108,23.4019245132804,23.2638824377209,23.3231134731322,23.1199855003506,23.2757375836372,23.2080741412938
Smarch/freetz.dimacs,31012,0,0,0,0,0,0,0,0,0,0,0,0,0,0,0,0,0,0,0,0,0,0,0,0,0,0,0,0,0,0,0,0,0,0,0,0,0,0,0,0,0,0,0,0,0,0,0,0,0,0
Smarch/2.6.32-2var.dimacs,60072,0,0,0,0,0,0,0,0,0,0,0,0,0,0,0,0,0,0,0,0,0,0,0,0,0,0,0,0,0,0,0,0,0,0,0,0,0,0,0,0,0,0,0,0,0,0,0,0,0,0
Smarch/2.6.33.3-2var.dimacs,62482,0,0,0,0,0,0,0,0,0,0,0,0,0,0,0,0,0,0,0,0,0,0,0,0,0,0,0,0,0,0,0,0,0,0,0,0,0,0,0,0,0,0,0,0,0,0,0,0,0,0
