CDL/am31_sim.dimacs;1.9376218290999532;1.9327342103421687;1.902980824932456;1.969903340563178
CDL/ea2468.dimacs;16.430252286605537;16.433488901518285;16.350470263510942;16.562827879562974
CDL/p2106.dimacs;5.36489986255765;5.366012983545661;5.344584610313177;5.410595798864961
KConfig/axTLS.dimacs;0.03939427062869072;0.038237085342407225;0.02913852222263813;0.04327424801886082
KConfig/busybox-1.18.0.dimacs;0.0472967317327857;0.047949644215404985;0.044166337698698044;0.05222259275615215
KConfig/embtoolkit.dimacs;0.10571086220443249;0.10169897358864546;0.07931597158312798;0.11217042990028858
KConfig/linux-2.6.33.3.dimacs;1800.0;1800;1800;1800
KConfig/uClibc.dimacs;0.06672897469252348;0.06341867703944444;0.05324222333729267;0.06992512755095959
KConfig/uClinux-base.dimacs;0.11103861592710018;0.11073284350335598;0.09122269414365292;0.11914840340614319
KConfig/uClinux-distribution.dimacs;0.06748954579234123;0.06647408220916987;0.06240610405802727;0.06943563930690289
Smarch/2.6.28.6-icse11.dimacs;1800.0;1800;1800;1800
Smarch/2.6.32-2var.dimacs;1800.0;1800;1800;1800
Smarch/2.6.33.3-2var.dimacs;1800.0;1800;1800;1800
Smarch/7z.dimacs;0.03775907959789038;0.0371163347736001;0.02759600430727005;0.04266260378062725
Smarch/BerkeleyDBC.dimacs;0.03549745585769415;0.03678834836930037;0.03419163264334202;0.04148842766880989
Smarch/Dune.dimacs;0.03579009510576725;0.036692561022937296;0.03389487974345684;0.04029194079339504
Smarch/HiPAcc.dimacs;0.039399017579853535;0.038457709699869155;0.034668562933802605;0.04246361181139946
Smarch/JHipster.dimacs;0.03714507631957531;0.03793222885578871;0.03490104898810387;0.042265767231583595
Smarch/JavaGC.dimacs;0.04051549453288317;0.04023905247449875;0.035567883402109146;0.043944379314780235
Smarch/LLVM.dimacs;0.03641753550618887;0.0369745758548379;0.03360557556152344;0.04113343544304371
Smarch/Polly.dimacs;0.0405369121581316;0.039780362509191036;0.035941921174526215;0.04210685193538666
Smarch/VP9.dimacs;0.04012246523052454;0.039603998586535454;0.03544740751385689;0.04214639402925968
Smarch/X264.dimacs;0.03543537575751543;0.03633137065917254;0.03376469761133194;0.04083040729165077
Smarch/adderII.dimacs;9.93408724758774;9.942842597216368;9.895036024972796;10.067875051870942
Smarch/at91sam7sek.dimacs;4.437527134083211;4.441334533318877;4.421155191957951;4.477710202336311
Smarch/axTLS.dimacs;0.049609582871198654;0.05090867508202791;0.0420885905623436;0.06316644139587879
Smarch/axtls_2_1_4.dimacs;0.038013008423149586;0.038062490187585354;0.0290854349732399;0.04299011826515198
Smarch/buildroot.dimacs;1800.0;1800;1800;1800
Smarch/busybox-1.18.0.dimacs;0.26666085608303547;0.27284122683107853;0.2591158375144005;0.30992267839610577
Smarch/busybox_1_28_0.dimacs;0.06681097112596035;0.06653157468885183;0.0599500872194767;0.0843799076974392
Smarch/ecos-icse11.dimacs;7.9054989740252495;7.906992874778807;7.860752187669277;7.966567363590002
Smarch/embtoolkit.dimacs;24.967385687865317;24.965216867029667;24.77427395619452;25.100909927859902
Smarch/fiasco.dimacs;0.09026347566395998;0.09472247309982777;0.08140889927744865;0.11613006889820099
Smarch/fiasco_17_10.dimacs;0.04468026012182236;0.04584526002407074;0.03847636282444;0.05661694332957268
Smarch/freebsd-icse11.dimacs;22.323033495806158;22.336542293094098;22.237077850848436;22.62548501417041
Smarch/freetz.dimacs;1379.548401268199;1381.416924568042;1363.1492142155766;1416.8330126386136
Smarch/integrator_arm9.dimacs;4.0247902646660805;4.031945417076349;3.985355468466878;4.208438262343407
Smarch/lrzip.dimacs;0.03445648122578859;0.03443609833717346;0.027336442843079567;0.04129967465996742
Smarch/m5272c3.dimacs;8.623785708099604;8.625745451264084;8.564445532858372;8.697151424363256
Smarch/olpce2294.dimacs;6.731704751960933;6.748180457539856;6.710245044901967;6.937324222177267
Smarch/pati.dimacs;5.305219967849553;5.304350081682205;5.258780544623733;5.349615756422281
Smarch/phycore229x.dimacs;14.155416530556977;14.166239133551716;14.033339273184538;14.402018316090107
Smarch/ref4955.dimacs;14.836305090226233;14.846257238537072;14.739877831190825;15.375534132122993
Smarch/se77x9.dimacs;8.348818833008409;8.353377181924879;8.319954674690962;8.481159193441272
Smarch/toybox.dimacs;0.04106641747057438;0.040835243947803974;0.036334067583084106;0.04575064219534397
Smarch/toybox_0_7_5.dimacs;0.038645961321890354;0.038130090795457365;0.03315179981291294;0.0422463808208704
Smarch/uClibc-ng_1_0_29.dimacs;0.05718478560447693;0.05631001364439726;0.05174403265118599;0.059042902663350105
Smarch/uClinux-config.dimacs;0.7086301119998097;0.7097720894217491;0.687780337408185;0.7503943089395761
Smarch/uClinux.dimacs;0.041000448167324066;0.04151777643710375;0.0339927040040493;0.04759440757334232
automotive01/automotive01.dimacs;0.5928642032667994;0.5929262141138315;0.5787365976721048;0.6433471590280533
automotive02/automotive2_4.dimacs;104.98698875308037;110.07578728608787;102.56555458717048;145.43954434804618
featureide_examples/berkeleydb.dimacs;0.04066429939121008;0.040647217743098735;0.03664449788630009;0.04495682567358017
financial_services/financialServices_2018-05-09.dimacs;0.3454430028796196;0.3481488921120763;0.33599961921572685;0.4279179200530052
confidential/automotive03/03.dimacs;0.09400526434183121;0.09820932339876891;0.08693844825029373;0.11937937699258327
confidential/automotive03/automotive03a.dimacs;0.042899856343865395;0.04327531576156616;0.035929737612605095;0.04915018193423748
confidential/automotive03/automotive03b.dimacs;0.08815211895853281;0.08744814723730088;0.08258024975657463;0.0907948762178421
confidential/automotive04/04.dimacs;0.13524161465466022;0.13733715415000916;0.12698839232325554;0.16498624347150326
confidential/automotive05/05.dimacs;1800.0;1800;1800;1800
confidential/automotive06/automotive06a.dimacs;0.05094468593597412;0.050133113972842695;0.04551444947719574;0.053257713094353676
confidential/automotive06/automotive06b.dimacs;0.07249121367931366;0.07183715038001537;0.06657882407307625;0.07619509287178516
confidential/automotive07/automotive07a.dimacs;0.1487699570134282;0.15152202930301428;0.1424176562577486;0.187796950340271
confidential/automotive07/automotive07b.dimacs;2.2355345375835896;2.235375405959785;2.211934633553028;2.266960345208645
