Smarch/LLVM.dimacs,11,0.034425135701895,0.034552935510874,0.034468898549676,0.039570601657033,0.036866504698992,0.035967936739326,0.039614731445909,0.039462940767408,0.033991942182183,0.039443405345082,0.040475623682141,0.036067683249712,0.034020809456706,0.035415695980191,0.034235056489706,0.035325346514583,0.035130202770233,0.040556935593486,0.037378439679742,0.038254648447037,0.040976380929351,0.040060395374894,0.037795638665557,0.039761304855347,0.039692895486951,0.039419706910849,0.041133435443044,0.03995194286108,0.04010670632124,0.036795971915126,0.033901203423739,0.035329535603523,0.034775592386723,0.035419914871454,0.034120274707675,0.034767111763358,0.035390537232161,0.035000320523977,0.035362035036087,0.035275055095553,0.034218482673168,0.034568088129163,0.034479157999158,0.033605575561524,0.040305184200406,0.036988206207752,0.036767387762666,0.039497833698988,0.03862021304667,0.0394172295928,,0.036974575854838,0.036417535506189,0.002440583969959
Smarch/X264.dimacs,16,0.038512576371431,0.035771315917373,0.035319820046425,0.035177459940314,0.035389484837651,0.039201496168971,0.039276638999581,0.039578510448337,0.038011740893126,0.037548247724772,0.036757841706276,0.033967847004533,0.034882303327322,0.034407192841172,0.039560390636325,0.040830407291651,0.033992080017924,0.033767582848668,0.03976921364665,0.039002688601613,0.03566268645227,0.035184513777495,0.035660972818732,0.034217139706016,0.035336809232831,0.035045756027103,0.035510605201125,0.034194344654679,0.035449579358101,0.03530147112906,0.035261211916804,0.034197397530079,0.03537386097014,0.034593190997839,0.03542117215693,0.034671625122428,0.035479201003909,0.034690657630563,0.035337179899216,0.034728471189737,0.033764697611332,0.03465129993856,0.039720747619867,0.03706050477922,0.03602384775877,0.039714718237519,0.040545053780079,0.03627147898078,0.038430811837316,0.038342686370015,,0.036331370659173,0.035435375757516,0.00206572704332
Smarch/Dune.dimacs,17,0.038492450490594,0.03934445977211,0.038062956184149,0.038853786885738,0.039753140881658,0.039581397548318,0.03963647224009,0.035778250545263,0.035191172733903,0.035580353811383,0.035569885745645,0.035215308889747,0.039153760299087,0.039499102160335,0.040109911933541,0.038346188142896,0.037240020930767,0.037866467610002,0.036118399351835,0.034367840737105,0.035801939666271,0.034307172521949,0.035661609843373,0.034449685364962,0.035877164453268,0.034132951870561,0.035541843622923,0.034407937899232,0.035431986674666,0.034381007775664,0.035322695970535,0.034416172653437,0.034653136506677,0.034550111740828,0.034808268770576,0.033894879743457,0.040195975452662,0.037269126623869,0.036678459495306,0.034822966903448,0.039924563840032,0.036924267187715,0.040290074422956,0.038156000897288,0.040291940793395,0.039606625214219,0.034915333613753,0.034708764404059,0.034720864146948,0.034723196178675,,0.036692561022937,0.035790095105767,0.002143693478174
Smarch/BerkeleyDBC.dimacs,18,0.039895251393318,0.034379057586193,0.035312367603183,0.034191632643342,0.035477381199598,0.034291554242373,0.035731099545956,0.034251470118761,0.035491758957505,0.034753559157252,0.035268111154437,0.034313598647714,0.035381959751248,0.034862753003836,0.035461127758026,0.034230854362249,0.034997124224901,0.035503152757883,0.035098375752568,0.034356350079179,0.034537333995104,0.034722793847323,0.035941775888205,0.035146959125996,0.035214930772781,0.035784456878901,0.03535351715982,0.040378013625741,0.041433546692133,0.038217760622501,0.037020208314061,0.039853783324361,0.03623172827065,0.034369288012385,0.04108409024775,0.037278639152646,0.040774721652269,0.038193097338081,0.040223050862551,0.037936946377158,0.04028251208365,0.039116276428104,0.04148842766881,0.038056120276451,0.039809329435229,0.035186028108001,0.038725750520825,0.039101442322135,0.035242417827249,0.039463931694627,,0.0367883483693,0.035497455857694,0.002362609766363
Smarch/lrzip.dimacs,20,0.032152097672224,0.02908412180841,0.03927936963737,0.041299674659968,0.040071526542306,0.039428845047951,0.039184236899018,0.034776322543621,0.039517128840089,0.04045707732439,0.039990443736315,0.039679409936071,0.039549639448524,0.035381752997637,0.039265640079975,0.036486415192485,0.028100667521358,0.039372157305479,0.034634994342923,0.039766922593117,0.033531444147229,0.027837086468935,0.038163239136338,0.033917279914022,0.028178354725242,0.027552770450711,0.02733644284308,0.039624413475394,0.033882794901729,0.02780382335186,0.038512025028467,0.034277968108654,0.030617158859968,0.027589606121183,0.029930902644992,0.027880718931556,0.029840221628547,0.037333903834224,0.03193799033761,0.038129396736622,0.033938540145755,0.02765947766602,0.028589116409421,0.03787249699235,0.031778847798705,0.037706756964326,0.033453101292253,0.037467716261745,0.034235458821058,0.027747418731451,,0.034436098337174,0.034456481225789,0.004681759496715
Smarch/HiPAcc.dimacs,31,0.035551063716412,0.035437796264887,0.035380398854613,0.035212410613895,0.041502745822072,0.041917145252228,0.040475239977241,0.039714261889458,0.035400008782745,0.035140449181199,0.035225683823228,0.03510338626802,0.035091748461127,0.041252421215177,0.037923591211438,0.041560156270862,0.040754415094853,0.041944744065404,0.039817798882723,0.03946041688323,0.040735147893429,0.035269752144814,0.035246459767222,0.035146677866578,0.035042261704803,0.035076716914773,0.041325557976961,0.039587296545506,0.036297412589192,0.041331874206662,0.038273939862847,0.0424636118114,0.040634410455823,0.039851555600762,0.035332687199116,0.03506451100111,0.041101468726993,0.038005076348782,0.041834404692054,0.040662355720997,0.034668562933803,0.041734170168638,0.040493188425899,0.04202744551003,0.040497185662389,0.035045169293881,0.038197722285986,0.040666040033102,0.039337618276477,0.038069320842624,,0.038457709699869,0.039399017579854,0.002744761127101
Smarch/JavaGC.dimacs,39,0.039239330217242,0.040142899379134,0.04102436453104,0.040569933131337,0.04394437931478,0.041618831455708,0.041011836379767,0.039866764098406,0.040492255240679,0.041329292580485,0.036927655339241,0.041883049532771,0.040901413187385,0.042215131223202,0.043200196698308,0.039068251848221,0.037232587113977,0.040455520153046,0.038473812863231,0.040727343410254,0.04043954052031,0.040212750434876,0.041931282728911,0.039909567683935,0.040655268356204,0.037111841142178,0.041128555312753,0.039827780798078,0.040494292974472,0.040536696091294,0.038050109520555,0.037274258211255,0.04043597728014,0.041845155879855,0.040941020473838,0.041045181453228,0.040135983377695,0.041865807026625,0.040193324908614,0.041929500177503,0.04129427485168,0.041524317115545,0.035567883402109,0.036239305511117,0.037927124649286,0.037686128169298,0.041648499667645,0.04025498777628,0.041452633216977,0.042068727314472,,0.040239052474499,0.040515494532883,0.001785083046031
Smarch/Polly.dimacs,40,0.041102103888989,0.040527354925871,0.041303070262075,0.040950434282422,0.041084045544267,0.0410429649055,0.040832579135895,0.035941921174526,0.041715163737536,0.041880516335368,0.036800170317292,0.04128797352314,0.040546469390392,0.041052682325244,0.041164807975292,0.040026862174273,0.041823850944638,0.037056246772409,0.036380330100656,0.036975927650929,0.040326021611691,0.041666669771075,0.040562834590674,0.042106851935387,0.0364029109478,0.03773476742208,0.037880830466747,0.040578687563539,0.038958976045251,0.037335358560085,0.040995005518198,0.03964189812541,0.036325683817268,0.041591921821237,0.039853300899267,0.04189726524055,0.040374729782343,0.04040096886456,0.036501074209809,0.037854762747884,0.037726463750005,0.040142484009266,0.03882566280663,0.037507604807615,0.041344834491611,0.041559411212802,0.041243309155107,0.04061415605247,0.041205344721675,0.040362859144807,,0.039780362509191,0.040536912158132,0.001882537756649
Smarch/VP9.dimacs,42,0.041369942948222,0.041163647547364,0.039170816540718,0.037382684648037,0.04025200009346,0.04214639402926,0.041494373232126,0.040745766833425,0.041289981454611,0.041668875142932,0.035447407513857,0.036405859515071,0.037893170490861,0.037273773923516,0.041850661858916,0.0399319678545,0.04004923440516,0.039655551314354,0.038213526830077,0.040585348382592,0.039911197498441,0.038042301312089,0.037012713029981,0.04179210960865,0.041163228452206,0.03631928563118,0.037056230008602,0.041704554110766,0.041640110313892,0.038385367020965,0.036324443295598,0.036745227873325,0.041759539395571,0.040013432502747,0.041721323505044,0.040254235267639,0.040206197649241,0.039653278887272,0.037149555981159,0.040554324164987,0.040287150070071,0.03705988638103,0.041592054069042,0.039717419072986,0.041686220094562,0.040722811594606,0.03977213613689,0.040676254779101,0.037090661004186,0.040195696055889,,0.039603998586536,0.040122465230525,0.001904465901652
Smarch/7z.dimacs,44,0.040811179205775,0.032869154587388,0.038996241986752,0.041017714887858,0.04210551455617,0.042662603780627,0.036974810063839,0.029847977682948,0.03142880089581,0.027755238115788,0.02759600430727,0.040582343935967,0.034788550809026,0.038543349131942,0.03512960486114,0.041215438395739,0.035258887335658,0.028970323503018,0.041346441954374,0.035311749204993,0.039010567590594,0.035623027011752,0.040752625092864,0.035270249471068,0.029802476987243,0.041991133242846,0.035792242735624,0.039009632542729,0.034504201263189,0.040416250005365,0.036348734050989,0.041311234235764,0.035547176375985,0.03011186234653,0.040419295430183,0.03566193766892,0.03214942291379,0.040714051574469,0.039795195683837,0.03542996570468,0.035255251452327,0.03526559099555,0.041446279734373,0.041775606572628,0.040771843865514,0.039840443059802,0.036538194864988,0.039650263264775,0.041515316814184,0.040884736925364,,0.0371163347736,0.03775907959789,0.004194992120752
Smarch/JHipster.dimacs,45,0.03636571392417,0.04101250693202,0.041120115667582,0.041242033243179,0.040342068299651,0.035155402496457,0.034958699718118,0.035203168168664,0.034901048988104,0.035057067871094,0.035007631406188,0.035134384408593,0.034969529137015,0.034981232136488,0.035046309232712,0.03505608253181,0.035116149112582,0.035067025572062,0.04090609587729,0.037924438714981,0.040606822818518,0.040497906506062,0.036186620593071,0.040695244446397,0.041461456567049,0.040597127750516,0.040327994152904,0.036108493804932,0.039318848401308,0.041814506053925,0.040395710617304,0.040046729147434,0.03545174561441,0.035310389474034,0.041456278413534,0.042265767231584,0.040475239977241,0.039770910516381,0.035117095336318,0.03530465066433,0.035038057714701,0.035215629264712,0.035093965008855,0.035128507763147,0.041133396327496,0.04192922078073,0.040547551587224,0.040299730375409,0.03527744114399,0.039171701297164,,0.037932228855789,0.037145076319575,0.00280005790327
featureide_examples/berkeleydb.dimacs,76,0.043734347447753,0.043511414900422,0.041460180655122,0.044115263968706,0.0366444978863,0.04495682567358,0.043811749666929,0.042944002896547,0.043383968994022,0.04056378826499,0.038963824510574,0.037936728447676,0.043113829568029,0.041123850271106,0.039385445415974,0.037454854696989,0.037836464121938,0.043222533538938,0.042452443391085,0.042652517557144,0.04076481051743,0.038069279864431,0.041043553501368,0.039891695603728,0.040987560525537,0.040406964719296,0.039698090404272,0.038482157513499,0.037920854985714,0.044060852378607,0.041700761765242,0.042320298030973,0.040348140522838,0.037872660905123,0.039694990962744,0.04007251560688,0.038998752832413,0.038199450820685,0.041365750133991,0.043338213115931,0.038923691958189,0.037202516570687,0.036744188517332,0.037285070866346,0.042240004986525,0.042547771707177,0.041291980072856,0.043215181678534,0.040391407907009,0.038013186305761,,0.040647217743099,0.04066429939121,0.002308209107617
Smarch/axtls_2_1_4.dimacs,94,0.03020035661757,0.030362639576197,0.031116966158152,0.029969034716487,0.02908543497324,0.041356360539794,0.03700659237802,0.041766179725528,0.035670906305313,0.030767207965255,0.031433111056686,0.034807063639164,0.036413351073861,0.041576702147722,0.040840703994036,0.040975486859679,0.04128584638238,0.036738160997629,0.037185048684478,0.037329912185669,0.03638125397265,0.040605053305626,0.042349830269814,0.037980267778039,0.041368771344423,0.040281219407916,0.042140983045101,0.041689475998283,0.038891632109881,0.038008565083146,0.041933922097087,0.041505433619022,0.039436027407646,0.037565149366856,0.036013947799802,0.036602180451155,0.042174924165011,0.042990118265152,0.038920596241951,0.037505630403757,0.036911016330123,0.036529013887048,0.042102375999093,0.04204422980547,0.038488997146487,0.037722401320934,0.041684659197927,0.041706474497914,0.038017451763153,0.037685841321945,,0.038062490187585,0.03801300842315,0.00381612064782
KConfig/axTLS.dimacs,96,0.04196478612721,0.041636563837528,0.04281397536397,0.038881108164787,0.043038276955485,0.043274248018861,0.042962808161974,0.039621198549867,0.043176272884011,0.038284504786134,0.042876541614533,0.039631724357605,0.04276367276907,0.042256485670805,0.037564117461443,0.037571081891656,0.032472625374794,0.041381621733308,0.036049077287316,0.031179323792458,0.02995284087956,0.030284617096186,0.029671346768737,0.040651114657521,0.035258186981082,0.038708927109838,0.038539299741387,0.041291335597634,0.040257526561618,0.037918157875538,0.030280681326985,0.031713999807835,0.029138522222638,0.029275380074978,0.038367468863726,0.035710468888283,0.039295671507716,0.039492869749665,0.041403403505683,0.042358599603176,0.03752813860774,0.039795957505703,0.041373487561941,0.039625348523259,0.040478907525539,0.036662820726633,0.038322493433952,0.036989983171225,0.041595865041018,0.040510831400752,,0.038237085342407,0.039394270628691,0.00424182355387
Smarch/fiasco_17_10.dimacs,234,0.042185058817268,0.04055630415678,0.055646572262049,0.044748496264219,0.042579988017678,0.042270291596651,0.055539244785905,0.048795124515891,0.056616943329573,0.046737851575017,0.054512133821845,0.046110555529595,0.041320176795125,0.054146956652403,0.047729639336467,0.0548390224576,0.045750124379993,0.040226632729173,0.055408140644431,0.046736843883991,0.054874133318663,0.046575341373682,0.05352689512074,0.046218169853091,0.04086372628808,0.039151115342975,0.042164944112301,0.039114579558373,0.04208792373538,0.039775840938091,0.041881762444973,0.039528025314212,0.039564207196236,0.039067778736353,0.039136232808232,0.041766632348299,0.03847636282444,0.053768182173371,0.046610910445452,0.039776563644409,0.055543152615428,0.04691930860281,0.054964506998658,0.044612023979426,0.039728984236717,0.039307251572609,0.040473684668541,0.055867044255138,0.04837110452354,0.040090510621667,,0.045845260024071,0.044680260121822,0.006162782876862
Smarch/uClibc-ng_1_0_29.dimacs,269,0.051744032651186,0.057665102183819,0.057922720909119,0.053718060255051,0.057916168123484,0.057802200317383,0.053145403042436,0.057815697044134,0.057998728007078,0.053173756226897,0.057854190468788,0.057954335585237,0.053582169115543,0.05739494599402,0.057907290756703,0.053259011358023,0.057630361989141,0.056569354608655,0.058509051799774,0.056448528543115,0.053909126669169,0.057854568585754,0.058323096483946,0.053386503830552,0.05779080837965,0.057988511398435,0.052321704104543,0.05779361538589,0.056911768391728,0.057499336078763,0.056723665446043,0.055716784670949,0.05904290266335,0.052859421819449,0.052146635949612,0.056381100788713,0.058878587558866,0.053961077705026,0.057332057505846,0.058230463415384,0.053349116817117,0.05822523124516,0.056524554267526,0.057444386184216,0.056439340114594,0.056273506954312,0.058640128001571,0.053907392546535,0.057037513703108,0.056596666574478,,0.056310013644397,0.057184785604477,0.002115729908357
KConfig/uClibc.dimacs,313,0.068222785368562,0.067935699597001,0.069629287347198,0.068565465509892,0.06992512755096,0.068212732672691,0.058096343651414,0.069845028221607,0.068756995722652,0.069547358900309,0.054679112508893,0.065672544762492,0.063175575807691,0.056781122460961,0.067912129685283,0.053242223337293,0.067389748990536,0.056833071634173,0.068990653380752,0.054446371272206,0.068719878792763,0.057325394824147,0.066901599988341,0.065015148371458,0.05886341072619,0.066657617688179,0.053701143711805,0.067862406373024,0.057849062606692,0.068832643330097,0.054290493950248,0.067027593031526,0.056490832939744,0.067790016531944,0.065670680254698,0.056305957958102,0.068628678098321,0.057730279862881,0.068317048251629,0.05402822420001,0.066800331696868,0.065402744337916,0.056722136214376,0.068127315491438,0.057114031165838,0.069269569590688,0.057359652593732,0.069126104936004,0.058055937290192,0.067088538780809,,0.063418677039445,0.066728974692524,0.00584474922308
Smarch/toybox_0_7_5.dimacs,316,0.038117306306958,0.040110526606441,0.040714751929045,0.040939170867205,0.040487231686711,0.033151799812913,0.041009975597262,0.034543719142675,0.04224638082087,0.040792195126414,0.037716090679169,0.039917295798659,0.041221849620342,0.040209259837866,0.038511009886861,0.03977943956852,0.039055375382304,0.033890502527356,0.040562829002738,0.037046829238534,0.039684830233455,0.040159182623029,0.035678831860423,0.0356146954,0.036759272217751,0.038543675094843,0.039604943245649,0.039358949288726,0.039148395881057,0.038213463500142,0.039478313177824,0.038641354069114,0.038385620340705,0.035372624173761,0.039703002199531,0.039757903665304,0.041361501440406,0.038650568574667,0.035535575821996,0.040243832394481,0.040453167632222,0.035650134086609,0.03448285907507,0.035543829202652,0.034608354791999,0.035535136237741,0.034672494977713,0.035555532202125,0.034506676718593,0.035576280206442,,0.038130090795457,0.03864596132189,0.002438622077376
KConfig/uClinux-base.dimacs,380,0.092457765713334,0.112419409677386,0.111962852999568,0.093916716054082,0.119148403406143,0.10980330221355,0.110874872654676,0.111060494557023,0.109501836821437,0.092697037383914,0.116892289370298,0.091222694143653,0.113423075526953,0.112492395564914,0.094461189582944,0.112949455156922,0.117657141759992,0.117753876373172,0.110915120691061,0.110461182892323,0.110684094950557,0.110890116542578,0.111032193526626,0.111723003908992,0.111045038327575,0.109789552167058,0.114637672901154,0.118374845013022,0.11516223475337,0.116532439365983,0.111292120069265,0.110512482002378,0.108553329482675,0.110123805701733,0.109631381928921,0.114225551486015,0.117515794932842,0.111004451289773,0.11077718064189,0.109648941084743,0.114490296691656,0.11858350969851,0.109723417088389,0.111050765961409,0.109225345775485,0.116732092574239,0.11827608384192,0.111616112291813,0.110879004001617,0.110838204622269,,0.110732843503356,0.1110386159271,0.00667568219698
confidential/automotive03/automotive03a.dimacs,384,0.035977136343718,0.048976695165038,0.041155407205224,0.048238078132272,0.040959844365716,0.037744963541627,0.037421353161335,0.048582689836621,0.041249731555581,0.048917572945356,0.041328135877848,0.048683315515518,0.041429072618485,0.046793168410659,0.040416486561298,0.037087503820658,0.035929737612605,0.049150181934238,0.040816316381097,0.048219637945294,0.042009480297566,0.047268131747842,0.038977088406682,0.047591771930456,0.040203183889389,0.036932192742825,0.047531332820654,0.042929532006383,0.047994438558817,0.039541810750961,0.038040267303586,0.047378573566675,0.0431520473212,0.038308652117848,0.047979459166527,0.042041154578328,0.04868944734335,0.042870180681348,0.037069387733936,0.048327907919884,0.043127294629812,0.03818803653121,0.048207579180598,0.043103320524097,0.038765706121922,0.037112019956112,0.04900448396802,0.045936508104205,0.048853917047381,0.047553852200508,,0.043275315761566,0.042899856343865,0.004531611417707
confidential/automotive06/automotive06a.dimacs,449,0.053257713094354,0.047938261181116,0.051555192098022,0.051531746983528,0.053182093426585,0.051668623462319,0.051504911854863,0.051224967464805,0.051197035238147,0.051137862727046,0.046069053933025,0.051479311659932,0.051675081253052,0.05057836510241,0.051475018262863,0.048577459529042,0.048484615981579,0.051291530951858,0.05130310356617,0.051936823874712,0.052678864449263,0.047383086755872,0.050945667549968,0.050385624170303,0.046813076362014,0.048095636069775,0.051705485209823,0.05068607069552,0.051377655938268,0.051312286406756,0.049363523721695,0.050362776964903,0.047337466850877,0.046211443841457,0.046756990253925,0.046454256400466,0.045514449477196,0.052082421258092,0.050943704321981,0.052367234602571,0.050376683473587,0.046542499214411,0.049743108451367,0.049886675551534,0.048712437972427,0.051939480006695,0.051111489534378,0.050863916054368,0.050064383074641,0.05156853236258,,0.050133113972843,0.050944685935974,0.002052621891839
confidential/automotive04/04.dimacs,531,0.164732867851853,0.164195882156491,0.162487357854843,0.164986243471503,0.127080300822854,0.129661079496145,0.136977054178715,0.136329827830195,0.132858255878091,0.136880215257406,0.129147984087467,0.127375887706876,0.129578040912747,0.133976776152849,0.133337087929249,0.129330987110734,0.135454703122377,0.133797755464911,0.128603305667639,0.135708233341575,0.13576397113502,0.128706524148583,0.134429043158889,0.13528398796916,0.137839131057262,0.137266466394067,0.135830944404006,0.138121243566275,0.136344684287906,0.136711221188307,0.128104895353317,0.133475361391902,0.135267075151205,0.128366842865944,0.158747788518667,0.134976716712117,0.158983444795013,0.137460831552744,0.130222288891673,0.126988392323256,0.130103535950184,0.158013179898262,0.135060468688607,0.135216154158115,0.136969881132245,0.130433624610305,0.135329822078347,0.134465534240007,0.132399288937449,0.1374755166471,,0.137337154150009,0.13524161465466,0.010508169602673
Smarch/toybox.dimacs,544,0.044421238824725,0.039623340591788,0.03783299587667,0.043939840048552,0.036982541903854,0.042228555306792,0.042707446962595,0.042962258681655,0.04112901352346,0.043872933834791,0.039482863619924,0.03801716864109,0.037562539801002,0.037454439327121,0.041206335648894,0.036334067583084,0.037837604060769,0.039172809571028,0.038616808131337,0.042589692398906,0.042648453265429,0.040819386020303,0.038891408592463,0.043832359835506,0.04358202777803,0.043365487828851,0.042351551353932,0.039534905925393,0.043161321431398,0.042781889438629,0.04112952016294,0.039415717124939,0.037469180300832,0.042632199823856,0.04275069013238,0.038705233484507,0.041191309690476,0.045750642195344,0.044593499973416,0.044039696455002,0.039765726774931,0.040980756282806,0.039682131260634,0.037865230813623,0.043777396902442,0.043659143149853,0.036487568169832,0.041003821417689,0.039505280554295,0.036414166912437,,0.040835243947804,0.041066417470574,0.002571794198157
confidential/automotive07/automotive07a.dimacs,581,0.186181744560599,0.187796950340271,0.176283175125718,0.183176578953862,0.147684115916491,0.144655356183648,0.17689123749733,0.150897230952978,0.146569153293967,0.149651750922203,0.149188730865717,0.146158685907722,0.149942303076386,0.150752291083336,0.145159291103482,0.145528927445412,0.150314565747976,0.148386431857944,0.149811916053295,0.150337858125567,0.146853556856513,0.143114903941751,0.142926912754774,0.142845327034593,0.143360590562224,0.143104325979948,0.142417656257749,0.179856315255165,0.14869412407279,0.150117101147771,0.149887159466744,0.145874058827758,0.145633796229959,0.151489824056625,0.148822478950024,0.146294651553035,0.144769337028265,0.151978593319654,0.148717435076833,0.143771186470985,0.14489958435297,0.149277584627271,0.14940039999783,0.145439986139536,0.15051438473165,0.149096112698317,0.145608298480511,0.149801744148135,0.150498904287815,0.145666835829616,,0.151522029303014,0.148769957013428,0.011657049656091
confidential/automotive03/03.dimacs,588,0.088361006230116,0.09520984441042,0.09426218830049,0.116412987932563,0.119379376992583,0.095630733296275,0.117011224851012,0.116370035335422,0.096576571464539,0.086949516087771,0.086938448250294,0.089873401448131,0.09008164331317,0.117547476664186,0.095750030130148,0.118015717715025,0.095180591568351,0.087203213945031,0.117901971563697,0.094090461730957,0.087775573134422,0.087693093344569,0.089814217761159,0.088863598182798,0.089468061923981,0.088799422606826,0.117169929668307,0.096004752442241,0.088977389037609,0.118293596431613,0.093706415966153,0.08749301545322,0.087030071765184,0.090003903955221,0.087201964110136,0.090213242918253,0.090015785768628,0.118044432252646,0.094428254291415,0.087445890530944,0.117356456816196,0.113507842645049,0.093920066952705,0.087242819368839,0.088598350062966,0.11733322776854,0.095487913116813,0.087496956810355,0.118178367614746,0.094155116006732,,0.098209323398769,0.094005264341831,0.012391322418018
Smarch/axTLS.dimacs,684,0.059297224506736,0.058092664927244,0.053157230839133,0.062459371984005,0.062597068026662,0.060375433415175,0.052743680775166,0.063166441395879,0.062209878116846,0.061383716762066,0.053618518635631,0.047888237982988,0.044653873890638,0.060534736141563,0.0526602268219,0.044996144250035,0.044225292280316,0.042747285217047,0.044973738491535,0.061106054112315,0.052469959482551,0.045167217031121,0.043054278939962,0.043042315170169,0.043179085478187,0.044699031859636,0.045106172561646,0.04324615187943,0.043098013848066,0.044350400567055,0.045236565172672,0.043130533769727,0.042088590562344,0.060765819624066,0.051853120326996,0.045101458206773,0.057951955124736,0.050925951451063,0.060785273090005,0.052774930372834,0.045210035517812,0.043738145381212,0.043977547436953,0.044942539185286,0.060466345399618,0.055041339248419,0.05637027695775,0.052487168461084,0.048293214291334,0.043993499130011,,0.050908675082028,0.049609582871199,0.007261885941091
financial_services/financialServices_2018-05-09.dimacs,771,0.427917920053005,0.38714312762022,0.351526819169521,0.346205877140164,0.348910011351109,0.349024586379528,0.352814530953765,0.345614992082119,0.347626034170389,0.343677690252662,0.345780480653048,0.372974276542664,0.339225651696324,0.339764464646578,0.33832193352282,0.340784335508943,0.337477620691061,0.337776320055127,0.369946394115686,0.34732548519969,0.347847511991858,0.348254762589931,0.340635666623712,0.338850492611527,0.339199967682362,0.337669784203172,0.33965433947742,0.337269105017185,0.369381453841925,0.350579312071204,0.339794460684061,0.345752121880651,0.34527101367712,0.349981816485524,0.345974091440439,0.335999619215727,0.352522924542427,0.344618126749992,0.340608214959502,0.344740768894553,0.343187350779772,0.34095348790288,0.351804098114371,0.347779203206301,0.340240439400077,0.340863298624754,0.34593652933836,0.348963296040893,0.343761613592505,0.339511182159185,,0.348148892112076,0.34544300287962,0.015114008306857
KConfig/busybox-1.18.0.dimacs,854,0.045457495376468,0.050641544163227,0.049124358221889,0.045416530221701,0.048868296667934,0.051574902608991,0.046835383400321,0.045943370088935,0.052222592756152,0.050261676311493,0.047869743779302,0.046427683904767,0.047315256670117,0.04616910405457,0.046084810048342,0.050674196332693,0.050574835389853,0.045744463801384,0.04602611809969,0.045177098363638,0.051063559949398,0.050910118967295,0.046522973105311,0.04521981626749,0.050442477688193,0.050216456875205,0.045592784881592,0.046007679775357,0.044229462742806,0.04656102322042,0.047552235424519,0.046521304175258,0.047278206795454,0.046428065747023,0.0475058183074,0.045740839093924,0.050436882302165,0.050430599600077,0.044540515169501,0.051973693072796,0.049682542681694,0.048547914251685,0.050132267177105,0.044166337698698,0.046150237321854,0.04678194411099,0.046666933223605,0.050146898254752,0.051050398498774,0.050572764128447,,0.047949644215405,0.047296731732786,0.002341497270429
Smarch/busybox_1_28_0.dimacs,998,0.062362495809794,0.060959091410041,0.068458309397101,0.083262344822288,0.084379907697439,0.068999610841274,0.0612852871418,0.06716968677938,0.065979359671474,0.08168775960803,0.068443972617388,0.067665034905076,0.067038396373391,0.066862450912595,0.067520452663303,0.06653467938304,0.065202005207539,0.062897074967623,0.061042523011565,0.068001285195351,0.066482191905379,0.06728077866137,0.067100409418345,0.06757346354425,0.068019919097424,0.062963560223579,0.061486462131143,0.066705407574773,0.065947564318776,0.061936290934682,0.061263790354133,0.067438207566738,0.066428018733859,0.067427499219775,0.067214546725154,0.067371951416135,0.066759491339326,0.066383298486471,0.06736739911139,0.06760691665113,0.063741561025381,0.06031664647162,0.059950087219477,0.067440638318658,0.065310344099999,0.063110155984759,0.061345145106316,0.067399745807052,0.068254869431257,0.063200645148754,,0.066531574688852,0.06681097112596,0.004969357579107
CDL/am31_sim.dimacs,1178,1.96154267340899,1.96990334056318,1.91906985640526,1.92710071802139,1.94373269751668,1.94411500915885,1.96237679757178,1.95161930657923,1.94472690112889,1.91070492006838,1.93928851187229,1.90343754552305,1.94152111001313,1.93739612586796,1.91269734688103,1.95294484682381,1.9232877921313,1.96718801930547,1.93401374667883,1.93680393323302,1.94455641321838,1.91502419859171,1.94575827755034,1.91554296389222,1.93890633061528,1.92228213697672,1.93363323435187,1.92776804417372,1.9361381791532,1.91312406398356,1.94632300548255,1.91501558944583,1.94174077548087,1.90298082493246,1.94391222670674,1.90977730974555,1.93784753233194,1.94302578829229,1.94256257638335,1.90683180466294,1.94500155001879,1.91289825364947,1.93856137804687,1.94224760681391,1.94673686102033,1.90628248080611,1.94294394925237,1.91145374253392,1.91472085565329,1.90964136458933,,1.93273421034217,1.93762182909995,0.017573528621222
KConfig/embtoolkit.dimacs,1179,0.108018707484007,0.1055773422122,0.111423613503575,0.110189313068986,0.105139033868909,0.105476684868336,0.10900241881609,0.112170429900289,0.10495837777853,0.104637252166867,0.106015374884009,0.105387251824141,0.110074328258634,0.110892357304692,0.103352079167962,0.105867676436901,0.104932103306055,0.109684515744448,0.110669206827879,0.104146895930171,0.108992367982864,0.10981385782361,0.1112589109689,0.108655393123627,0.104295920580626,0.106110548600554,0.10399429500103,0.111574333161116,0.1108971927315,0.109949896112084,0.109309270977974,0.102965839207172,0.081760065630078,0.109927555546165,0.088826796039939,0.110509665682912,0.089954730123282,0.08278451487422,0.079443192109466,0.079315971583128,0.079673696309328,0.11033733934164,0.087932728230953,0.108436899259686,0.091409469023347,0.083312664180994,0.079652132466436,0.080610090866685,0.105844382196665,0.089783996343613,,0.101698973588645,0.105710862204432,0.010997991010325
Smarch/ref4955.dimacs,1218,14.7860262393951,14.96850727126,14.8629216495901,14.8768028002232,14.8467678576708,14.8247313480824,14.8265499603003,14.8044663220644,15.018882330507,15.375534132123,14.8120323605835,14.7846259512007,14.8124750889838,14.7439351323992,14.7398778311908,14.8023341596127,14.8702530711889,14.8514109496027,14.8689491637051,14.7995560579002,14.8875493276864,14.766756683588,14.8304677307606,14.8435793146491,14.8365838434547,14.8727711103857,14.8091451656073,14.9919276237488,14.8360263369977,14.7496271245182,14.750871501863,14.7963043022901,14.7945753913373,14.8163557872176,14.8253649454564,14.7918947450817,14.8493735771626,14.8339478112757,14.8306202702224,14.8567057866603,14.8425072710961,14.856083733961,14.8463971242309,14.8532632347196,14.8418600130826,14.81354771927,14.8649281132966,14.8517735842615,14.8479373604059,14.8474757149816,,14.8462572385371,14.8363050902262,0.093378306261135
Smarch/ecos-icse11.dimacs,1244,7.86075218766928,7.95601254701614,7.90654938854277,7.88477713800967,7.91756802238524,7.96656736359,7.90923785232008,7.91323697194457,7.90729947015643,7.89108602888882,7.89051089994609,7.89812669157982,7.91024881228805,7.89426692016423,7.90802619606257,7.8988784532994,7.88546329177916,7.90267520770431,7.89401315897703,7.88036701641977,7.92625327780843,7.88797628320754,7.91258255392313,7.90138405188918,7.9000886939466,7.90893987938762,7.92140542529523,7.9370738081634,7.89971373230219,7.91866435855627,7.89626467786729,7.92041788063943,7.89790140837431,7.92031406983733,7.9052149001509,7.91922993585467,7.9057830478996,7.89928148686886,7.87503816373646,7.8856985680759,7.90498605556786,7.9402484074235,7.88705835491419,7.90607496723533,7.92653633654118,7.924371778965,7.92494116537273,7.92595990747213,7.89782457612455,7.89675236679614,,7.90699287477881,7.90549897402525,0.01937682980934
Smarch/pati.dimacs,1248,5.27557248622179,5.25878054462373,5.30132452398539,5.29206549189985,5.32374203763902,5.30546868778765,5.29655532725155,5.29934485070407,5.31056503765285,5.30165444500744,5.31061165034771,5.31485011428595,5.32991160079837,5.30376334488392,5.30977472290397,5.34961575642228,5.29286012984812,5.29177923686802,5.28834211081266,5.31135167554021,5.29791712388396,5.28638170100749,5.30644236505032,5.30708377808332,5.3033845834434,5.31129193119705,5.31265577673912,5.28596161305904,5.31240517646074,5.30116521008313,5.3167967684567,5.30280072055757,5.31004932709038,5.30529375001788,5.29535037837923,5.30370390787721,5.30234143137932,5.31296753324568,5.30835617333651,5.30498477071524,5.32561238482595,5.30514618568122,5.28668257780373,5.31269716285169,5.30544745363295,5.30846253596246,5.31752435490489,5.29195846430957,5.30893357656896,5.29977159202099,,5.30435008168221,5.30521996784955,0.013958156351417
CDL/p2106.dimacs,1262,5.36267881840467,5.36031127348542,5.36912417039275,5.35865634866059,5.35900764353573,5.36757828854024,5.36379197984934,5.37017706036568,5.3561032358557,5.35426725074649,5.39820032007992,5.35921736806631,5.35998075641692,5.36027049832046,5.35653365962207,5.35408367961645,5.36951139755547,5.36524165049195,5.37143127806485,5.36385514214635,5.36540209129453,5.34458461031318,5.37445796094835,5.38463724963367,5.375208735466,5.35964668169618,5.37153024785221,5.35640545748174,5.36374809779227,5.37387639470398,5.41059579886496,5.37586409598589,5.35300740599632,5.34475493989885,5.37870830669999,5.3802078589797,5.35809853672981,5.36455807462335,5.37063511088491,5.38113711029291,5.36643444374204,5.35229138843715,5.36696868017316,5.37715235538781,5.35749111697078,5.36538904346526,5.35833974741399,5.36920732818544,5.35469796694815,5.36559052020311,,5.36601298354566,5.36489986255765,0.011958692665319
Smarch/integrator_arm9.dimacs,1267,4.01881504617631,4.02796469442546,4.02029512450099,3.99965959228575,4.02902467921376,4.03662653267384,3.99038580060005,4.02571168169379,3.99760169908404,4.01931113004684,4.00561432354152,4.0159131065011,4.03302805870771,4.02026324346662,4.02698101848364,4.00235975533724,4.05581087991595,4.04737147688866,4.11958118155599,4.20843826234341,4.1339949760586,4.11629359796643,4.15594931133091,4.03882197663188,4.01832585595548,4.04824626818299,4.02760142460465,4.03532090783119,4.0295872464776,4.01716428995132,4.04477156698704,4.03745736926794,4.02229961939156,3.99455851502717,4.03910981863737,3.99970566853881,4.02699919976294,3.99932168982923,3.98994864337146,3.99058784544468,4.02386884763837,4.00955194607377,4.03002768009901,4.00876833871007,4.02904211729765,4.00470088422298,4.00406227633357,3.98535546846688,4.03214174136519,4.00292847491801,,4.03194541707635,4.02479026466608,0.043512482254296
Smarch/olpce2294.dimacs,1274,6.7107988987118,6.75221638381481,6.74026940762997,6.71879754960537,6.76959973946214,6.74524224363267,6.77075506746769,6.75522376596928,6.86968643218279,6.91382747888565,6.9361036028713,6.93732422217727,6.77107091620564,6.72501749917865,6.77328318729997,6.71515627019107,6.72164918854833,6.74200922250748,6.73534318432212,6.72657360136509,6.71629759855568,6.73689816705883,6.73453373275697,6.71038444340229,6.71927982568741,6.71938952617347,6.71908107213676,6.71647029183805,6.71769897453487,6.78177977539599,6.71653910167515,6.72169483453035,6.72024521045387,6.73615011386573,6.72267594002187,6.71882343664765,6.76445895992219,6.72461332567036,6.72715469449759,6.73071436956525,6.73269513435662,6.72165970504284,6.71024504490197,6.73824984021485,6.72398402169347,6.74944453500211,6.73803308978677,6.71464390866458,6.74173049069941,6.75350585021079,,6.74818045753986,6.73170475196093,0.053303236648391
Smarch/adderII.dimacs,1276,9.9673645477742,9.93027456104755,9.96287562325597,9.9059004560113,9.92120145261288,9.91387387178838,9.96158778294921,9.92279626056552,9.94057654030621,9.93591701984406,9.95677118375897,9.95380521006882,9.94036839343607,9.92372112721205,9.90190005674958,9.93609738349915,9.92274929396808,9.92248081043363,9.94384780712426,9.93522395566106,10.0678750518709,9.95659489929676,9.9447065051645,9.91706251725554,9.91651155613363,9.96793326549232,9.92921203747392,9.97367955558002,9.8950360249728,9.90768190659583,9.95872775651515,9.92729435302317,10.0344525147229,10.0177198369056,9.95238586142659,9.92369751259685,9.91956658102572,9.93156166374683,9.93268208019435,10.0411746483296,9.91582283377647,9.98537147045136,9.92926667816937,9.93614307977259,9.93825949542224,9.93871800601482,9.90414678677917,9.92228261195123,9.93295053951442,9.92427889257669,,9.94284259721637,9.93408724758774,0.035270561067106
Smarch/at91sam7sek.dimacs,1296,4.43293448351324,4.43660220131278,4.43892980366945,4.42793205194175,4.43455630168319,4.43607092276216,4.43553899228573,4.43008461594582,4.45140854269266,4.42808669619262,4.44610947929323,4.44831994734705,4.43798577785492,4.43091867305338,4.43954676017165,4.43572624772787,4.44570765085518,4.46130525320768,4.42604511231184,4.42826806753874,4.44454429484904,4.4370684903115,4.45335719920695,4.43278538249433,4.46229027956724,4.44164079613984,4.45314125716686,4.47153007239103,4.42947708442807,4.42843624949455,4.47771020233631,4.42860288731754,4.43107577413321,4.43575020320714,4.43649742938578,4.42115519195795,4.4382449388504,4.42710690572858,4.47303116880357,4.46021616831422,4.44763300195336,4.45044292882085,4.44092703610659,4.44554437696934,4.43087333999574,4.4463768042624,4.42784046567977,4.46334197558463,4.44220974482596,4.43579743430018,,4.44133453331888,4.43752713408321,0.013155092838936
Smarch/se77x9.dimacs,1319,8.32981510087848,8.35778691619635,8.33082318492234,8.37595501169562,8.34690325893462,8.33196066692472,8.34536253847182,8.33536253869534,8.31995467469096,8.34877810627222,8.33914490789175,8.34938023984432,8.3252169881016,8.36663912422955,8.38844816200435,8.35343105532229,8.37935584411025,8.39417101629078,8.36574739776552,8.36500776000321,8.34790285676718,8.33903783746064,8.34152821078897,8.33750086836517,8.32727060094476,8.33132527209818,8.3221988119185,8.36195771954954,8.34492753259838,8.37601054273546,8.35844211839139,8.3552039321512,8.35757969878614,8.33934486098588,8.35306686349213,8.34898856841028,8.48115919344127,8.34238650463522,8.3488595597446,8.33195089362562,8.33778116665781,8.33550401590765,8.36840219609439,8.34443363361061,8.3621403221041,8.36329200863838,8.3642666451633,8.37153364531696,8.38563530705869,8.33998321555555,,8.35337718192488,8.34881883300841,0.025552575764439
Smarch/m5272c3.dimacs,1323,8.56444553285837,8.59372671321034,8.6939334589988,8.58885887637734,8.59571040980518,8.63314489088953,8.60915374010801,8.65696021541953,8.61797560751438,8.64608491957188,8.62786925770342,8.59519693814218,8.5898819398135,8.6490001603961,8.59911507554352,8.63268833048642,8.62586312368512,8.61556806229055,8.62364189326763,8.65424096211791,8.61493797600269,8.59120630100369,8.6818247847259,8.6448741517961,8.6305884514004,8.62392952293158,8.63215483725071,8.64268966950476,8.61990511789918,8.60474225878716,8.6214660294354,8.62288969568908,8.63085917569697,8.60734234936535,8.59827638790011,8.6360658351332,8.61066232062876,8.66856801323593,8.63368651084602,8.66148691438139,8.68077492341399,8.61194556951523,8.60811840184033,8.63067647442222,8.63058621250093,8.61660765483975,8.59777725674212,8.59043646417558,8.69715142436326,8.63198176957667,,8.62574545126408,8.6237857080996,0.028229352319087
Smarch/phycore229x.dimacs,1360,14.0333392731845,14.0855032168329,14.1506484076381,14.1307099517435,14.113046836108,14.1559751871973,14.1239619106054,14.1574865523726,14.1162004843354,14.0863065626472,14.1012721713632,14.1100241839886,14.1211014017463,14.0988753307611,14.0949519276619,14.3690828476101,14.4020183160901,14.2079834248871,14.1508881784976,14.1946430299431,14.2338426914066,14.2385532241315,14.1443349886686,14.1548578739166,14.187496593222,14.1751604527235,14.1696881949902,14.1715715434402,14.1832862813026,14.1845683623105,14.1175602283329,14.1422979403287,14.182324225083,14.2236181702465,14.3741919528693,14.2452374901623,14.1161596085876,14.1757589709014,14.1934037394822,14.198907494545,14.122974647209,14.1319913305342,14.1430311929435,14.1721959076822,14.1347780674696,14.1024856865406,14.1953157894313,14.1609271913767,14.2042446807027,14.1271729618311,,14.1662391335517,14.155416530557,0.070341101297521
Smarch/freebsd-icse11.dimacs,1396,22.2370778508484,22.3094078171998,22.3134324382991,22.4059206563979,22.3009944129735,22.3563291020691,22.3132723551244,22.3343152310699,22.3196924366057,22.3664375469089,22.5350119490176,22.3194789346307,22.6254850141704,22.3884600140154,22.2711810711771,22.2831738907844,22.3242245800793,22.2831757906824,22.3019448909909,22.3229547869414,22.333559833467,22.2973973397166,22.3515502978116,22.3997171688825,22.3384211864322,22.3116393443197,22.3913242164999,22.3315033148974,22.3203181251883,22.2897496130317,22.3424749523401,22.3317782375962,22.3291385918856,22.3151118960232,22.3801403250545,22.37790475972,22.2930852603167,22.3899209462106,22.3183684162796,22.3231122046709,22.2608748935163,22.3369187191129,22.3133811913431,22.3046077396721,22.3481736704707,22.3549290448427,22.316539671272,22.3067450970411,22.3303130436689,22.2764447834343,,22.3365422930941,22.3230334958062,0.062386017635413
CDL/ea2468.dimacs,1408,16.3572010360658,16.4459268189967,16.562827879563,16.4295591916889,16.4325320180506,16.4096373114735,16.4609348885715,16.4212920311838,16.3960086070001,16.3620238639414,16.4096578266472,16.392230104655,16.4305586684495,16.4848332870752,16.5274645984173,16.4224532470107,16.3992223050445,16.4331410266459,16.3884761221707,16.4694592915475,16.3928529880941,16.4392464291304,16.3957465179265,16.4159115981311,16.3945726566017,16.3771663233638,16.4291013889015,16.4368757735938,16.4067192208022,16.4532921649516,16.4436680004001,16.3504702635109,16.5411320179701,16.4564452487975,16.4662479646504,16.4383418802172,16.4362102262676,16.4558787476271,16.4370839353651,16.4200465474278,16.5023867636919,16.4354427549988,16.4164831284434,16.4067044332623,16.4299459047616,16.402426270768,16.4387147165835,16.5426940340549,16.4520996175706,16.4250974338502,,16.4334889015183,16.4302522866055,0.044794890699895
KConfig/uClinux-distribution.dimacs,1580,0.064274435862899,0.068712700158358,0.068691311404109,0.065198702737689,0.063752427697182,0.064032148569822,0.062568962574005,0.063784284517169,0.062484400346875,0.069298906251788,0.067382082343102,0.064660312607885,0.062594909220934,0.06436450406909,0.067959701642394,0.067884251475334,0.065171420574188,0.06794011592865,0.068605050444603,0.064363695681095,0.068929536268115,0.067510612308979,0.065150899812579,0.068225145339966,0.06745744869113,0.065694784745574,0.068413784727454,0.068003104999662,0.065092381089926,0.067468479275704,0.067843588069081,0.06542793288827,0.067805385217071,0.067860063165426,0.064294697716832,0.063499083742499,0.068431828171015,0.069435639306903,0.069173183292151,0.069415427744389,0.068363934755325,0.069310227409005,0.068343751132488,0.067882008850575,0.064418001100421,0.062406104058027,0.064873339608312,0.068737464025617,0.067781493067741,0.062730455771089,,0.06647408220917,0.067489545792341,0.002255921219081
Smarch/fiasco.dimacs,1638,0.116130068898201,0.114895883947611,0.09025726094842,0.114764243364334,0.112712237983942,0.0902696903795,0.085402527824044,0.082739938050509,0.082071589305997,0.113108670338988,0.091540833935142,0.085403485223651,0.082801572978497,0.115321274846792,0.092877086251974,0.084643445909023,0.112293554469943,0.091584781184793,0.085424419492483,0.113347537815571,0.090926064178348,0.085568111389875,0.083118069916964,0.085422538220883,0.114050744101405,0.090455548837781,0.085559047758579,0.112956956028938,0.090465676039457,0.085983633995056,0.08371982909739,0.082777014002204,0.08237780444324,0.112293418496847,0.09030675701797,0.08596215210855,0.113387519493699,0.089548356831074,0.083392016589642,0.083153801038861,0.082617191597819,0.081408899277449,0.113633094355464,0.09094263613224,0.085761012509465,0.11375487037003,0.090819807723165,0.084792388603091,0.114280633628368,0.089097958058119,,0.094722473099828,0.09026347566396,0.012956751956202
confidential/automotive05/05.dimacs,1663,1800,1800,1800,1800,1800,1800,1800,1800,1800,1800,1800,1800,1800,1800,1800,1800,1800,1800,1800,1800,1800,1800,1800,1800,1800,1800,1800,1800,1800,1800,1800,1800,1800,1800,1800,1800,1800,1800,1800,1800,1800,1800,1800,1800,1800,1800,1800,1800,1800,1800,,1800,1800,0
Smarch/uClinux.dimacs,1850,0.037995144724846,0.040622990578413,0.039713338017464,0.045232601463795,0.046701455488801,0.047114163637161,0.040775798261166,0.039936181157827,0.046732971444726,0.047594407573342,0.047209475189447,0.041021348908544,0.041718007996678,0.040480155497789,0.041628256440163,0.03979554772377,0.041781356558204,0.039703609421849,0.039643602445722,0.035343753173947,0.033992704004049,0.039950797334313,0.037111833691597,0.041069081053138,0.040367357432842,0.035523172467947,0.04068398475647,0.041513897478581,0.040979547426105,0.039676692336798,0.035152824595571,0.035393238067627,0.034943653270602,0.035330664366484,0.035120449960232,0.035487912595272,0.046000650152564,0.040457911789417,0.046478189527989,0.044922590255737,0.042722219601274,0.045462992042303,0.045082986354828,0.041862456128001,0.046501751989126,0.046775076538324,0.047234391793609,0.047289405018091,0.046028813347221,0.046027410775423,,0.041517776437104,0.041000448167324,0.004142649670799
automotive01/automotive01.dimacs,2513,0.643347159028053,0.585650352761149,0.628052840009332,0.596158722415566,0.59802114404738,0.584301717579365,0.595048664137721,0.583972482010722,0.589729301631451,0.592308392748237,0.593525338917971,0.597082721069455,0.579426778480411,0.582268927246332,0.581601735204458,0.611691555008292,0.595496289432049,0.583660157397389,0.5876374989748,0.592122824862599,0.59302444010973,0.578736597672105,0.595148496329784,0.597640505060554,0.598859099671245,0.597891610115767,0.600201347842813,0.600379386916757,0.592703966423869,0.591086791828275,0.579465463757515,0.593378303572536,0.596480321139097,0.58614487759769,0.596530243754387,0.596487289294601,0.596100898459554,0.579685050994158,0.579387759789825,0.581474425271153,0.581709308549762,0.61229669302702,0.601284129545093,0.596320012584329,0.593719774857163,0.584558565169573,0.582741552963853,0.58384133502841,0.586591243743897,0.591336611658335,,0.592926214113832,0.592864203266799,0.011950449354204
confidential/automotive03/automotive03b.dimacs,4902,0.082580249756575,0.084617132321,0.08903269842267,0.086643312126398,0.084229338914156,0.08831132017076,0.08519696071744,0.08469364605844,0.089191174134612,0.088874720036984,0.088625384494662,0.089173216372728,0.086977269500494,0.089349023997784,0.085191490128636,0.088884165510535,0.086533801630139,0.082842089235783,0.088644614443183,0.088291998952627,0.090794876217842,0.088599545881152,0.088970549404621,0.087848536670208,0.090079717338085,0.086562810465694,0.087712926790118,0.08936582133174,0.088686130940914,0.08657300285995,0.088012238964439,0.088555905967951,0.090001983568072,0.085392255336046,0.089797900989652,0.089470336213708,0.089076396077871,0.087443370372057,0.087759859859943,0.089428182691336,0.085232498124242,0.087482873350382,0.087829036638141,0.08376220613718,0.083753006532788,0.088499322533608,0.088612360879779,0.084696814417839,0.089079830795527,0.085443457588554,,0.087448147237301,0.088152118958533,0.002068177969062
confidential/automotive06/automotive06b.dimacs,5571,0.071992250159383,0.068335304036737,0.070512417703867,0.069105407223106,0.074153618887067,0.071008246392012,0.071995049715042,0.074063189327717,0.07273062877357,0.074329521507025,0.06775257922709,0.069702735170722,0.072444524616003,0.072251981124282,0.067395938560367,0.068746404722333,0.066578824073076,0.074502788484097,0.074490075930953,0.072948912158609,0.073928127065301,0.072537902742624,0.074016466736794,0.072197372093797,0.075556876137853,0.068519132211804,0.072629431262612,0.073959775269032,0.072240836918354,0.076195092871785,0.068264631554484,0.067706778645516,0.067199004814029,0.067795567214489,0.074668953195214,0.074595797806978,0.068557776510716,0.073992177844048,0.075043244287372,0.072968930006027,0.074766017496586,0.067833323031664,0.069801161065698,0.072421824559569,0.072549931704998,0.073167460039258,0.075398856773973,0.069411743432283,0.074276303872466,0.074616624042392,,0.071837150380015,0.072491213679314,0.002734456035163
KConfig/linux-2.6.33.3.dimacs,6467,1800,1800,1800,1800,1800,1800,1800,1800,1800,1800,1800,1800,1800,1800,1800,1800,1800,1800,1800,1800,1800,1800,1800,1800,1800,1800,1800,1800,1800,1800,1800,1800,1800,1800,1800,1800,1800,1800,1800,1800,1800,1800,1800,1800,1800,1800,1800,1800,1800,1800,,1800,1800,0
Smarch/busybox-1.18.0.dimacs,6796,0.26210985891521,0.297979580238461,0.28043357655406,0.266885744407773,0.287845363840461,0.266133805736899,0.268913364037871,0.291191065683961,0.266081882640719,0.26402778364718,0.262084849178791,0.259900899603963,0.263602569699287,0.260191384702921,0.267926098778844,0.274781266227365,0.272940600290894,0.307421760633588,0.260949272662401,0.26294007152319,0.305867390707135,0.284462343901396,0.264366319403052,0.264158667996526,0.2591158375144,0.285089749842882,0.272766917943955,0.266435967758298,0.263259312137961,0.262266946956515,0.263831481337547,0.259383015334606,0.309922678396106,0.288681985810399,0.269502343609929,0.270825933665037,0.26326553709805,0.263662392273545,0.262179184705019,0.26179757155478,0.288213996216655,0.275426089763641,0.25979663617909,0.264466173946857,0.272968912497163,0.284616908058524,0.265535252168775,0.276065791025758,0.285373659804463,0.284415544942021,,0.272841226831079,0.266660856083035,0.013420565063841
Smarch/2.6.28.6-icse11.dimacs,6888,1800,1800,1800,1800,1800,1800,1800,1800,1800,1800,1800,1800,1800,1800,1800,1800,1800,1800,1800,1800,1800,1800,1800,1800,1800,1800,1800,1800,1800,1800,1800,1800,1800,1800,1800,1800,1800,1800,1800,1800,1800,1800,1800,1800,1800,1800,1800,1800,1800,1800,,1800,1800,0
confidential/automotive07/automotive07b.dimacs,8649,2.21723368391395,2.24645899794996,2.24525337293744,2.21339501440525,2.2519974373281,2.22675822861493,2.23633025586605,2.22253842465579,2.23439106717706,2.21835201233625,2.23869062773883,2.2188398744911,2.21193463355303,2.24020944908261,2.25178537890315,2.22009865008295,2.21924259699881,2.24461695551872,2.2471079993993,2.22170433402061,2.25155148841441,2.2353931311518,2.23802709765732,2.25945097953081,2.2216785158962,2.21730013936758,2.22469437867403,2.24928318150341,2.23324425704777,2.21780238673091,2.22344186156988,2.25869542919099,2.22047508135438,2.24328411743045,2.22293232008815,2.2523330040276,2.26696034520864,2.21581663005054,2.23887661658227,2.22230640240014,2.26670372672379,2.25451076030731,2.23837224766612,2.22483005560935,2.22604776918888,2.24799259565771,2.22442549094558,2.25059629045427,2.23567594401538,2.25912905856967,,2.23537540595978,2.23553453758359,0.015292831917726
Smarch/uClinux-config.dimacs,11254,0.750394308939576,0.728506527841091,0.710763504728675,0.706838648766279,0.702845707535744,0.719059351831675,0.700943930074573,0.70988524146378,0.718435088172555,0.710334623232484,0.699402494356036,0.702413352206349,0.711248550564051,0.687780337408185,0.69231229647994,0.692090723663569,0.727647555992007,0.696337444707751,0.711962144821882,0.708871923387051,0.726703152060509,0.700130885466933,0.725629717111588,0.717477276921272,0.705924581736326,0.702333062887192,0.71190476231277,0.692582104355097,0.718278504908085,0.703748693689704,0.708388300612569,0.702580636367202,0.694658547639847,0.689776167273521,0.702021239325404,0.737240647897124,0.714539982378483,0.705487251281738,0.71821890026331,0.707934206351638,0.715782508254051,0.715028103441,0.699288234114647,0.724037248641253,0.706388972699642,0.709033204242587,0.693921979516745,0.729433884844184,0.705971714109182,0.716086244210601,,0.709772089421749,0.70863011199981,0.012722889745047
Smarch/buildroot.dimacs,14910,1800,1800,1800,1800,1800,1800,1800,1800,1800,1800,1800,1800,1800,1800,1800,1800,1800,1800,1800,1800,1800,1800,1800,1800,1800,1800,1800,1800,1800,1800,1800,1800,1800,1800,1800,1800,1800,1800,1800,1800,1800,1800,1800,1800,1800,1800,1800,1800,1800,1800,,1800,1800,0
automotive02/automotive2_4.dimacs,18616,104.647026961669,104.48201613687,104.160870356485,104.701082848012,105.046843675897,105.10136234574,105.01262832433,104.961349181831,103.522245235741,104.002113062888,103.793499173597,103.331981290132,104.79398890771,104.89133256115,104.770079478622,105.389848867431,105.069127785042,104.912257196382,105.310288149863,105.507812801749,104.600972218439,104.541025523096,105.451352700591,105.633452169597,104.349171984941,104.548286681995,104.331222673878,105.230241103098,105.160487355664,106.378363048658,106.097859134898,106.864933449775,105.750061957166,107.99376411736,104.327066151425,102.56555458717,102.899686481804,103.702164396644,103.907685438171,103.774499738589,102.780849533156,106.016108855605,106.684962598607,133.630066830665,139.922183936462,144.192919107154,144.445081183687,145.368675142527,143.793367514387,145.439544348046,,110.075787286088,104.98698875308,13.2975500766243
Smarch/embtoolkit.dimacs,23516,24.9415895529091,24.9446741249412,24.9957231823355,25.0033649466932,24.8734872881323,24.9855804573745,24.953594552353,24.9601177088916,25.0160666778684,25.0327558424324,25.0224370807409,24.9791956432164,24.9769598841667,24.994482671842,24.8782837875187,25.0786941722035,25.0340379159898,25.0169346351176,24.9648007415235,24.9911125227809,25.1009099278599,25.0462608933449,24.92498999089,24.9338176511228,25.03649228625,25.021491073072,24.8647474162281,24.89997725375,24.9459968339652,25.0184311643243,24.9269021227956,24.9305665902793,24.9536029305309,24.9637426044792,24.8523076418787,25.0191094242036,24.9361846745014,25.0065934006125,24.9316808097065,24.9647249933332,24.8879442680627,24.9762226566672,25.0553544033319,24.9872811883688,24.869332741946,24.9306374266744,24.9114819858223,24.9759210180491,24.7742739561945,24.9699706342071,,24.9652168670297,24.9673856878653,0.062691748584533
Smarch/freetz.dimacs,31012,1800,1800,1800,1800,1800,1800,1800,1800,1800,1800,1800,1800,1800,1800,1800,1800,1800,1800,1800,1800,1800,1800,1800,1800,1800,1800,1800,1800,1800,1800,1800,1800,1800,1800,1800,1800,1800,1800,1800,1800,1800,1800,1800,1800,1800,1800,1800,1800,1800,1800,,1800,1800,0
Smarch/2.6.32-2var.dimacs,60072,1800,1800,1800,1800,1800,1800,1800,1800,1800,1800,1800,1800,1800,1800,1800,1800,1800,1800,1800,1800,1800,1800,1800,1800,1800,1800,1800,1800,1800,1800,1800,1800,1800,1800,1800,1800,1800,1800,1800,1800,1800,1800,1800,1800,1800,1800,1800,1800,1800,1800,,1800,1800,0
Smarch/2.6.33.3-2var.dimacs,62482,1800,1800,1800,1800,1800,1800,1800,1800,1800,1800,1800,1800,1800,1800,1800,1800,1800,1800,1800,1800,1800,1800,1800,1800,1800,1800,1800,1800,1800,1800,1800,1800,1800,1800,1800,1800,1800,1800,1800,1800,1800,1800,1800,1800,1800,1800,1800,1800,1800,1800,,1800,1800,0
