CDL/am31_sim.dimacs,4.03157158754766,3.9918026998639107,3.9942308124154806,3.979033000767231,3.972353907302022,4.105459192767739,4.098416768014431,4.166950352489948,4.096353491768241,4.489628180861473,4.474136143922806,4.453164445236325,4.209801474586129,4.523508058860898,4.4757183119654655,4.4754550363868475,4.124904720112681,4.134926166385412,4.229442644864321,4.069644099101424,4.311797136440873,4.254794066771865,4.061125222593546,4.6993580143898726,4.603756805881858,4.617255637422204,4.648081390187144,4.600488668307662,4.613918740302324,4.609914053231478,4.633187221363187,4.604180799797177,4.796598993241787,4.6441095639020205,4.700597282499075,4.606670001521707,4.6593108754605055,4.605104984715581,4.630788680166006,4.643215447664261,4.696140356361866,4.624629493802786,4.636737594380975,4.628384219482541,4.6951010301709175,4.721217190846801,4.604317054152489,4.618566082790494,4.6313566863536835,4.612512588500977
CDL/ea2468.dimacs,39.04250355809927,39.142253844067454,39.13208471797407,39.20683419331908,39.006116250529885,39.2218715492636,39.12114723585546,39.09701597690582,39.36342495679855,39.454277873039246,39.13247435353696,39.12076016701758,39.15032010525465,39.36870828084648,39.29344315454364,38.99396910890937,39.09933505766094,39.06055784039199,39.10155892930925,39.14209117740393,39.1390447858721,39.35694216005504,39.01787797920406,39.5980708617717,39.01537861302495,39.156138744205236,39.055007776245475,39.15118150413036,39.10077962093055,39.05397753790021,39.22992799244821,39.34862018190324,39.01989624835551,39.254863519221544,39.27326903119683,39.23254786245525,39.20207372866571,39.08280018903315,39.06286769360304,39.03198437206447,39.09767507389188,39.21958092227578,39.211210602894425,39.41564264707267,39.39009538479149,39.193267868831754,39.07645723968744,39.16530777513981,39.14170107617974,38.99048484489322
CDL/p2106.dimacs,11.528741627931595,11.571865808218718,11.613893186673522,11.656929129734635,11.621428914368153,11.57437613606453,11.636734614148736,11.57908234000206,11.628351228311658,11.776512308046222,11.681192640215158,11.689300674945116,11.680045315995812,11.686858337372541,11.680542094632983,11.709784051403403,11.755197549238801,11.704669300466776,11.696319276466966,11.651397176086903,11.686527658253908,11.617204263806343,11.644030459225178,11.599860601127148,11.627215528860688,11.656836465001106,11.623987004160881,11.485674779862165,11.583971936255693,11.540359741076827,11.549369918182492,11.48284450173378,11.652368184179068,11.367022547870874,11.521166805177927,11.753197867423296,11.396107498556376,11.772504732012749,11.408742312341928,11.718289377167821,11.402361998334527,11.69981150329113,11.378632551059127,11.704138550907373,11.445838365703821,11.739438232034445,11.443616084754467,11.653481051325798,11.477463843300939,11.669557496905327
KConfig/axTLS.dimacs,0.0060187410563230515,0.006219698116183281,0.005871117115020752,0.006008250638842583,0.005970967933535576,0.005638711154460907,0.0051909033209085464,0.00497240386903286,0.00542144849896431,0.005349716171622276,0.003455011174082756,0.0032741036266088486,0.003460073843598366,0.003466818481683731,0.003491191193461418,0.005260998383164406,0.005341121926903725,0.004331063479185104,0.005658525973558426,0.004792284220457077,0.005424674600362778,0.005143254995346069,0.005271922796964645,0.005894411355257034,0.004352066665887833,0.005566438660025597,0.005030455067753792,0.00506514310836792,0.005027923732995987,0.005100419744849205,0.0049514733254909515,0.005119694396853447,0.004883367568254471,0.005448954179883003,0.005488650873303413,0.005324522033333778,0.005538897588849068,0.005482720211148262,0.005551738664507866,0.005169006064534187,0.0047028642147779465,0.0049677323549985886,0.005505511537194252,0.004830736666917801,0.006054434925317764,0.005999904125928879,0.005729855969548225,0.005656246095895767,0.005688171833753586,0.005645867437124252
KConfig/busybox-1.18.0.dimacs,0.03259064629673958,0.030479302629828453,0.025226332247257233,0.029613696038722992,0.027990002185106277,0.026768503710627556,0.028018491342663765,0.027780702337622643,0.028299817815423012,0.030686067417263985,0.029647432267665863,0.025203729048371315,0.026907125487923622,0.026130400598049164,0.02789745293557644,0.028559960424900055,0.029763435944914818,0.029228515923023224,0.02709667570888996,0.02840191312134266,0.02691705897450447,0.02887534163892269,0.026881776750087738,0.026961922645568848,0.0274996068328619,0.02916286699473858,0.02690553478896618,0.03217441961169243,0.02743428573012352,0.027782756835222244,0.02690218761563301,0.028317127376794815,0.02682764269411564,0.024673236533999443,0.026810474693775177,0.02683601714670658,0.02620091289281845,0.028661450371146202,0.025964481756091118,0.027601715177297592,0.024123799055814743,0.029360147193074226,0.028596848249435425,0.026158779859542847,0.028070462867617607,0.02870856411755085,0.029757214710116386,0.03199082054197788,0.025685565546154976,0.02617635205388069
KConfig/embtoolkit.dimacs,0.046879718080163,0.04819251596927643,0.04816506244242191,0.04492070898413658,0.04778012074530125,0.04940244369208813,0.05045869201421738,0.04837403818964958,0.046343034133315086,0.0461299903690815,0.045780615881085396,0.044772207736968994,0.04539064131677151,0.04966108128428459,0.04930357076227665,0.045290833339095116,0.04885041154921055,0.049459874629974365,0.046103354543447495,0.04560558497905731,0.04968791827559471,0.049322983250021935,0.04881423898041248,0.04967261850833893,0.04707845486700535,0.04956691153347492,0.04759352467954159,0.04322330839931965,0.04632878862321377,0.050228020176291466,0.047002095729112625,0.04449139162898064,0.04879428260028362,0.050146909430623055,0.04541352204978466,0.04510439746081829,0.04845910333096981,0.047589946538209915,0.04654953256249428,0.048192113637924194,0.044466735795140266,0.04617254249751568,0.04850192368030548,0.047002289444208145,0.046303076669573784,0.045988162979483604,0.045150239020586014,0.047252656891942024,0.049271706491708755,0.048500845208764076
KConfig/linux-2.6.33.3.dimacs,1800,1800,1800,1800,1800,1800,1800,1800,1800,1800,1800,1800,1800,1800,1800,1800,1800,1800,1800,1800,1800,1800,1800,1800,1800,1800,1800,1800,1800,1800,1800,1800,1800,1800,1800,1800,1800,1800,1800,1800,1800,1800,1800,1800,1800,1800,1800,1800,1800,1800
KConfig/uClibc.dimacs,0.03125165030360222,0.03161276876926422,0.03203726373612881,0.030629850924015045,0.03442293778061867,0.03262447379529476,0.035122714936733246,0.032716237008571625,0.03496049530804157,0.032506635412573814,0.0299425907433033,0.030168602243065834,0.034325506538152695,0.032437779009342194,0.03489398770034313,0.03143894113600254,0.028461767360568047,0.03156734071671963,0.03464920446276665,0.03274182416498661,0.03583522140979767,0.03282179497182369,0.038434356451034546,0.037040479481220245,0.03440849483013153,0.03373415395617485,0.03086194396018982,0.03167118690907955,0.03285717032849789,0.033192895352840424,0.03125023655593395,0.02912983112037182,0.02845236286520958,0.03142921254038811,0.03304540179669857,0.0317420344799757,0.035886600613594055,0.033436525613069534,0.03479696996510029,0.03344516083598137,0.03602681681513786,0.032802894711494446,0.03526339307427406,0.03063547983765602,0.0283347275108099,0.03225859999656677,0.035173991695046425,0.03151050955057144,0.03244462236762047,0.02857377380132675
KConfig/uClinux-base.dimacs,0.024196894839406013,0.025096161291003227,0.02585047297179699,0.026943376287817955,0.025260675698518753,0.02641396038234234,0.02644975297152996,0.026012400165200233,0.025044146925210953,0.0226956345140934,0.024085287004709244,0.02336028218269348,0.02178667113184929,0.024240151047706604,0.024637317284941673,0.02229481190443039,0.022800035774707794,0.02560092881321907,0.024764221161603928,0.023001447319984436,0.023289063945412636,0.025372713804244995,0.02340768463909626,0.02437836118042469,0.023270724341273308,0.026255561038851738,0.023554593324661255,0.02262742631137371,0.026661409065127373,0.02684265933930874,0.02528388611972332,0.02581734023988247,0.022400004789233208,0.025199132040143013,0.025850288569927216,0.028301533311605453,0.02546117827296257,0.028506657108664513,0.025200046598911285,0.02469107136130333,0.024603910744190216,0.02448664791882038,0.023340241983532906,0.02660614438354969,0.027959024533629417,0.02884834259748459,0.02523171342909336,0.0277863759547472,0.025165952742099762,0.02900235913693905
KConfig/uClinux-distribution.dimacs,0.05783580057322979,0.054975561797618866,0.05590474046766758,0.05437291041016579,0.05479959584772587,0.053784023970365524,0.058695925399661064,0.05793891288340092,0.059772273525595665,0.057465581223368645,0.054224228486418724,0.05366128496825695,0.05130641721189022,0.056000346317887306,0.05528319999575615,0.05281999707221985,0.05705243907868862,0.05657142400741577,0.05571816675364971,0.05526959337294102,0.05537519231438637,0.05762061849236488,0.05774190463125706,0.054788192734122276,0.05672195553779602,0.05423900671303272,0.05365167185664177,0.05445382371544838,0.05473797954618931,0.05542051047086716,0.058431973680853844,0.05272037535905838,0.05709847807884216,0.05452033877372742,0.056684572249650955,0.05456392839550972,0.05550198815762997,0.05706525966525078,0.0560432281345129,0.05490543134510517,0.05683635361492634,0.05561418458819389,0.05580710992217064,0.056723061949014664,0.056477099657058716,0.055208735167980194,0.052624376490712166,0.051695531234145164,0.057505542412400246,0.05322248488664627
Smarch/2.6.28.6-icse11.dimacs,1800,1800,1800,1800,1800,1800,1800,1800,1800,1800,1800,1800,1800,1800,1800,1800,1800,1800,1800,1800,1800,1800,1800,1800,1800,1800,1800,1800,1800,1800,1800,1800,1800,1800,1800,1800,1800,1800,1800,1800,1800,1800,1800,1800,1800,1800,1800,1800,1800,1800
Smarch/2.6.32-2var.dimacs,1800,1800,1800,1800,1800,1800,1800,1800,1800,1800,1800,1800,1800,1800,1800,1800,1800,1800,1800,1800,1800,1800,1800,1800,1800,1800,1800,1800,1800,1800,1800,1800,1800,1800,1800,1800,1800,1800,1800,1800,1800,1800,1800,1800,1800,1800,1800,1800,1800,1800
Smarch/2.6.33.3-2var.dimacs,1800,1800,1800,1800,1800,1800,1800,1800,1800,1800,1800,1800,1800,1800,1800,1800,1800,1800,1800,1800,1800,1800,1800,1800,1800,1800,1800,1800,1800,1800,1800,1800,1800,1800,1800,1800,1800,1800,1800,1800,1800,1800,1800,1800,1800,1800,1800,1800,1800,1800
Smarch/7z.dimacs,0.00505417212843895,0.004451364278793335,0.0047169942408800125,0.005709830671548843,0.00485464371740818,0.005637746304273605,0.005103906616568565,0.005323547869920731,0.005200760439038277,0.00538906455039978,0.005476018413901329,0.005333667621016502,0.005252804607152939,0.005065165460109711,0.005707113072276115,0.005175244063138962,0.004583524540066719,0.004827965050935745,0.005984535440802574,0.005417758598923683,0.0052758995443582535,0.005315551534295082,0.005270648747682571,0.004847647622227669,0.0052238814532756805,0.005505608394742012,0.00522291474044323,0.004890616983175278,0.005165483802556992,0.0054391007870435715,0.005445796996355057,0.005818529054522514,0.005470331758260727,0.004646334797143936,0.004683714359998703,0.005046674981713295,0.00499378889799118,0.0055433157831430435,0.005422851070761681,0.0055289678275585175,0.005331657826900482,0.00556815043091774,0.005427168682217598,0.00535334087908268,0.005384489893913269,0.0048715900629758835,0.005338441580533981,0.0049756597727537155,0.0053489115089178085,0.005463076755404472
Smarch/BerkeleyDBC.dimacs,0.004191430285573006,0.004583921283483505,0.004906205460429192,0.004552876576781273,0.004398128017783165,0.004513215273618698,0.00447121262550354,0.004506660625338554,0.004577349871397018,0.004458943381905556,0.004492057487368584,0.004557013511657715,0.004909854382276535,0.004590965807437897,0.004547696560621262,0.004486199468374252,0.004515079781413078,0.004510534927248955,0.004519544541835785,0.004540394991636276,0.004567630589008331,0.004643093794584274,0.004892557859420776,0.004700791090726852,0.004573231562972069,0.004539303481578827,0.004442403092980385,0.004413841292262077,0.004518687725067139,0.004467811435461044,0.00448489747941494,0.004492158070206642,0.00451904721558094,0.004783168435096741,0.004765355959534645,0.004472091794013977,0.004569137468934059,0.004523543640971184,0.004469767212867737,0.004465088248252869,0.004551611840724945,0.00453987717628479,0.00447152741253376,0.004515809938311577,0.004540344700217247,0.004482360556721687,0.004840519279241562,0.004684705287218094,0.004717227071523666,0.004570290446281433
Smarch/Dune.dimacs,0.004716604948043823,0.004699265584349632,0.004704374819993973,0.0045457873493433,0.004630513489246368,0.004118168726563454,0.004353456199169159,0.00465979240834713,0.0045888666063547134,0.0046222880482673645,0.004695532843470573,0.004868056625127792,0.005257997661828995,0.004949122667312622,0.004741787910461426,0.004632189869880676,0.004738960415124893,0.004693003371357918,0.004620729014277458,0.0049320999532938,0.004723537713289261,0.004674039781093597,0.004621895030140877,0.00460967980325222,0.00465879961848259,0.004628168419003487,0.004665683954954147,0.004657423123717308,0.004680056124925613,0.004835078492760658,0.004940515384078026,0.004890508949756622,0.004792017862200737,0.004884805530309677,0.004601657390594482,0.004642335698008537,0.004602763801813126,0.004609314724802971,0.004590526223182678,0.004655124619603157,0.004663681611418724,0.004842767491936684,0.004761869087815285,0.004742039367556572,0.00484129972755909,0.004938170313835144,0.004706507548689842,0.004649080336093903,0.0047161635011434555,0.004650712013244629
Smarch/HiPAcc.dimacs,0.005550958216190338,0.005320589989423752,0.005107477307319641,0.0055222660303115845,0.005147790536284447,0.004926450550556183,0.004549864679574966,0.005432548001408577,0.005560342222452164,0.005092384293675423,0.005541037768125534,0.005803946405649185,0.0052618347108364105,0.005380745977163315,0.005110591650009155,0.005306746810674667,0.0053754523396492004,0.005287496373057365,0.005323149263858795,0.005513928830623627,0.005145443603396416,0.005363663658499718,0.005096789449453354,0.005142100155353546,0.005139939486980438,0.005383657291531563,0.005439329892396927,0.004951708018779755,0.005254572257399559,0.00565282441675663,0.005984056740999222,0.005444463342428207,0.00519954040646553,0.004542963579297066,0.004947492852807045,0.005225418135523796,0.0054853446781635284,0.00524492934346199,0.0050319284200668335,0.005461893975734711,0.005267756059765816,0.005412347614765167,0.00539766438305378,0.0053729042410850525,0.005447959527373314,0.0054368022829294205,0.005581900477409363,0.005483807995915413,0.005405642092227936,0.005198843777179718
Smarch/JHipster.dimacs,0.005143104121088982,0.005536051467061043,0.004989398643374443,0.005585843697190285,0.005420533940196037,0.005607388913631439,0.005535352975130081,0.005392076447606087,0.005631234496831894,0.0052765291184186935,0.0054373666644096375,0.005533909425139427,0.005508709698915482,0.0058298129588365555,0.005833044648170471,0.004612619057297707,0.005565932020545006,0.0052209775894880295,0.005811136215925217,0.005547270178794861,0.005253234878182411,0.00524531677365303,0.005088703706860542,0.005591249093413353,0.005177630111575127,0.005753464996814728,0.006041262298822403,0.005666680634021759,0.005921676754951477,0.005379749462008476,0.004862990230321884,0.005407644435763359,0.005339207127690315,0.005132367834448814,0.005579542368650436,0.00561833381652832,0.0053503382951021194,0.005004944279789925,0.005858652293682098,0.005827825516462326,0.005781970918178558,0.005582185462117195,0.005667988210916519,0.0054455045610666275,0.0053275153040885925,0.004825899377465248,0.005435474216938019,0.005300963297486305,0.005292963236570358,0.005598090589046478
Smarch/JavaGC.dimacs,0.005148347467184067,0.005026917904615402,0.004398081451654434,0.004719063639640808,0.004984516650438309,0.005065146833658218,0.005048314109444618,0.004924699664115906,0.004756400361657143,0.0049775149673223495,0.0049319788813591,0.0046142954379320145,0.0045974645763635635,0.005143051967024803,0.005321187898516655,0.004997480660676956,0.004618935286998749,0.004919556900858879,0.005000140517950058,0.004808433353900909,0.004670668393373489,0.004728568717837334,0.004967367276549339,0.0050915442407131195,0.005149923264980316,0.005274422466754913,0.004921272397041321,0.004916297271847725,0.004968035966157913,0.004878029227256775,0.0047929007560014725,0.005451057106256485,0.004915244877338409,0.0049093011766672134,0.005043325945734978,0.004894906654953957,0.005010003224015236,0.005428323522210121,0.0050043985247612,0.004879487678408623,0.004980850964784622,0.004937402904033661,0.004935160279273987,0.004945436492562294,0.004784541204571724,0.005201464518904686,0.005036545917391777,0.004823554307222366,0.004713358357548714,0.004871515557169914
Smarch/LLVM.dimacs,0.004265831783413887,0.004239492118358612,0.004286300390958786,0.0042864251881837845,0.004239434376358986,0.004257215186953545,0.004221072420477867,0.004111232236027718,0.004260119050741196,0.004256147891283035,0.004803644493222237,0.00426873005926609,0.004269219934940338,0.003074018284678459,0.0036795083433389664,0.0036297645419836044,0.004083855077624321,0.004174638539552689,0.0035935379564762115,0.0042396169155836105,0.004273047670722008,0.004121268168091774,0.004367303103208542,0.004292527213692665,0.004318244755268097,0.004267575219273567,0.004262156784534454,0.004230445250868797,0.004090139642357826,0.004214078187942505,0.0035467203706502914,0.0042330678552389145,0.0043316800147295,0.0043160393834114075,0.004254486411809921,0.004213495180010796,0.004230808466672897,0.004609862342476845,0.004656277596950531,0.004283228889107704,0.004181625321507454,0.004142787307500839,0.004092974588274956,0.004208395257592201,0.0044111330062150955,0.004335464909672737,0.0042185112833976746,0.004257047548890114,0.004386257380247116,0.00429803691804409
Smarch/Polly.dimacs,0.004919817671179771,0.004816005006432533,0.004905477166175842,0.004991250112652779,0.004816465079784393,0.004828179255127907,0.00499781034886837,0.00489216111600399,0.004933252930641174,0.004782361909747124,0.005050381645560265,0.004939662292599678,0.005065165460109711,0.004874112084507942,0.004898665472865105,0.004935313016176224,0.004903897643089294,0.00491386279463768,0.004891064018011093,0.004941700026392937,0.0048764608800411224,0.005096346139907837,0.005168745294213295,0.0046296995133161545,0.0046839844435453415,0.00485190749168396,0.00484822504222393,0.00490623340010643,0.005038632079958916,0.00500643253326416,0.004920642822980881,0.004922451451420784,0.0049443356692790985,0.004751896485686302,0.004860332235693932,0.005216432735323906,0.005219301208853722,0.005057977512478828,0.004508474841713905,0.004802735522389412,0.004915742203593254,0.00490199401974678,0.005370957776904106,0.00513065792620182,0.004774603992700577,0.004739096388220787,0.004882249981164932,0.005317742004990578,0.005111878737807274,0.004935126751661301
Smarch/VP9.dimacs,0.004949904978275299,0.004828611388802528,0.004906652495265007,0.004932967945933342,0.0047739241272211075,0.004716634750366211,0.004602640867233276,0.004945943132042885,0.004858160391449928,0.004905330017209053,0.005114452913403511,0.005259260535240173,0.0049055106937885284,0.005066545680165291,0.004923580214381218,0.004862995818257332,0.004917582497000694,0.0049358755350112915,0.004856111481785774,0.004919663071632385,0.004913611337542534,0.004921911284327507,0.004753008484840393,0.005027901381254196,0.005380939692258835,0.00501154363155365,0.0049518197774887085,0.00488319993019104,0.004977386444807053,0.003404758870601654,0.0035165175795555115,0.003703005611896515,0.0048634763807058334,0.004073146730661392,0.004269614815711975,0.004189133644104004,0.00492078997194767,0.004609817638993263,0.005043189972639084,0.004754077643156052,0.004923800006508827,0.004903465509414673,0.004406973719596863,0.0049807485193014145,0.0049255527555942535,0.0048348065465688705,0.004736877977848053,0.0046611446887254715,0.004907647147774696,0.004979141056537628
Smarch/X264.dimacs,0.004571074619889259,0.004290428012609482,0.004773415625095367,0.004353528842329979,0.004421057179570198,0.004437871277332306,0.0044526755809783936,0.004433406516909599,0.004421064630150795,0.004347166046500206,0.004401331767439842,0.004193814471364021,0.004401437938213348,0.003661651164293289,0.004046261310577393,0.004166467115283012,0.004408655688166618,0.004153214395046234,0.004709087312221527,0.004433702677488327,0.0036712270230054855,0.004434807226061821,0.004255890846252441,0.004454931244254112,0.0037456564605236053,0.004341095685958862,0.004263611510396004,0.004487322643399239,0.004432832822203636,0.004325626417994499,0.004448346793651581,0.0043088700622320175,0.004292013123631477,0.004316924139857292,0.004454195499420166,0.004213361069560051,0.004750583320856094,0.004466267302632332,0.004319075495004654,0.004292724654078484,0.004372527822852135,0.004381194710731506,0.00440312922000885,0.004476975649595261,0.004373731091618538,0.004537180066108704,0.004338385537266731,0.00443844310939312,0.004266103729605675,0.0045658499002456665
Smarch/adderII.dimacs,25.89171082340181,25.796361550688744,25.921022418886423,25.882622849196196,25.898629926145077,25.920992348343134,26.00945326127112,25.9207094181329,25.829489702358842,24.779602967202663,24.467818273231387,24.70097786001861,24.339438386261463,24.403305714949965,24.430546145886183,24.452165130525827,24.328456902876496,24.47078395821154,24.356789004057646,24.4636202249676,24.540229873731732,24.488422809168696,24.54715291969478,24.48367470689118,24.509984964504838,24.372225243598223,24.509967988356948,24.355229396373034,24.688273161649704,24.34717769548297,24.462892772629857,24.4019619487226,24.420594424009323,24.408469542860985,25.609717771410942,24.435575116425753,24.42546208202839,24.408476708456874,24.31256361491978,24.424231497570872,24.38427460193634,24.5541778691113,24.689506540074944,24.474461430683732,24.523768432438374,24.562173316255212,24.468527348712087,24.44197891280055,24.429922042414546,24.366939269006252
Smarch/at91sam7sek.dimacs,11.213053485378623,11.177331482991576,11.193908046931028,11.209730247035623,11.167653128504753,11.151640720665455,11.166939752176404,11.179475111886859,11.138040130957961,11.270292710512877,11.284048710018396,11.19768587872386,11.17469771578908,11.273429114371538,11.233756262809038,11.166487574577332,11.168719621375203,11.195571538060904,11.165568470954895,11.166027093306184,11.140069695189595,11.226452734321356,11.22572178952396,11.155782094225287,11.244698906317353,11.170587703585625,11.252104684710503,11.161795480176806,11.247794901952147,11.153342647477984,11.20475092343986,11.165759537369013,11.220961596816778,11.175693379715085,11.143236896023154,11.169429548084736,11.221018569543958,11.297622619196773,11.200029704719782,11.183741061016917,11.186596319079399,11.175337877124548,11.17693374119699,11.18116019666195,11.173348147422075,11.20434402860701,11.205326253548265,11.248194808140397,11.257852301001549,11.175010019913316
Smarch/axTLS.dimacs,0.01837119460105896,0.017843002453446388,0.020306160673499107,0.01702762022614479,0.020274071022868156,0.02037290669977665,0.020059339702129364,0.01605522260069847,0.023229660466313362,0.019782541319727898,0.02434583194553852,0.0220965426415205,0.023546865209937096,0.016141755506396294,0.020707882940769196,0.021571582183241844,0.019827092066407204,0.020672200247645378,0.020207131281495094,0.021838484331965446,0.015580782666802406,0.01654590666294098,0.02075922302901745,0.017349418252706528,0.017075853422284126,0.01864708960056305,0.015069223940372467,0.019398991018533707,0.02005256526172161,0.020491881296038628,0.019302697852253914,0.01736416667699814,0.013820143416523933,0.01436815969645977,0.014947379007935524,0.017077432945370674,0.021821999922394753,0.01932709291577339,0.018428942188620567,0.019502833485603333,0.019222641363739967,0.01618370972573757,0.018091313540935516,0.01702762395143509,0.018452851101756096,0.020031072199344635,0.019829237833619118,0.021007223054766655,0.020453520119190216,0.016436293721199036
Smarch/axtls_2_1_4.dimacs,0.006160622462630272,0.006491569802165031,0.0071384478360414505,0.007178686559200287,0.00824054330587387,0.007987113669514656,0.006222875788807869,0.00633266381919384,0.00831533595919609,0.007720824331045151,0.007034448906779289,0.007976172491908073,0.007317159324884415,0.00790492258965969,0.007830167189240456,0.007738145068287849,0.008357709273695946,0.007058108225464821,0.008255500346422195,0.007266420871019363,0.0068467725068330765,0.007000280544161797,0.007908808067440987,0.007806027308106422,0.007819341495633125,0.008321857079863548,0.008135808631777763,0.008544182404875755,0.007649406790733337,0.007071016356348991,0.008015131577849388,0.006939271464943886,0.007907364517450333,0.0062764789909124374,0.007990993559360504,0.007882574573159218,0.0070960912853479385,0.0066101886332035065,0.0071838609874248505,0.0071484483778476715,0.008188314735889435,0.007119230926036835,0.008156968280673027,0.007322032004594803,0.0062554944306612015,0.006324220448732376,0.008051618933677673,0.008023293688893318,0.00817323662340641,0.008167261257767677
Smarch/buildroot.dimacs,1800,1800,1800,1800,1800,1800,1800,1800,1800,1800,1800,1800,1800,1800,1800,1800,1800,1800,1800,1800,1800,1800,1800,1800,1800,1800,1800,1800,1800,1800,1800,1800,1800,1800,1800,1800,1800,1800,1800,1800,1800,1800,1800,1800,1800,1800,1800,1800,1800,1800
Smarch/busybox-1.18.0.dimacs,0.3899944517761469,0.3782519493252039,0.3415209073573351,0.34384881146252155,0.31046850979328156,0.305606247857213,0.3088126163929701,0.3229356203228235,0.3075325693935156,0.3128403015434742,0.3043707851320505,0.3167782910168171,0.3052758611738682,0.3096251133829355,0.324582327157259,0.3060293961316347,0.31487936712801456,0.3061337471008301,0.31480367854237556,0.3039556499570608,0.310349790379405,0.32546663098037243,0.30877332389354706,0.32193221896886826,0.33725501596927643,0.30078209191560745,0.30755665153265,0.30331432446837425,0.32557937875390053,0.34000231698155403,0.31202386878430843,0.3218938931822777,0.30598864890635014,0.3198097459971905,0.342367572709918,0.30702320486307144,0.3221589010208845,0.31560845859348774,0.31093936040997505,0.3040423970669508,0.30775853246450424,0.30663370713591576,0.31113870441913605,0.3223310522735119,0.30160796269774437,0.30359234660863876,0.33985585533082485,0.306520938873291,0.31528364680707455,0.30410242453217506
Smarch/busybox_1_28_0.dimacs,0.08048556745052338,0.07946051098406315,0.08028709888458252,0.07465892471373081,0.08259226568043232,0.08123276941478252,0.08487649448215961,0.07765027321875095,0.07913919351994991,0.07156317122280598,0.08162097632884979,0.08421737514436245,0.08158762380480766,0.08296067453920841,0.07830622792243958,0.0742864329367876,0.08194692432880402,0.08792203664779663,0.09358048439025879,0.09760932251811028,0.09787739254534245,0.09274441190063953,0.09421522356569767,0.09374155290424824,0.09410702809691429,0.09434458427131176,0.09334157407283783,0.09552590176463127,0.09349984861910343,0.09422933682799339,0.09349834360182285,0.09808752499520779,0.09474639408290386,0.09407583437860012,0.0941704623401165,0.09393939934670925,0.09115711227059364,0.09818006493151188,0.09823472052812576,0.09710335545241833,0.09433285146951675,0.09353405237197876,0.09074334427714348,0.09366029687225819,0.09161140955984592,0.09641603194177151,0.09197251126170158,0.09550179913640022,0.09555971994996071,0.09489055909216404
Smarch/ecos-icse11.dimacs,15.53471426665783,15.44662445038557,15.455592527985573,15.363514613360167,15.369795927777886,15.330575024709105,15.836514769122005,16.472764797508717,16.5378688685596,16.628658823668957,16.62486819550395,16.588063152506948,16.521797912195325,16.43137606419623,16.43804352916777,16.507602451369166,16.532068483531475,16.580676088109612,16.529658693820238,16.438822014257312,16.47800162807107,16.451595332473516,16.62693644873798,16.55050239339471,16.472658513113856,16.43804938159883,16.478531112894416,16.409877313300967,16.558304416015744,16.56914829649031,16.489573365077376,16.394234776496887,16.450539387762547,16.37066196464002,16.574431912973523,16.625689160078764,16.50090273655951,16.477777434512973,16.505893241614103,16.52624422684312,16.49325698800385,16.148890221491456,15.875195307657123,16.444072613492608,16.436632251366973,16.304226076230407,16.60760061070323,16.40541699156165,16.38193411566317,16.499358281493187
Smarch/embtoolkit.dimacs,23.26086371578276,23.381763154640794,23.087389199063182,23.44697473011911,23.40051125176251,23.332285940647125,23.39007791876793,23.36720249429345,23.342885663732886,23.363455852493644,23.40394050255418,23.468529680743814,23.307948345318437,23.35593635775149,23.400459244847298,23.427764454856515,23.392631597816944,23.44154037348926,22.80757967568934,22.743983447551727,23.389818416908383,23.23579349182546,23.148164538666606,23.017080696299672,23.387661108747125,23.27825091406703,23.099309833720326,23.29531034640968,23.23061246238649,23.47173848748207,23.342724673449993,23.49996921978891,23.46960347518325,23.386536734178662,23.445664513856173,23.394235339015722,23.38598235324025,23.356079660356045,23.358068089932203,23.369173100218177,23.33713636174798,23.376996912062168,23.166981305927038,23.363735182210803,23.40192451328039,23.263882437720895,23.323113473132253,23.119985500350595,23.275737583637238,23.208074141293764
Smarch/fiasco.dimacs,0.049840424209833145,0.04645993560552597,0.051128603518009186,0.05024240352213383,0.055957043543457985,0.04869881086051464,0.05308791622519493,0.05233379080891609,0.049113865941762924,0.04996757581830025,0.047054093331098557,0.04819035343825817,0.04964660853147507,0.048668211326003075,0.05432018078863621,0.04622546583414078,0.05161915346980095,0.048755645751953125,0.0551831740885973,0.05384188890457153,0.04839630797505379,0.05134638026356697,0.05181853100657463,0.050501976162195206,0.048480769619345665,0.05358651466667652,0.05344405584037304,0.05319496989250183,0.04859420098364353,0.052894435822963715,0.049004100263118744,0.04859462007880211,0.047645989805459976,0.04942363314330578,0.052477819845080376,0.0473764855414629,0.04873010516166687,0.0556025467813015,0.05160149559378624,0.04830094799399376,0.04649967513978481,0.04811013489961624,0.047615258023142815,0.051619527861475945,0.05055490881204605,0.04747661575675011,0.051390282809734344,0.048524610698223114,0.05340372771024704,0.04957970045506954
Smarch/fiasco_17_10.dimacs,0.02482331544160843,0.023981917649507523,0.0237390398979187,0.0272993091493845,0.022839175537228584,0.022069348022341728,0.023181242868304253,0.02341645397245884,0.024549856781959534,0.028267113491892815,0.024544578045606613,0.02311355248093605,0.02620900794863701,0.028750481083989143,0.023567412048578262,0.023606007918715477,0.02617695927619934,0.029783207923173904,0.028158744797110558,0.02532065473496914,0.022264808416366577,0.02339063212275505,0.02456526830792427,0.024097125977277756,0.025865064933896065,0.023219725117087364,0.022754544392228127,0.023592352867126465,0.024260640144348145,0.022211095318198204,0.02416914701461792,0.024036971852183342,0.028993720188736916,0.023517848923802376,0.022034354507923126,0.02393343113362789,0.02240542694926262,0.024208322167396545,0.023317940533161163,0.020701652392745018,0.02451862394809723,0.02377711981534958,0.026081208139657974,0.031007613986730576,0.0299875158816576,0.024671364575624466,0.0233590230345726,0.024304043501615524,0.02826830931007862,0.02420787513256073
Smarch/freebsd-icse11.dimacs,31.79584138467908,31.623527474701405,31.60647257603705,31.876755321398377,31.616782432422042,31.634242091327906,31.638159984722733,31.645762626081705,31.676613489165902,31.609546672552824,31.676018252968788,31.645826939493418,31.721323931589723,31.540137195959687,31.666253143921494,31.520769637078047,31.572777543216944,31.53208946250379,31.575985092669725,31.599370693787932,31.581725668162107,31.563003193587065,31.72362856194377,31.481806483119726,31.68887903727591,31.657226987183094,31.85911957360804,31.572669675573707,31.554699771106243,31.633138677105308,31.640695597976446,31.697378799319267,31.634051602333784,31.691922625526786,31.625737641006708,31.74397486448288,31.684777412563562,31.658320795744658,31.602703800424933,31.687335209921002,31.599309356883168,31.757812360301614,31.69044229760766,31.690720826387405,31.870345236733556,31.92941548116505,31.623497892171144,31.676139598712325,31.572704181075096,31.578398434445262
Smarch/freetz.dimacs,1800,1800,1800,1800,1800,1800,1800,1800,1800,1800,1800,1800,1800,1800,1800,1800,1800,1800,1800,1800,1800,1800,1800,1800,1800,1800,1800,1800,1800,1800,1800,1800,1800,1800,1800,1800,1800,1800,1800,1800,1800,1800,1800,1800,1800,1800,1800,1800,1800,1800
Smarch/integrator_arm9.dimacs,8.584244024008512,8.433309499174356,8.620015719905496,8.376529946923256,8.580820385366678,8.287374667823315,8.595561027526855,8.526359083130956,8.610144207254052,8.590272635221481,8.396949579939246,8.555365858599544,8.285240594297647,8.594827111810446,8.275994600728154,8.603470714762807,8.518571052700281,8.487432911992073,8.533682754263282,8.368915626779199,8.588786892592907,8.308061938732862,8.584522720426321,8.341670852154493,8.595748275518417,8.532721024006605,8.454766940325499,8.525816842913628,8.287373483181,8.585660077631474,8.27910776808858,8.664367454126477,8.429646899923682,8.626017924398184,8.506679514423013,8.40784503519535,8.615716859698296,8.283699179068208,8.591296888887882,8.225388253107667,8.534848872572184,8.475228123366833,8.46030642837286,8.52280816808343,8.276633609086275,8.529524523764849,8.245997063815594,8.570671804249287,8.918380187824368,8.512453887611628
Smarch/lrzip.dimacs,0.004927372559905052,0.005045277997851372,0.0035759899765253067,0.004273375496268272,0.004781227558851242,0.004567576572299004,0.004500558599829674,0.004468413069844246,0.004774143919348717,0.0044216979295015335,0.004788365215063095,0.004750289022922516,0.004792548716068268,0.004688821732997894,0.004587788134813309,0.0045677125453948975,0.003841845318675041,0.003907747566699982,0.004466632381081581,0.004713486880064011,0.003882838413119316,0.004409965127706528,0.004705045372247696,0.004484318196773529,0.004644839093089104,0.004526747390627861,0.00417732447385788,0.0045796409249305725,0.0046948641538619995,0.004745723679661751,0.005055086687207222,0.00465712696313858,0.004690302535891533,0.004438186064362526,0.004071736708283424,0.004119521006941795,0.004596035927534103,0.00416070781648159,0.004145024344325066,0.004597952589392662,0.004457678645849228,0.0033524762839078903,0.0043584369122982025,0.005012968555092812,0.004706365987658501,0.0046147555112838745,0.004705075174570084,0.004664374515414238,0.004682563245296478,0.004766959697008133
Smarch/m5272c3.dimacs,22.03506320901215,22.160554176196456,22.021111154928803,22.091707099229097,22.125068886205554,22.11874582618475,22.011361584067345,22.109853433445096,22.043794345110655,22.080721404403448,22.056492637842894,22.01958015933633,22.04567815735936,22.072657814249396,22.006619533523917,22.12013639882207,22.171324592083693,22.06359587609768,21.969487451016903,22.09722623974085,22.002573693171144,22.109487410634756,22.06966472044587,22.12425691448152,22.122104164212942,22.114206610247493,22.14379534497857,22.0614563357085,22.24969027750194,22.103750072419643,22.09887938387692,22.123798955231905,22.225178346037865,22.06750102713704,22.028028829023242,22.115690145641565,22.117793679237366,22.024676486849785,22.061942670494318,22.072494234889746,22.09838238917291,22.029025733470917,22.0926017947495,22.015534373000264,22.149560129269958,21.987103324383497,22.06135036610067,22.101994210854173,22.056208277121186,22.034658145159483
Smarch/olpce2294.dimacs,23.71579071134329,23.675109930336475,23.972907992079854,23.940216535702348,23.667566563934088,23.66384563036263,23.80027070455253,23.632727393880486,23.67840969003737,23.63155012950301,23.76990525610745,23.65131513401866,23.61112705618143,24.067234491929412,23.977610744535923,23.57439931668341,23.735672172158957,23.845991987735033,23.85138742811978,23.650416038930416,23.702918393537402,23.83262579329312,23.81971338391304,23.8201751857996,23.691100541502237,23.77080532722175,23.70663949660957,23.642476869747043,23.568574871867895,23.923396660014987,23.64367633126676,23.73453989624977,23.674049178138375,23.773391304537654,23.747551452368498,23.673234287649393,23.860172502696514,23.79311559535563,23.633328968659043,23.71341674029827,23.892338605597615,23.789240144193172,23.593479057773948,23.66310373134911,24.06566832959652,23.866770083084702,23.550340466201305,23.594917107373476,23.747287278994918,23.595735546201468
Smarch/pati.dimacs,18.274021588265896,18.448481988161802,18.17443679831922,18.4730097707361,18.174578649923205,18.451109932735562,18.268916642293334,18.231688966974616,18.481726352125406,18.135814962908626,18.530120411887765,18.168335415422916,18.413191474974155,18.259944938123226,18.31013510003686,18.498778715729713,18.169163774698973,18.453583784401417,18.379941776394844,18.51881141588092,18.15017178095877,18.350079469382763,18.323311598971486,18.13806310109794,18.50791671127081,18.14546137675643,18.552784023806453,18.18381556123495,18.539683379232883,18.159732576459646,18.505122806876898,18.223644787445664,18.481325840577483,18.168008293956518,18.465381935238838,18.142419915646315,18.520141422748566,18.159772880375385,18.40554566681385,18.273820608854294,18.401710495352745,18.28906919248402,18.391160503029823,18.43588337674737,18.309539161622524,18.362408328801394,18.273621844127774,18.555235505104065,18.33929082751274,18.387769831344485
Smarch/phycore229x.dimacs,36.64198433607817,36.48837360739708,36.63118505477905,36.51717215962708,36.47543088160455,36.478536907583475,36.50019907206297,36.55299302004278,36.50748660042882,36.433381360024214,36.507064698264,36.501843731850386,36.6146430876106,36.89729259721935,36.600400222465396,37.009079437702894,36.55740074068308,36.632154524326324,36.48068369925022,36.41026823781431,36.5657652951777,36.61787260696292,36.833577843382955,36.52585294097662,37.065807938575745,36.69018290191889,36.689156491309404,36.72827650792897,36.96125362813473,36.742880115285516,36.685134306550026,36.68912707082927,36.7359215170145,36.87366309016943,36.73120555654168,36.68447558954358,36.82088355347514,36.8572153467685,36.58986844494939,36.69816573150456,36.664829479530454,36.71998132765293,36.973984606564045,36.64076937735081,36.642485074698925,36.61861482821405,36.68293088115752,36.698721662163734,36.57394555397332,36.74930922873318
Smarch/ref4955.dimacs,39.25849759019911,39.39122188836336,39.557332683354616,38.8507986869663,37.723520409315825,37.768655916675925,37.6489884108305,37.747475324198604,37.89200117997825,37.65208548121154,37.74434472806752,37.95012530311942,37.785656260326505,37.63200969994068,37.88363860361278,37.59156768023968,37.971125988289714,39.63944410532713,39.88875565305352,39.52876137942076,39.39135940745473,39.540168922394514,38.748961213976145,37.55861639790237,37.683106422424316,37.74222789518535,37.55743842758238,37.69218497350812,37.78097170777619,37.67354397289455,37.60025147162378,37.65333498455584,37.551977118477225,37.72106169164181,37.527768863365054,37.62532692030072,37.55193749256432,37.60353006049991,37.59840145520866,37.50224426202476,37.638189397752285,37.60162284784019,37.72577450238168,37.70979516021907,37.74080747924745,37.59859052859247,37.59945537336171,37.57509266771376,37.671479523181915,37.7311346270144
Smarch/se77x9.dimacs,22.314756201580167,22.203811645507812,22.22884389013052,22.105867920443416,22.030707634985447,22.147259520366788,22.1691264398396,22.212920440360904,22.133690474554896,22.09285106509924,22.09720260836184,22.084400849416852,22.130781792104244,22.400236243382096,22.065206464380026,22.102543272078037,22.025440450757742,22.167759586125612,22.054036827757955,22.141045548021793,22.23642136156559,22.11177384108305,22.065360747277737,22.190815525129437,22.04382273927331,22.349385840818286,22.327188909053802,22.130847508087754,22.122382590547204,22.159133525565267,22.05939313583076,22.099765645340085,22.05019118823111,22.128984466195107,22.073312249034643,22.115652484819293,22.328681794926524,22.131857125088573,22.14592736773193,22.033708460628986,22.490875164046884,22.17321925237775,22.120372204110026,22.040677648037672,22.143842799589038,22.052511433139443,22.137845389544964,22.055409213528037,22.13500864803791,22.141819708049297
Smarch/toybox.dimacs,0.011555483564734459,0.009126082062721252,0.011929824948310852,0.012132391333580017,0.012186236679553986,0.012101184576749802,0.011173427104949951,0.011423332616686821,0.011957027018070221,0.010202309116721153,0.009193288162350655,0.011654555797576904,0.010481277480721474,0.010990409180521965,0.01176491193473339,0.011217717081308365,0.009087866172194481,0.009180249646306038,0.00810527428984642,0.009643400087952614,0.009608959779143333,0.008990567177534103,0.010378647595643997,0.010413577780127525,0.01234595850110054,0.010246163234114647,0.010313082486391068,0.009011518210172653,0.011352863162755966,0.010197285562753677,0.009789751842617989,0.011582322418689728,0.011429976671934128,0.008974047377705574,0.010082608088850975,0.01138298399746418,0.010702474042773247,0.008686397224664688,0.009901067242026329,0.010091191157698631,0.009805187582969666,0.009741246700286865,0.010857133194804192,0.009035041555762291,0.009792886674404144,0.01147557981312275,0.010742893442511559,0.011054912582039833,0.009013552218675613,0.011959422379732132
Smarch/toybox_0_7_5.dimacs,0.011001866310834885,0.00906282290816307,0.010270705446600914,0.008748272433876991,0.009205110371112823,0.008401239290833473,0.010808970779180527,0.01009548082947731,0.009866731241345406,0.011286737397313118,0.010202674195170403,0.009883221238851547,0.009861620143055916,0.01059461198747158,0.011823702603578568,0.010591220110654831,0.010957987979054451,0.009274879470467567,0.010570093989372253,0.009180670604109764,0.010757191106677055,0.008098352700471878,0.009798569604754448,0.011953914538025856,0.010439841076731682,0.01086345687508583,0.010059300810098648,0.0104256272315979,0.009096503257751465,0.010404104366898537,0.008943762630224228,0.010245747864246368,0.009473176673054695,0.012366699054837227,0.011377064511179924,0.00989198312163353,0.010261276736855507,0.00905575230717659,0.012170687317848206,0.011167718097567558,0.010037409141659737,0.010570799931883812,0.008244076743721962,0.00880366563796997,0.012017345055937767,0.011057445779442787,0.010606447234749794,0.010304633527994156,0.0093793123960495,0.010384585708379745
Smarch/uClibc-ng_1_0_29.dimacs,0.023638851940631866,0.024749988690018654,0.02381540648639202,0.02098006010055542,0.02233635075390339,0.02299627661705017,0.025107473134994507,0.02670813538134098,0.024836568161845207,0.023992067202925682,0.026162240654230118,0.02567935362458229,0.02293727546930313,0.02293219417333603,0.023014310747385025,0.020774664357304573,0.023165935650467873,0.02451416850090027,0.03156142868101597,0.02649828791618347,0.024859314784407616,0.029408875852823257,0.028665529564023018,0.026629747822880745,0.02272878773510456,0.02309708297252655,0.024500014260411263,0.025888066738843918,0.023458432406187057,0.021940462291240692,0.022771194577217102,0.024153120815753937,0.022904030978679657,0.023808330297470093,0.024431400001049042,0.025257226079702377,0.02462144009768963,0.0262460857629776,0.024871328845620155,0.022332128137350082,0.023402052000164986,0.023843679577112198,0.02341536059975624,0.031287916004657745,0.03020012006163597,0.02667039819061756,0.029196059331297874,0.023221371695399284,0.026151249185204506,0.02602396532893181
Smarch/uClinux-config.dimacs,0.9809072520583868,0.9586233571171761,0.9394327159970999,0.9103375282138586,0.9448556713759899,0.9090072885155678,0.9240466244518757,0.9292947724461555,0.9137355964630842,0.9387541115283966,0.9452021587640047,0.9170081820338964,0.9305491074919701,0.9105391949415207,0.8979837372899055,0.909093139693141,0.930661965161562,0.9144762996584177,0.9347202554345131,0.912596931681037,0.904539467766881,0.9111291859298944,0.9119563065469265,0.9346301686018705,0.9489404279738665,0.9189926628023386,0.9375805202871561,0.9509417340159416,0.9184276908636093,0.9354644604027271,0.9111334178596735,0.9335652682930231,0.9113755133002996,0.9220845066010952,0.9403578974306583,0.9122885670512915,0.9283424522727728,0.948753597214818,0.9167203549295664,0.9373310469090939,0.9462630078196526,0.9231400527060032,0.9240556787699461,0.9365091007202864,0.9121312871575356,0.9482313599437475,0.917793458327651,0.9540878105908632,0.9113175645470619,0.9220277350395918
Smarch/uClinux.dimacs,0.03628450818359852,0.03184186853468418,0.03241940028965473,0.03418949618935585,0.03290306776762009,0.03369476832449436,0.033646976575255394,0.03322247788310051,0.0342838317155838,0.0338943749666214,0.0341983363032341,0.0325815062969923,0.03678848408162594,0.03198601305484772,0.033888475969433784,0.03429576940834522,0.03428209386765957,0.03309219889342785,0.03556676208972931,0.032935699447989464,0.0334352720528841,0.042399946600198746,0.038115812465548515,0.03474158048629761,0.035201482474803925,0.03589400090277195,0.0388709157705307,0.040168583393096924,0.03970549628138542,0.037786444649100304,0.04088638909161091,0.03951100632548332,0.04095233976840973,0.042140040546655655,0.042721521109342575,0.03940839320421219,0.03914898820221424,0.042656250298023224,0.04058692045509815,0.044664377346634865,0.04366820491850376,0.0396263487637043,0.04260159097611904,0.03937328793108463,0.03946707025170326,0.04102206416428089,0.038171421736478806,0.04091101139783859,0.039669834077358246,0.040723031386733055
automotive01/automotive01.dimacs,0.418611878529191,0.40875688940286636,0.34574367478489876,0.33202748745679855,0.3391829188913107,0.3467860631644726,0.31164906173944473,0.338169327005744,0.34373451955616474,0.3329478409141302,0.3364731576293707,0.33959600515663624,0.3473035153001547,0.33751072734594345,0.34083195216953754,0.3471461087465286,0.33640927262604237,0.3432682305574417,0.34856851771473885,0.3364096153527498,0.34461954049766064,0.3473495189100504,0.3488831762224436,0.31380509212613106,0.3472232762724161,0.3503500483930111,0.338852072134614,0.3420441672205925,0.34467138536274433,0.3349287174642086,0.3189674634486437,0.3465872947126627,0.3117917086929083,0.3429798576980829,0.32388764433562756,0.3366320002824068,0.34291404858231544,0.3461717087775469,0.33519943058490753,0.33478151448071003,0.34380700439214706,0.3373484816402197,0.3177415356040001,0.3458011280745268,0.31431952863931656,0.334547683596611,0.3451024740934372,0.3166284393519163,0.3434839267283678,0.3492951728403568
automotive02/automotive2_4.dimacs,3.787771325558424,3.7834075707942247,3.7158130686730146,3.810042245313525,3.7333930898457766,3.773535579442978,3.73067444935441,3.7781070433557034,3.8014806751161814,3.727785088121891,3.728942424058914,3.8354549538344145,3.737056039273739,3.7634591348469257,3.7469668742269278,3.856293272227049,3.7744280882179737,3.813755802810192,3.767443750053644,3.790341043844819,3.747377375140786,3.8008475713431835,3.7373397517949343,3.7494562063366175,3.786348596215248,3.774904541671276,3.7945080157369375,3.7623614128679037,3.853679860010743,3.7830992210656404,3.823786523193121,3.770365396514535,3.7471225187182426,3.770233863964677,3.7709896601736546,3.804435158148408,3.786465425044298,3.739374091848731,3.78595650754869,3.7621630784124136,3.7514422107487917,3.8586706090718508,3.7722144220024347,3.7663994412869215,3.7791774719953537,3.8399931639432907,3.7452031429857016,3.7292676083743572,3.735207298770547,3.722012585029006
featureide_examples/berkeleydb.dimacs,0.01471785455942154,0.006688268855214119,0.0076469965279102325,0.007382800802588463,0.007311342284083366,0.007267367094755173,0.007182996720075607,0.007059931755065918,0.006712432950735092,0.0066809263080358505,0.005616651847958565,0.005327312275767326,0.007175307720899582,0.007172802463173866,0.007654756307601929,0.007449507713317871,0.007734004408121109,0.005280325189232826,0.007727392017841339,0.006223384290933609,0.007379025220870972,0.007086062803864479,0.007248161360621452,0.005761925131082535,0.006698792800307274,0.007227733731269836,0.0072951540350914,0.005881261080503464,0.006398806348443031,0.007426053285598755,0.006474563851952553,0.007513727992773056,0.007092740386724472,0.005779126659035683,0.006409633904695511,0.006357720121741295,0.007302563637495041,0.007674187421798706,0.0073460787534713745,0.007581990212202072,0.005734825506806374,0.006382845342159271,0.006450887769460678,0.006354054436087608,0.007741969078779221,0.006557609885931015,0.006373146548867226,0.006663993000984192,0.006740506738424301,0.007252629846334457
financial_services/financialServices_2018-05-09.dimacs,0.2302366942167282,0.27732159942388535,0.28063770942389965,0.2719139065593481,0.2287953980267048,0.23109456524252892,0.22659344412386417,0.23100894875824451,0.22969520837068558,0.22516684979200363,0.22570923902094364,0.22471226379275322,0.22426927275955677,0.23143931105732918,0.26497661881148815,0.29757065512239933,0.29084245301783085,0.2810536716133356,0.25017232447862625,0.25457370467484,0.26476301066577435,0.25976245664060116,0.2633953057229519,0.2622145637869835,0.2750367596745491,0.27452138625085354,0.2194171193987131,0.23102927021682262,0.2295335792005062,0.23227008990943432,0.22823805175721645,0.2274540364742279,0.23121465742588043,0.21755441091954708,0.2292191181331873,0.23359288834035397,0.23323559388518333,0.2307483721524477,0.22852420806884766,0.21368148550391197,0.22768352180719376,0.21839607134461403,0.22682000137865543,0.23051264323294163,0.23159596882760525,0.22828150168061256,0.2257835865020752,0.22693676687777042,0.2366788350045681,0.22729025222361088
confidential/automotive03/03.dimacs,0.04941549897193909,0.04015279375016689,0.05036187544465065,0.04375213757157326,0.044112056493759155,0.03914177976548672,0.04723925329744816,0.04652857221662998,0.04429061897099018,0.04531356133520603,0.04591192863881588,0.044706109911203384,0.046330953016877174,0.05004636384546757,0.051249412819743156,0.048452671617269516,0.05437327176332474,0.05268189497292042,0.05167337879538536,0.05215470679104328,0.05078255943953991,0.052032338455319405,0.05146709084510803,0.05156346410512924,0.05303589440882206,0.05167882516980171,0.052869683131575584,0.05513743311166763,0.05282728746533394,0.05030886270105839,0.054076775908470154,0.050696736201643944,0.05369858630001545,0.0509808324277401,0.050234124064445496,0.05241667293012142,0.05488415062427521,0.057131098583340645,0.055990589782595634,0.05392815172672272,0.05309650860726833,0.052724678069353104,0.05337059684097767,0.0551026314496994,0.05139213055372238,0.051602354273200035,0.05221051350235939,0.05513817071914673,0.05318727344274521,0.05213797278702259
confidential/automotive03/automotive03a.dimacs,0.011452175676822662,0.014567051082849503,0.011146243661642075,0.012389322742819786,0.016256865113973618,0.01516704447567463,0.012057356536388397,0.014669688418507576,0.014206822961568832,0.013282611966133118,0.01368587464094162,0.014412615448236465,0.010253189131617546,0.011306298896670341,0.014307571575045586,0.013117663562297821,0.014022815972566605,0.010980546474456787,0.011284498497843742,0.014652499929070473,0.015657944604754448,0.013555852696299553,0.014391208067536354,0.01282811164855957,0.013118347153067589,0.012478414922952652,0.010812221094965935,0.01448153331875801,0.015273232012987137,0.011392375454306602,0.011553248390555382,0.013322481885552406,0.012324759736657143,0.01601598784327507,0.013645948842167854,0.012214580550789833,0.011549832299351692,0.013056712225079536,0.013430004939436913,0.011795420199632645,0.01152496226131916,0.014483621343970299,0.013421904295682907,0.011173199862241745,0.013956436887383461,0.013563781976699829,0.013985391706228256,0.012189643457531929,0.01606939174234867,0.014831436797976494
confidential/automotive03/automotive03b.dimacs,0.19212335161864758,0.19180689938366413,0.19130516983568668,0.18694129958748817,0.1944538839161396,0.1940977219492197,0.19629260525107384,0.18359540030360222,0.1644461676478386,0.16867860220372677,0.17143026553094387,0.1732008382678032,0.1711812186986208,0.15453684329986572,0.16336653009057045,0.16647630371153355,0.17074547708034515,0.1527714803814888,0.173207089304924,0.15331865288317204,0.16163485869765282,0.1644748728722334,0.1717242505401373,0.17328888177871704,0.1714758276939392,0.15449317172169685,0.16021637804806232,0.16421350836753845,0.17190751805901527,0.17195597104728222,0.17150049656629562,0.1517102960497141,0.15881667472422123,0.15914417058229446,0.16966832242906094,0.15253130160272121,0.17279183119535446,0.1544529441744089,0.16176431067287922,0.16703344695270061,0.1712871603667736,0.1707290131598711,0.17337270267307758,0.1527795661240816,0.16268987581133842,0.15333748795092106,0.17508952133357525,0.17245337180793285,0.1725660115480423,0.15274443477392197
confidential/automotive04/04.dimacs,0.03752596862614155,0.033247100189328194,0.03308803215622902,0.03311149217188358,0.03405027650296688,0.03335121460258961,0.032534465193748474,0.03401927836239338,0.038081180304288864,0.03591838851571083,0.035800615325570107,0.04187598079442978,0.03693190962076187,0.03598286956548691,0.03405556082725525,0.04246716387569904,0.04290212132036686,0.040621235966682434,0.03589858114719391,0.03990856371819973,0.04364180751144886,0.043215371668338776,0.04210950434207916,0.03604145534336567,0.042183369398117065,0.0366752240806818,0.035746004432439804,0.03866096958518028,0.03781150467693806,0.041157305240631104,0.03567585162818432,0.03527057357132435,0.0351267084479332,0.03940124250948429,0.037879519164562225,0.040065037086606026,0.03833656944334507,0.037941236048936844,0.03698649816215038,0.03395279124379158,0.03560832515358925,0.03740990348160267,0.037917787209153175,0.03731831535696983,0.03775293752551079,0.038680100813508034,0.037737924605607986,0.037681786343455315,0.03519069589674473,0.03977734036743641
confidential/automotive05/05.dimacs,1800,1800,1800,1800,1800,1800,1800,1800,1800,1800,1800,1800,1800,1800,1800,1800,1800,1800,1800,1800,1800,1800,1800,1800,1800,1800,1800,1800,1800,1800,1800,1800,1800,1800,1800,1800,1800,1800,1800,1800,1800,1800,1800,1800,1800,1800,1800,1800,1800,1800
confidential/automotive06/automotive06a.dimacs,0.015998229384422302,0.013562804087996483,0.012791832908987999,0.018009524792432785,0.016797613352537155,0.012020180001854897,0.015873080119490623,0.015055745840072632,0.011651188135147095,0.015659412369132042,0.014412714168429375,0.012636600062251091,0.011405659839510918,0.018605917692184448,0.016581201925873756,0.014314481988549232,0.012141956016421318,0.013433866202831268,0.015277013182640076,0.01487002894282341,0.012584840878844261,0.015177324414253235,0.01524081826210022,0.012559168040752411,0.015999527648091316,0.015498114749789238,0.018757496029138565,0.011544285342097282,0.01766185462474823,0.015301579609513283,0.018416650593280792,0.016756663098931313,0.013784021139144897,0.014327971264719963,0.011892909184098244,0.015275359153747559,0.017702162265777588,0.01666487194597721,0.01858566142618656,0.011255621910095215,0.016176367178559303,0.015524482354521751,0.013255683705210686,0.015371691435575485,0.010967027395963669,0.015897953882813454,0.015233878046274185,0.01147036999464035,0.01597452722489834,0.014695795252919197
confidential/automotive06/automotive06b.dimacs,0.15574216470122337,0.1753582451492548,0.1567765399813652,0.17902504466474056,0.15591913647949696,0.16205526143312454,0.16702187061309814,0.17458915524184704,0.17627535946667194,0.17241836711764336,0.1472659483551979,0.13027102127671242,0.1413593329489231,0.14361635595560074,0.12666753306984901,0.1390297394245863,0.14489532634615898,0.14667238667607307,0.13127353973686695,0.14067461900413036,0.14690549112856388,0.12439730390906334,0.13938392885029316,0.1346583440899849,0.12809178791940212,0.13885759934782982,0.14489441365003586,0.1457464788109064,0.1304858736693859,0.12408159114420414,0.1436461042612791,0.1267269216477871,0.14210273884236813,0.15095550380647182,0.12599323503673077,0.13691327348351479,0.14564763754606247,0.14553332887589931,0.12958469986915588,0.14189208671450615,0.1279580295085907,0.12690475210547447,0.12419853173196316,0.1321332212537527,0.12950040772557259,0.1272367462515831,0.1447211168706417,0.1259975116699934,0.13938654214143753,0.14637557230889797
confidential/automotive07/automotive07a.dimacs,0.11064572632312775,0.11371360905468464,0.13017138838768005,0.1293090619146824,0.1262335553765297,0.1343435700982809,0.12763679958879948,0.1278921365737915,0.131014171987772,0.12934241816401482,0.13096714206039906,0.1298524010926485,0.12960767932236195,0.12068954855203629,0.12578926421701908,0.13013123720884323,0.13061504624783993,0.12761347740888596,0.12187395244836807,0.12671652622520924,0.1212009284645319,0.1277785412967205,0.12809383496642113,0.12636114284396172,0.12984413839876652,0.1272139698266983,0.12172866798937321,0.1262596882879734,0.12148796021938324,0.12748593650758266,0.12639916874468327,0.12806259840726852,0.11058501154184341,0.12839453481137753,0.12525162287056446,0.1305572334676981,0.12887677364051342,0.1312059387564659,0.12829573079943657,0.12997583113610744,0.1307918895035982,0.12795830704271793,0.12871422804892063,0.12751456536352634,0.1275581307709217,0.1283396352082491,0.11882125400006771,0.12627669610083103,0.1345365159213543,0.12561839260160923
confidential/automotive07/automotive07b.dimacs,4.042186615988612,4.056486578658223,4.043931847438216,4.068408507853746,4.030428087338805,4.039027839899063,4.031561953946948,4.043040886521339,4.043601825833321,4.028517123311758,4.031435951590538,4.111380746588111,4.071491850540042,4.0707677491009235,4.044647891074419,4.073000019416213,4.031109552830458,4.0305508729070425,4.024188065901399,4.037200283259153,4.020260123535991,4.042366715148091,4.0362757202237844,4.0289831310510635,4.046975076198578,4.0386040937155485,4.036683335900307,4.02234842069447,4.041753413155675,4.02915283665061,4.021396495401859,4.027109958231449,4.039663754403591,4.013707814738154,4.028459204360843,4.0243529956787825,4.031447036191821,4.04778871499002,4.008890630677342,4.0473508927971125,4.034904355183244,4.028281828388572,4.024700092151761,4.034253409132361,4.047190664336085,4.037877719849348,4.0392284989356995,4.038996296003461,4.037617890164256,4.045530237257481
