CDL/am31_sim,4.3392987828701735,4.253633674234152,4.236506571993232,4.216831820085645,4.237480951473117,4.190209003165364,4.202957142144442,4.233465235680342,4.246220678091049,4.263622095808387,4.323556747287512,4.333651896566153,4.361286539584398,4.2915836945176125,4.267956975847483,4.249615823850036,4.237306443974376,4.218939296901226,4.227117957547307,4.212852919474244,4.228590779006481,4.2367933709174395,4.286802606657147,4.2892861142754555,4.298442158848047,4.237552627921104,4.19966016151011,4.201299659907818,4.192737398669124,4.068081423640251,4.004982439801097,4.356355955824256,4.346236614510417,4.3190026711672544,4.32451207190752,4.343109467998147,4.334120757877827,4.30608681961894,4.168308105319738,3.9773318264633417,4.349594589322805,4.377040944993496,4.363550651818514,4.34901368804276,4.346196349710226,4.3558296374976635,4.279398089274764,4.218938294798136,3.8916655499488115,4.326688697561622
CDL/ea2468,33.34322847984731,33.58914407156408,33.48607552051544,33.479863518849015,33.38499518483877,33.52944712713361,33.42494528181851,33.59218446537852,33.45195132866502,33.552156848832965,33.497346203774214,33.568493232131004,33.536278419196606,33.52780196070671,33.503921296447515,33.94576853699982,33.48107559978962,33.49140499159694,33.82421548105776,33.37066036462784,33.47973836772144,33.47226080484688,33.553059194236994,33.57318855635822,34.178209256380796,33.42886464484036,33.518164440989494,33.57120303437114,33.589118879288435,33.96298658289015,33.58886676467955,33.52322520688176,33.52523480542004,33.52117710746825,33.60428485274315,33.6491902153939,33.60250672325492,33.48219911940396,33.47801813296974,33.425877299159765,33.51251515187323,33.52683741040528,33.661798344925046,33.59073422662914,33.57882802002132,33.45872828736901,33.731133772060275,33.51311586983502,33.5722647216171,33.42905620113015
CDL/p2106,11.53541743196547,11.52118050120771,11.571356950327754,11.282254047691822,11.530513431876898,11.531629152595997,11.350824352353811,11.679401371628046,11.486893514171243,11.54582317173481,11.42020090483129,11.550489017739892,11.546467311680317,11.3241609595716,11.533862642943859,11.554690770804882,11.489090820774436,11.493192415684462,11.545109963044524,11.459564404562116,11.490704085677862,11.47883315756917,11.510320356115699,11.505843866616488,11.511651216074824,11.492570210248232,11.531034296378493,11.507675481960177,11.531710470095277,11.50002183765173,11.515906497836113,11.554439574480057,11.611430218443274,11.520742811262608,11.489584613591433,11.531617868691683,11.539687279611826,11.492051646113396,11.541036823764443,11.57031162083149,11.517870655283332,11.541094988584518,11.487463552504778,11.526265190914273,11.505329528823495,11.540157647803426,11.490655096247792,11.475817631930113,11.505699327215552,11.43277825973928
KConfig/axTLS,0.01853628270328045,0.013019250705838203,0.016626989468932152,0.015393935143947601,0.01580044999718666,0.01531519740819931,0.013449851423501968,0.014215847477316856,0.017508091405034065,0.013613376766443253,0.015606341883540154,0.014494474977254868,0.010911932215094566,0.012797340750694275,0.014303594827651978,0.0126296766102314,0.013920683413743973,0.013938235118985176,0.012428469955921173,0.014551039785146713,0.015298431739211082,0.016508808359503746,0.013081438839435577,0.014226514846086502,0.015596091747283936,0.014685753732919693,0.013606246560811996,0.012966357171535492,0.014119559898972511,0.015094231814146042,0.013267992064356804,0.012872442603111267,0.01423455961048603,0.015318075194954872,0.01308182068169117,0.013595914468169212,0.014207340776920319,0.014188218861818314,0.013715896755456924,0.014757765457034111,0.01352652907371521,0.013983728364109993,0.013688214123249054,0.014843495562672615,0.013056356459856033,0.01430659368634224,0.013224024325609207,0.014670701697468758,0.018710415810346603,0.014192009344696999
KConfig/busybox-1.18.0,0.0380536001175642,0.037421658635139465,0.03355951048433781,0.03886779583990574,0.03680931404232979,0.03377801552414894,0.03560488112270832,0.03684684447944164,0.03802968189120293,0.03622671589255333,0.03728530928492546,0.038883183151483536,0.03726792894303799,0.03393556922674179,0.03616509959101677,0.03496784344315529,0.03648898005485535,0.03943902812898159,0.04052779637277126,0.04174167104065418,0.037989821285009384,0.040695806965231895,0.03916042856872082,0.0392836332321167,0.03575378097593784,0.03246305137872696,0.03519457206130028,0.03569519892334938,0.033437639474868774,0.03416379168629646,0.036742595955729485,0.035099662840366364,0.03177873603999615,0.03716714680194855,0.0328712984919548,0.03314112313091755,0.035638513043522835,0.032839566469192505,0.0347405169159174,0.03330114297568798,0.034971803426742554,0.0360182523727417,0.03507349081337452,0.032849567010998726,0.03667672723531723,0.03469482623040676,0.0369496438652277,0.036283720284700394,0.03727821074426174,0.03968394547700882
KConfig/embtoolkit,0.056054675951600075,0.06009322591125965,0.05943087115883827,0.06036191247403622,0.059230998158454895,0.05678786337375641,0.058745281770825386,0.06012462452054024,0.055771468207240105,0.057360272854566574,0.0558056365698576,0.058739952743053436,0.05849837884306908,0.05686931498348713,0.05739696882665157,0.05824228934943676,0.05784975364804268,0.06320257671177387,0.05930081382393837,0.05817854031920433,0.05701439641416073,0.0612122043967247,0.0600532591342926,0.056872542947530746,0.06071098521351814,0.06143529526889324,0.05956841818988323,0.05787266604602337,0.058673787862062454,0.05947655998170376,0.05948420614004135,0.06119253486394882,0.05855023115873337,0.058181023225188255,0.058224255219101906,0.0577318649739027,0.06123490817844868,0.05737123265862465,0.05789722874760628,0.057386280968785286,0.05986643768846989,0.061020368710160255,0.058448975905776024,0.058364782482385635,0.05842979997396469,0.05709347873926163,0.05828353948891163,0.058118851855397224,0.058042919263243675,0.05883191525936127
KConfig/linux-2.6.33.3.dimacs,1800,1800,1800,1800,1800,1800,1800,1800,1800,1800,1800,1800,1800,1800,1800,1800,1800,1800,1800,1800,1800,1800,1800,1800,1800,1800,1800,1800,1800,1800,1800,1800,1800,1800,1800,1800,1800,1800,1800,1800,1800,1800,1800,1800,1800,1800,1800,1800,1800,1800
KConfig/uClibc,0.08104576170444489,0.08583539351820946,0.0842482578009367,0.08112506754696369,0.08342895843088627,0.08440053835511208,0.08622978441417217,0.08479668386280537,0.08359926380217075,0.08488268218934536,0.0825272724032402,0.08186895586550236,0.08403109014034271,0.07938604056835175,0.08445910923182964,0.08149372041225433,0.08410050719976425,0.08100675046443939,0.08485817164182663,0.08359195291996002,0.0815165676176548,0.08391875959932804,0.08193362131714821,0.0849982500076294,0.08279476873576641,0.08549411781132221,0.0833218265324831,0.08815601281821728,0.08328910358250141,0.07989956066012383,0.08569365553557873,0.08657445572316647,0.08617739751935005,0.08645077794790268,0.08597318641841412,0.08163023740053177,0.08634013868868351,0.08612032793462276,0.08655048720538616,0.08618796430528164,0.08610267005860806,0.08537153154611588,0.08473497815430164,0.08354788459837437,0.08713363856077194,0.08617721684277058,0.08360004425048828,0.08204159140586853,0.08270999975502491,0.08187738247215748
KConfig/uClinux-base,0.05217800848186016,0.04960092715919018,0.05161562003195286,0.048329319804906845,0.048749858513474464,0.047800617292523384,0.04835695959627628,0.047679007053375244,0.049359988421201706,0.046733537688851357,0.04715906083583832,0.04882333427667618,0.05021606385707855,0.04555374011397362,0.047221023589372635,0.04956815205514431,0.05217934027314186,0.049963204190135,0.05125202238559723,0.05006909742951393,0.05133599229156971,0.047346120700240135,0.04734145477414131,0.049788037315011024,0.04873584397137165,0.04913845844566822,0.05000820755958557,0.04864774830639362,0.051459139212965965,0.049582673236727715,0.048474688082933426,0.04704334773123264,0.0498777125030756,0.0482687633484602,0.0493581909686327,0.0536790806800127,0.0511640477925539,0.05382473208010197,0.04793989844620228,0.05221256613731384,0.04841202311217785,0.0456436388194561,0.04796915501356125,0.04749271646142006,0.048238355666399,0.04741211235523224,0.050482528284192085,0.048226529732346535,0.04958133213222027,0.051284557208418846
KConfig/uClinux-distribution,0.041554996743798256,0.03990238346159458,0.040229396894574165,0.03946785628795624,0.03912836313247681,0.03855151683092117,0.04111232049763203,0.03837965987622738,0.03884502314031124,0.038685381412506104,0.041170431300997734,0.039620937779545784,0.03838985413312912,0.03781430423259735,0.03990951366722584,0.0392183605581522,0.0402517206966877,0.03812682069838047,0.04092126525938511,0.03859962709248066,0.04162111505866051,0.03679876774549484,0.040907710790634155,0.0383530892431736,0.040099577978253365,0.03676970116794109,0.03819565102458,0.03879113681614399,0.03947690688073635,0.03927602060139179,0.04051556810736656,0.03861095570027828,0.039070239290595055,0.03953622281551361,0.040513886138796806,0.038614312186837196,0.03770885989069939,0.040842438116669655,0.03757542744278908,0.04084757901728153,0.03757738694548607,0.039513980969786644,0.038220539689064026,0.040728822350502014,0.040080927312374115,0.039433833211660385,0.03915018029510975,0.03931588679552078,0.0391946192830801,0.04119944013655186
Smarch/2.6.28.6-icse11.dimacs,1800,1800,1800,1800,1800,1800,1800,1800,1800,1800,1800,1800,1800,1800,1800,1800,1800,1800,1800,1800,1800,1800,1800,1800,1800,1800,1800,1800,1800,1800,1800,1800,1800,1800,1800,1800,1800,1800,1800,1800,1800,1800,1800,1800,1800,1800,1800,1800,1800,1800
Smarch/2.6.32-2var.dimacs,1800,1800,1800,1800,1800,1800,1800,1800,1800,1800,1800,1800,1800,1800,1800,1800,1800,1800,1800,1800,1800,1800,1800,1800,1800,1800,1800,1800,1800,1800,1800,1800,1800,1800,1800,1800,1800,1800,1800,1800,1800,1800,1800,1800,1800,1800,1800,1800,1800,1800
Smarch/2.6.33.3-2var.dimacs,1800,1800,1800,1800,1800,1800,1800,1800,1800,1800,1800,1800,1800,1800,1800,1800,1800,1800,1800,1800,1800,1800,1800,1800,1800,1800,1800,1800,1800,1800,1800,1800,1800,1800,1800,1800,1800,1800,1800,1800,1800,1800,1800,1800,1800,1800,1800,1800,1800,1800
Smarch/7z,0.013357440009713173,0.014319652691483498,0.01119302585721016,0.012225966900587082,0.012175310403108597,0.01153630018234253,0.012839866802096367,0.012896977365016937,0.013081509619951248,0.013688556849956512,0.012174228206276894,0.011911781504750252,0.013823220506310463,0.014116890728473663,0.012210490182042122,0.013632310554385185,0.01133863814175129,0.011670151725411415,0.012976707890629768,0.015012960880994797,0.015011707320809364,0.01097753643989563,0.0121797826141119,0.013936558738350868,0.013361766934394836,0.011439187452197075,0.01251436211168766,0.012363746762275696,0.013169635087251663,0.013749867677688599,0.015013027936220169,0.014728572219610214,0.011810164898633957,0.013085803017020226,0.014904268085956573,0.014398520812392235,0.011946648359298706,0.011547667905688286,0.01338702067732811,0.013601584360003471,0.012673735618591309,0.01277879998087883,0.012512736022472382,0.011099651455879211,0.01251128874719143,0.013138245791196823,0.014368712902069092,0.014284791424870491,0.012100929394364357,0.011602619662880898
Smarch/BerkeleyDBC,0.00965491309762001,0.008766409009695053,0.009557077661156654,0.011187903583049774,0.011480068787932396,0.008450977504253387,0.008036896586418152,0.009472694247961044,0.009362749755382538,0.010858757421374321,0.010067136958241463,0.010091409087181091,0.008195064961910248,0.008916167542338371,0.009531551972031593,0.011167675256729126,0.011281877756118774,0.009873230010271072,0.008383788168430328,0.008101608604192734,0.007922820746898651,0.008991770446300507,0.008244751021265984,0.008938135579228401,0.011125100776553154,0.010173257440328598,0.008095001801848412,0.0077936165034770966,0.008633900433778763,0.009089939296245575,0.00889366865158081,0.00952281802892685,0.009693456813693047,0.011108564212918282,0.010610317811369896,0.010546296834945679,0.008305266499519348,0.00929233804345131,0.008370524272322655,0.010727524757385254,0.010261524468660355,0.010585710406303406,0.008791686967015266,0.008060313761234283,0.00933128409087658,0.008524477481842041,0.008321573957800865,0.009300315752625465,0.01014888845384121,0.00913313589990139
Smarch/Dune,0.010887924581766129,0.009269710630178452,0.009971512481570244,0.009554371237754822,0.009601805359125137,0.010573461651802063,0.009997205808758736,0.011133195832371712,0.009097790345549583,0.009902460500597954,0.010157715529203415,0.01011027954518795,0.011284196749329567,0.009388940408825874,0.010665727779269218,0.009107304736971855,0.010036448016762733,0.010171443223953247,0.009709924459457397,0.010882850736379623,0.009349953383207321,0.010834073647856712,0.01203450933098793,0.011545086279511452,0.011850060895085335,0.009559158235788345,0.010160304605960846,0.009577618911862373,0.010426970198750496,0.01058698445558548,0.010671567171812057,0.011022591963410378,0.010321194306015968,0.01101364754140377,0.010143324732780457,0.011052902787923813,0.009648803621530533,0.010720167309045792,0.009349551051855087,0.01027391105890274,0.009942429140210152,0.009977316483855247,0.010109299793839455,0.009219406172633171,0.01054314523935318,0.011536194011569023,0.01070554368197918,0.011100511997938156,0.008561085909605026,0.009280497208237648
Smarch/HiPAcc,0.014995811507105827,0.014927992597222328,0.012578669935464859,0.01298820786178112,0.015064829960465431,0.01516716554760933,0.012759607285261154,0.012603294104337692,0.01496843621134758,0.0149952732026577,0.013156520202755928,0.011637607589364052,0.013964345678687096,0.014646921306848526,0.01447485201060772,0.012399131432175636,0.014304468408226967,0.014910576865077019,0.016519032418727875,0.0156959630548954,0.016592299565672874,0.01129666343331337,0.0134891327470541,0.01561049371957779,0.016414545476436615,0.013085158541798592,0.015397919341921806,0.01355632022023201,0.011981701478362083,0.01364954374730587,0.014662187546491623,0.014223899692296982,0.012799136340618134,0.01421329379081726,0.01462048850953579,0.013725638389587402,0.01286330446600914,0.014374963939189911,0.014996500685811043,0.0163598470389843,0.015837036073207855,0.017143329605460167,0.012751756235957146,0.013737920671701431,0.014113577082753181,0.014383343979716301,0.013485502451658249,0.01482287235558033,0.01365472748875618,0.013159437105059624
Smarch/JHipster,0.01317041926085949,0.012459561228752136,0.012800607830286026,0.014681749045848846,0.011873804032802582,0.012568371370434761,0.01389135979115963,0.014535922557115555,0.015506375581026077,0.013772403821349144,0.01408398523926735,0.012935355305671692,0.013563157990574837,0.01371975801885128,0.0128126610070467,0.01428498700261116,0.015459183603525162,0.015554683282971382,0.014412572607398033,0.013627484440803528,0.012278228998184204,0.013283880427479744,0.015265140682458878,0.015538008883595467,0.015670346096158028,0.01424286887049675,0.013251625001430511,0.012842083349823952,0.012934809550642967,0.015163352712988853,0.015412220731377602,0.0161190964281559,0.014457890763878822,0.012969760224223137,0.013704007491469383,0.01296391710639,0.014521583914756775,0.0144131388515234,0.011672426015138626,0.013305170461535454,0.015058454126119614,0.015936529263854027,0.01095554418861866,0.013151867315173149,0.014830196276307106,0.015434954315423965,0.011391093954443932,0.01348334550857544,0.015374414622783661,0.015978367999196053
Smarch/JavaGC,0.01084110140800476,0.01186756044626236,0.013092102482914925,0.012886697426438332,0.01071663573384285,0.012129716575145721,0.010866453871130943,0.011691240593791008,0.011482244357466698,0.011513249948620796,0.01188775897026062,0.010868117213249207,0.011527707800269127,0.010889708995819092,0.012035120278596878,0.013501007109880447,0.013073639944195747,0.010661682114005089,0.011531280353665352,0.01120823249220848,0.012449130415916443,0.010993916541337967,0.011667240411043167,0.011651841923594475,0.01135648600757122,0.011876756325364113,0.010560823604464531,0.011470725759863853,0.010637354105710983,0.011907964944839478,0.010505584999918938,0.01216513104736805,0.010541696101427078,0.012397464364767075,0.011410964652895927,0.012315386906266212,0.012821432203054428,0.010937463492155075,0.012143326923251152,0.011153213679790497,0.012109436094760895,0.011440573260188103,0.011570939794182777,0.01163504645228386,0.01162206195294857,0.012102102860808372,0.011680098250508308,0.012107746675610542,0.01144561916589737,0.011751396581530571
Smarch/LLVM,0.008948544040322304,0.008959576487541199,0.00865955650806427,0.008574020117521286,0.007820872589945793,0.009593550115823746,0.009088678285479546,0.00862167589366436,0.009546281769871712,0.008993016555905342,0.007167253643274307,0.0077339354902505875,0.008837180212140083,0.008714191615581512,0.007323427125811577,0.007996482774615288,0.009285956621170044,0.007618742063641548,0.007661599665880203,0.01003245823085308,0.008657172322273254,0.009237999096512794,0.007691733539104462,0.007663460448384285,0.009550845250487328,0.008800938725471497,0.009581556543707848,0.007873563095927238,0.009460436180233955,0.008576720952987671,0.008778251707553864,0.009034214541316032,0.008294695988297462,0.009610960260033607,0.009256212040781975,0.008827731013298035,0.007417712360620499,0.008185165002942085,0.009233878925442696,0.008180772885680199,0.009940465912222862,0.008608633652329445,0.008635137230157852,0.010127115994691849,0.008425453677773476,0.007980484515428543,0.008563091978430748,0.008061707019805908,0.008177213370800018,0.008233165368437767
Smarch/Polly,0.01173599623143673,0.010395310819149017,0.011762315407395363,0.010686483234167099,0.011832909658551216,0.010902520269155502,0.011571921408176422,0.012804998084902763,0.010796753689646721,0.011451706290245056,0.010560624301433563,0.011519074440002441,0.01047988049685955,0.01156391017138958,0.010524721816182137,0.011419381946325302,0.01046098954975605,0.011871123686432838,0.010472986847162247,0.011980613693594933,0.010659193620085716,0.01221969909965992,0.011163793504238129,0.012518396601080894,0.011110389605164528,0.011854754760861397,0.012711217626929283,0.011058297008275986,0.011837424710392952,0.012713368982076645,0.010638944804668427,0.011631231755018234,0.010512804612517357,0.011737056076526642,0.0103932935744524,0.011741513386368752,0.010536106303334236,0.012069661170244217,0.010615101084113121,0.012368541210889816,0.010974306613206863,0.012351425364613533,0.011452700942754745,0.011576952412724495,0.012956235557794571,0.010658875107765198,0.011951928958296776,0.010620895773172379,0.011625746265053749,0.011048223823308945
Smarch/VP9,0.011477053165435791,0.01149759627878666,0.011671464890241623,0.011944293975830078,0.010458476841449738,0.011835839599370956,0.0110153928399086,0.012264635413885117,0.011598734185099602,0.012631546705961227,0.013743292540311813,0.010616807267069817,0.01224970817565918,0.011116141453385353,0.012960582971572876,0.012056678533554077,0.011544177308678627,0.011103881523013115,0.012092499062418938,0.011885827407240868,0.013093693181872368,0.013318946585059166,0.010682085528969765,0.011471495032310486,0.011578800156712532,0.01133577898144722,0.01184144802391529,0.010680027306079865,0.011394182220101357,0.01106301136314869,0.011456863954663277,0.011240165680646896,0.012018006294965744,0.011600635945796967,0.012162327766418457,0.011318331584334373,0.011531604453921318,0.012654155492782593,0.01083347573876381,0.012175977230072021,0.010431542992591858,0.012097835540771484,0.010993175208568573,0.01194947212934494,0.011819714680314064,0.01152113452553749,0.012343216687440872,0.011606043204665184,0.011832967400550842,0.011749181896448135
Smarch/X264,0.009245403110980988,0.009180964902043343,0.01064455695450306,0.010640354827046394,0.007612746208906174,0.009438671171665192,0.00882132351398468,0.010297786444425583,0.008325491100549698,0.00834461860358715,0.008549939841032028,0.009990772232413292,0.009427910670638084,0.008873134851455688,0.0082682054489851,0.010720854625105858,0.00963377021253109,0.008129190653562546,0.008321277797222137,0.008426463231444359,0.008141394704580307,0.008201582357287407,0.009366719052195549,0.008554868400096893,0.010344266891479492,0.009319256991147995,0.009270288050174713,0.010250676423311234,0.008071009069681168,0.008999602869153023,0.008343247696757317,0.01033889688551426,0.008644267916679382,0.00887218490242958,0.00997074693441391,0.00877145491540432,0.008358657360076904,0.009310705587267876,0.00849914737045765,0.008167315274477005,0.010316358879208565,0.010086316615343094,0.009477220475673676,0.009706247597932816,0.009837411344051361,0.008965801447629929,0.007967418059706688,0.00813499465584755,0.010567767545580864,0.009360341355204582
Smarch/adderII,22.808708354830742,22.507284684106708,22.63116054609418,22.590581377968192,22.59690498560667,22.611383410170674,22.566635666415095,22.63760515488684,22.890457851812243,22.62565542757511,22.73634560033679,22.593838641420007,22.759584195911884,22.67679252848029,22.595330560579896,22.62664002366364,22.653037859126925,22.634183388203382,22.709627667441964,22.60799984075129,22.317165384069085,22.765160964801908,22.402909893542528,22.50124298222363,22.516969826072454,22.558742513880134,22.368302825838327,22.4761996101588,22.470272796228528,22.409045971930027,22.356504172086716,22.410565117374063,22.3855237159878,22.655634570866823,22.518668469041586,22.534627975896,22.595436504110694,22.422184705734253,22.72343435138464,22.32966447621584,22.547043774276972,22.30674877949059,22.71793300844729,22.146098736673594,22.53469707071781,22.488553604111075,23.022442046552896,22.64324983768165,22.257148196920753,22.50231751985848
Smarch/at91sam7sek,10.78646776638925,10.616658786311746,10.680387010797858,10.921664929017425,10.60238703340292,10.657667465507984,10.846871815621853,10.635099982842803,10.689829997718334,10.69504313543439,10.891805393621325,10.640358235687017,10.633023340255022,10.742378639057279,11.007870387285948,10.664458496496081,10.870776703581214,10.654240185394883,10.744023852050304,10.624078063294291,10.855927053838968,10.776068642735481,10.673544496297836,10.918589878827333,10.634998001158237,10.60880708321929,10.916992392390966,10.655191071331501,10.674042521044612,10.661335151642561,10.85560511238873,10.943952899426222,10.629006372764707,10.624188521876931,10.624383367598057,11.062918424606323,10.634011948481202,10.644274707883596,10.638627979904413,10.648186603561044,11.177018031477928,10.709385238587856,10.655497398227453,10.60941244289279,10.711224077269435,10.94229863025248,10.616064393892884,10.687728272750974,10.6035973764956,10.641981175169349
Smarch/axTLS,0.028126459568738937,0.02999345399439335,0.034167805686593056,0.03397701121866703,0.03353710658848286,0.027267787605524063,0.026611385866999626,0.03348765894770622,0.03159123659133911,0.033985525369644165,0.028526294976472855,0.0320330373942852,0.0343602541834116,0.03273143619298935,0.029581373557448387,0.02763783000409603,0.0313244815915823,0.029603539034724236,0.03431693650782108,0.03138749673962593,0.03145634010434151,0.03383588418364525,0.0299574863165617,0.02546783722937107,0.027567073702812195,0.027452664449810982,0.03176672384142876,0.030336197465658188,0.033753251656889915,0.0319425743073225,0.028463827446103096,0.029409967362880707,0.032349418848752975,0.02951851114630699,0.028443796560168266,0.03203338198363781,0.028850730508565903,0.03141889534890652,0.029079619795084,0.030734699219465256,0.032777657732367516,0.03438560664653778,0.033034760504961014,0.03561089187860489,0.03435610607266426,0.035109713673591614,0.03267324157059193,0.03329229727387428,0.03428908251225948,0.0345215518027544
Smarch/axtls_2_1_4,0.02364210970699787,0.022168448194861412,0.024091413244605064,0.02314736321568489,0.023744117468595505,0.023034658282995224,0.022955169901251793,0.022167902439832687,0.025274284183979034,0.024200502783060074,0.02366522140800953,0.024287676438689232,0.02580246888101101,0.02335299924015999,0.02440573088824749,0.023676980286836624,0.020324230194091797,0.0222783163189888,0.02279389090836048,0.02394067496061325,0.022435426712036133,0.02090437524020672,0.02105969749391079,0.02226795069873333,0.023391492664813995,0.028499633073806763,0.024189963936805725,0.023056041449308395,0.022289110347628593,0.021850064396858215,0.023639537394046783,0.022092321887612343,0.02373889833688736,0.021270232275128365,0.022660981863737106,0.02295253425836563,0.024506792426109314,0.02200946770608425,0.022913889959454536,0.021810617297887802,0.021928569301962852,0.02227802947163582,0.02490735612809658,0.023649416863918304,0.02369956113398075,0.022994693368673325,0.022929899394512177,0.022871259599924088,0.023949209600687027,0.02225164696574211
Smarch/buildroot.dimacs,1800,1800,1800,1800,1800,1800,1800,1800,1800,1800,1800,1800,1800,1800,1800,1800,1800,1800,1800,1800,1800,1800,1800,1800,1800,1800,1800,1800,1800,1800,1800,1800,1800,1800,1800,1800,1800,1800,1800,1800,1800,1800,1800,1800,1800,1800,1800,1800,1800,1800
Smarch/busybox-1.18.0,0.0985083319246769,0.10531367734074593,0.105071522295475,0.10429193638265133,0.10128874145448208,0.103456636890769,0.10130571573972702,0.09857691451907158,0.09934821166098118,0.10417722351849079,0.09058044478297234,0.09504224546253681,0.0965082049369812,0.09808952547609806,0.10585023649036884,0.10539732128381729,0.10900644026696682,0.10379966720938683,0.10544870048761368,0.10522765666246414,0.10648979060351849,0.09511570073664188,0.10380910523235798,0.09745110757648945,0.10506848245859146,0.10265708900988102,0.10513394698500633,0.10627170093357563,0.09662683866918087,0.10611061751842499,0.09962471574544907,0.1024810690432787,0.09609833918511868,0.1046895906329155,0.0960499718785286,0.10299674049019814,0.10534744895994663,0.10551449656486511,0.10568355396389961,0.10675325244665146,0.10579003393650055,0.10470052249729633,0.10726342163980007,0.09970971569418907,0.10494955629110336,0.0948043055832386,0.09479266032576561,0.09675482288002968,0.09787998534739017,0.10168571211397648
Smarch/busybox_1_28_0,0.11492905765771866,0.11421826481819153,0.11232502944767475,0.1121780164539814,0.1120552197098732,0.11368427239358425,0.11528625711798668,0.11217716708779335,0.11801552772521973,0.11816108413040638,0.1136972438544035,0.11170104146003723,0.11075516231358051,0.11192523315548897,0.11236307770013809,0.1153799407184124,0.11073775216937065,0.11471796780824661,0.11419571377336979,0.11409040540456772,0.11066894046962261,0.11092687398195267,0.1095675453543663,0.11270088702440262,0.11094899661839008,0.1129185426980257,0.11124234460294247,0.11206399463117123,0.11505667120218277,0.11302345618605614,0.11276703886687756,0.1135743148624897,0.11341669782996178,0.11638186499476433,0.11182087287306786,0.11553545482456684,0.1116862203925848,0.11396661773324013,0.1100920531898737,0.11340573988854885,0.11536618322134018,0.11474128812551498,0.11186222918331623,0.10975276306271553,0.11364722810685635,0.11092579178512096,0.11402162164449692,0.11390972137451172,0.11021782830357552,0.11124053224921227
Smarch/ecos-icse11,19.472431564703584,19.378134440630674,19.564923593774438,19.376714814454317,19.276271240785718,19.6503668949008,19.307283071801066,19.365819334983826,19.523050935938954,19.437389915809035,19.334771623834968,19.659407779574394,19.322704061865807,19.564029280096292,19.55981905385852,19.435789370909333,19.70264633744955,19.482544358819723,19.618186809122562,19.361033279448748,19.355094842612743,19.591474747285247,20.201896419748664,19.691815493628383,19.74084647372365,19.635275691747665,19.676179071888328,19.776167383417487,19.655708288773894,19.72166039608419,19.61417967453599,19.69279218837619,19.6640865765512,19.745661959052086,19.72442852705717,19.628293288871646,19.734953936189413,19.76443716697395,19.74023836478591,19.709118211641908,19.717407951131463,19.604407401755452,19.755704844370484,19.64788780733943,19.782078679651022,19.640114339068532,19.646538538858294,19.620081275701523,19.70242321304977,19.675589056685567
Smarch/embtoolkit,1.848701048642397,1.7979830149561167,1.69283658079803,1.7167843636125326,1.7846983205527067,1.78170252032578,1.796827033162117,1.785914534702897,1.7825797349214554,1.7962752673774958,1.7692366316914558,1.6874318197369576,1.697461312636733,1.7975493017584085,1.7741483468562365,1.7881562318652868,1.8001916278153658,1.8050097916275263,1.7435606475919485,1.70885269343853,1.7982023283839226,1.7105186395347118,1.6796228401362896,1.6832352988421917,1.6817118767648935,1.7260361928492785,1.8352607246488333,1.7949076388031244,1.7594039421528578,1.7216982673853636,1.737882161512971,1.7785498071461916,1.770757893100381,1.7893595155328512,1.7823828980326653,1.7858180571347475,1.8021398298442364,1.7742511238902807,1.7067635152488947,1.7571586165577173,1.7762128189206123,1.7873701080679893,1.7942402232438326,1.7825592439621687,1.7847579810768366,1.7855167910456657,1.7732504028826952,1.6995543483644724,1.6939112655818462,1.8000196069478989
Smarch/fiasco,0.03847307898104191,0.038842663168907166,0.04291496425867081,0.0451724398881197,0.04625977948307991,0.04699421860277653,0.04380769282579422,0.04332469403743744,0.0447059590369463,0.04254344664514065,0.037939371541142464,0.04288146458566189,0.0403242539614439,0.043257707729935646,0.042968543246388435,0.044465791434049606,0.042441630735993385,0.03927907906472683,0.0393122136592865,0.040974052622914314,0.04182787984609604,0.04633674770593643,0.04574216157197952,0.0471614096313715,0.04456404224038124,0.046332502737641335,0.045202627778053284,0.045913031324744225,0.04513201117515564,0.045808134600520134,0.04575706087052822,0.045477163046598434,0.0450377706438303,0.045956602320075035,0.045325467362999916,0.04580475576221943,0.045897018164396286,0.04548235237598419,0.04608866386115551,0.04658609256148338,0.04416510835289955,0.044650157913565636,0.0448384340852499,0.045566899701952934,0.04599866829812527,0.0460777897387743,0.0450510960072279,0.04592455178499222,0.045278241857886314,0.04570558853447437
Smarch/fiasco_17_10,0.05348009988665581,0.04854069836437702,0.051652560010552406,0.05238744243979454,0.050021203234791756,0.052395790815353394,0.05122378468513489,0.052518200129270554,0.05235948972404003,0.050285493955016136,0.05098304897546768,0.05072680488228798,0.052548693493008614,0.05252506770193577,0.052160149440169334,0.052506424486637115,0.05032668262720108,0.05082106962800026,0.05099965259432793,0.04918406717479229,0.053640130907297134,0.05125465616583824,0.05210821144282818,0.052917081862688065,0.05517338030040264,0.053174737840890884,0.05200856551527977,0.05171092413365841,0.052907321602106094,0.05115267634391785,0.05512833967804909,0.05108525790274143,0.05130677670240402,0.05281358025968075,0.050926635041832924,0.05425181984901428,0.05011816509068012,0.053719380870461464,0.05116060934960842,0.05205970071256161,0.051512667909264565,0.053382838144898415,0.05074087716639042,0.05140325985848904,0.050495823845267296,0.05170201137661934,0.05313907749950886,0.051339104771614075,0.05323900282382965,0.05176568776369095
Smarch/freebsd-icse11,24.364557491615415,24.32931367494166,24.304726969450712,24.538599207997322,24.78559515438974,24.38419244810939,24.60232354514301,24.737281100824475,24.566257931292057,24.580140363425016,24.5673093367368,24.84411578066647,24.57762529142201,24.608237136155367,24.567197823897004,24.547746162861586,24.56486290320754,24.576397022232413,24.582975644618273,24.581801880151033,24.230148563161492,24.278390211984515,24.587659629061818,24.737338161095977,24.51837575249374,24.405048299580812,24.598764944821596,24.610326539725065,24.41492530144751,24.523520346730947,24.442138571292162,24.592358296737075,24.710761593654752,24.588209304958582,24.554846836254,24.55577548034489,24.53413943015039,24.543589897453785,24.64523925445974,24.593117732554674,24.602401573210955,24.59356507472694,24.658857386559248,24.507150327786803,24.591866882517934,24.631414296105504,24.52661481499672,24.51889881491661,24.419366052374244,24.501448176801205
Smarch/freetz.dimacs,1800,1800,1800,1800,1800,1800,1800,1800,1800,1800,1800,1800,1800,1800,1800,1800,1800,1800,1800,1800,1800,1800,1800,1800,1800,1800,1800,1800,1800,1800,1800,1800,1800,1800,1800,1800,1800,1800,1800,1800,1800,1800,1800,1800,1800,1800,1800,1800,1800,1800
Smarch/integrator_arm9,8.254255831241608,8.179970843717456,8.182725166901946,8.336475783959031,8.299045646563172,8.22997510060668,8.345045791938901,8.305913794785738,8.28407066874206,8.122579058632255,8.304282428696752,8.306904282420874,8.292160781100392,8.090492077171803,8.31648782081902,8.309417193755507,8.306728953495622,8.091970110312104,8.349524926394224,8.29898477345705,8.245179113000631,8.095504615455866,8.274146320298314,8.322940727695823,8.257014637812972,8.133993046358228,8.315871836617589,8.268974209204316,8.186407335102558,8.2691895570606,8.30650408565998,8.311082292348146,8.15554740652442,8.263894682750106,8.30081994459033,8.308781741186976,8.09756824374199,8.25594050064683,8.373807702213526,8.317225988954306,8.155352149158716,8.253126226365566,8.26426962390542,8.28384067863226,8.113012036308646,8.318536892533302,8.309782978147268,8.265360618010163,8.181157501414418,8.316823551431298
Smarch/lrzip,0.01148010790348053,0.011522827669978142,0.012026965618133545,0.011579923331737518,0.011357221752405167,0.010946696624159813,0.008891129866242409,0.0088262427598238,0.007955696433782578,0.008151836693286896,0.010225670412182808,0.009992031380534172,0.009719876572489738,0.009194143116474152,0.010418878868222237,0.009021855890750885,0.007568208500742912,0.008976904675364494,0.010357366874814034,0.009264977648854256,0.011225933209061623,0.010627275332808495,0.010044984519481659,0.01130739226937294,0.009898575022816658,0.01113453134894371,0.00982409156858921,0.009200932458043098,0.00973707064986229,0.009416701272130013,0.010140538215637207,0.009381845593452454,0.011393927037715912,0.008983593434095383,0.008897876366972923,0.009180659428238869,0.008706675842404366,0.009888939559459686,0.00911988876760006,0.00873362272977829,0.0094701386988163,0.010454041883349419,0.009708661586046219,0.01050947979092598,0.008746746927499771,0.009624840691685677,0.00891886092722416,0.008707435801625252,0.01125994324684143,0.01138923317193985
Smarch/m5272c3,21.21167743206024,21.25110774859786,21.15011801570654,21.14271099679172,21.16878453269601,21.115216048434377,21.118096748366952,21.251343209296465,21.132861783728004,21.124590009450912,21.27148623391986,21.198206899687648,21.25515559501946,21.266829824075103,21.139832992106676,21.150938123464584,21.256846461445093,21.08350027911365,21.13520570844412,21.253125712275505,21.16572474129498,21.09525883384049,21.208826983347535,21.18261027522385,21.371447386220098,21.3403631914407,21.131873436272144,21.18573792092502,21.347508888691664,21.305489778518677,21.22125905007124,21.30040734820068,21.202687218785286,21.235592510551214,21.178934417665005,21.342442490160465,21.179391361773014,21.31992618367076,21.12319128587842,21.229154117405415,21.171955052763224,21.36581758596003,21.132894607260823,21.188577195629478,21.277168286964297,21.06978553906083,21.243635166436434,21.12316737882793,21.18149219825864,21.145841075107455
Smarch/olpce2294,19.32636161521077,19.101330569013953,19.387829849496484,19.217188697308302,19.212753491476178,19.224127987399697,19.217256136238575,19.20325806364417,19.19080396555364,19.2014893386513,19.271740969270468,19.25004148297012,19.276445971801877,19.252793598920107,19.21509704552591,19.31008374132216,19.176488120108843,19.322853911668062,19.305896731093526,19.21417255885899,19.29146154783666,19.22499011270702,19.28473378904164,19.30535200238228,19.448014734312892,19.295650916174054,20.7313727773726,19.29532510600984,19.34697507880628,19.23859973438084,19.177369436249137,19.36873959004879,19.270503871142864,19.305062994360924,19.20681675337255,19.28601436689496,19.341509472578764,19.193140871822834,19.296790666878223,19.303261559456587,19.350660709664226,19.234200708568096,19.264802262187004,19.221192482858896,19.26429918408394,19.215767357498407,19.24909045174718,19.335095768794417,19.31216534599662,19.320036709308624
Smarch/pati,14.480479693040252,14.526666482910514,14.57731289230287,14.454928992316127,14.535521319136024,14.673284756019711,14.55103868804872,14.535862255841494,14.56502540409565,14.478776747360826,14.674666348844767,14.889207484200597,14.519088957458735,14.671031128615141,14.594191255047917,14.519010920077562,14.628775704652071,14.54131929948926,14.52978653088212,14.66870191693306,14.575501810759306,14.667884960770607,14.639500303193927,14.736271191388369,14.709167977795005,14.688955385237932,14.566688772290945,14.516909128054976,14.683916613459587,14.542143736034632,14.489441381767392,14.596344703808427,14.487926691770554,14.508749831467867,14.616287607699633,14.598696816712618,14.610529832541943,14.58477645739913,14.455489937216043,14.462197819724679,14.609720427542925,14.494163090363145,14.4975741263479,14.591583292931318,14.499089075252414,14.481521340087056,14.58956278860569,14.570831255987287,14.511768233031034,14.582366412505507
Smarch/phycore229x,32.209204306825995,32.200778195634484,32.156526459380984,32.197424568235874,32.31400191411376,32.256137792021036,32.210397727787495,32.282055635005236,32.24974828772247,32.2760982979089,32.35121351853013,32.60348212532699,32.22587751597166,32.21260361932218,32.22465820796788,32.078663216903806,32.333834029734135,32.15160127170384,32.225776659324765,32.24013281799853,32.171415785327554,32.24922985211015,32.278108436614275,32.29672314412892,32.29105780646205,32.30067714676261,32.24137666076422,32.21412457898259,32.20700196363032,32.245198879390955,32.605008041486144,32.260256404057145,32.236925184726715,32.27601724490523,32.32142999023199,32.29746829345822,32.348414642736316,32.28192790783942,32.35990877635777,32.375658540055156,32.27590749040246,32.558198830112815,32.292626747861505,32.39259693212807,32.6552700586617,32.411865236237645,32.266439186409116,32.6815304197371,32.243195194751024,32.21763549558818
Smarch/ref4955,37.75682644173503,37.658901408314705,37.669016752392054,37.71923269145191,37.69649338722229,37.71436129696667,37.70641426369548,37.64995620958507,37.74751878529787,37.66442088596523,37.711105862632394,37.580936247482896,37.69121737778187,37.578803818672895,37.685699462890625,37.53690994717181,37.66716687195003,37.628629406914115,37.70059290342033,37.6398393753916,37.73409258015454,38.02879103831947,37.823736218735576,37.76970758102834,37.68561415746808,37.63752861507237,37.63442171365023,37.66127788834274,37.71988583728671,37.492325032129884,37.77224459312856,37.799733525142074,37.58451679721475,37.76765152066946,37.54300620406866,37.89512447826564,37.76727333292365,37.473532762378454,37.65944080799818,37.894306695088744,37.478070264682174,37.58292752504349,37.671621484681964,37.54951894655824,37.65830982103944,37.67423331364989,37.74272095784545,37.55427575111389,37.60925677418709,37.63574555516243
Smarch/se77x9,20.99684545584023,20.757404888048768,21.157716758549213,20.79807655327022,21.006460083648562,20.824618488550186,20.94869033806026,20.999070707708597,20.854680797085166,20.92804124765098,20.88376683741808,20.98238980025053,20.93765738606453,21.09969175606966,20.918816223740578,20.88518068753183,20.94151255302131,20.77309476956725,20.962893705815077,20.949788654223084,20.972433608025312,20.764703383669257,20.918205132707953,20.843294063583016,20.869121227413416,20.97936088591814,21.041170820593834,20.63331887498498,20.946989500895143,20.90259767137468,20.721978325396776,20.825319347903132,20.81849355623126,20.696642488241196,20.98337102867663,20.56243135780096,20.740355152636766,20.82180381938815,20.774873780086637,20.73433892801404,21.049277981743217,20.882815392687917,20.6948056910187,20.896048322319984,20.732234198600054,20.95155379921198,20.730734143406153,20.747379347682,21.03245018236339,20.603493923321366
Smarch/toybox,0.022791443392634392,0.02129869908094406,0.01883728802204132,0.020626919344067574,0.01686878502368927,0.019108690321445465,0.01755056530237198,0.0178932286798954,0.01993963122367859,0.01695631816983223,0.017626898363232613,0.014287905767560005,0.01804584078490734,0.012586908414959908,0.016459524631500244,0.014188436791300774,0.018082359805703163,0.02080860733985901,0.015513144433498383,0.01708650402724743,0.01905360445380211,0.013833586126565933,0.01824921742081642,0.01520937867462635,0.015185071155428886,0.01703164540231228,0.01676490157842636,0.016841625794768333,0.015952134504914284,0.016418706625699997,0.017062194645404816,0.01657865196466446,0.016000399366021156,0.01963847503066063,0.01749727874994278,0.013858601450920105,0.015087557956576347,0.018854772672057152,0.013129955157637596,0.017885319888591766,0.015615781769156456,0.017712397500872612,0.015146655961871147,0.019093088805675507,0.016382336616516113,0.019753556698560715,0.017750749364495277,0.014602743089199066,0.01723359152674675,0.01591155305504799
Smarch/toybox_0_7_5,0.01749846525490284,0.01611560769379139,0.017102215439081192,0.01454208418726921,0.015947846695780754,0.018401481211185455,0.018489787355065346,0.017627082765102386,0.018029291182756424,0.013283591717481613,0.017851969227194786,0.01574811525642872,0.016754159703850746,0.015251899138092995,0.017391163855791092,0.015935983508825302,0.01699255220592022,0.014282211661338806,0.016907449811697006,0.019213305786252022,0.014987573027610779,0.01479056105017662,0.015510611236095428,0.017334945499897003,0.014354830607771873,0.01690763048827648,0.014052711427211761,0.015205521136522293,0.01585083268582821,0.01352379098534584,0.016069883480668068,0.018413279205560684,0.016526054590940475,0.017760807648301125,0.016955452039837837,0.014763101935386658,0.017571207135915756,0.019915573298931122,0.017505748197436333,0.014309985563158989,0.01698223315179348,0.013269549235701561,0.015973282977938652,0.018060898408293724,0.014212682843208313,0.017719635739922523,0.014166353270411491,0.01666565053164959,0.014689914882183075,0.015279460698366165
Smarch/uClibc-ng_1_0_29,0.050256943330168724,0.05372943729162216,0.052079685032367706,0.05054507218301296,0.05191412754356861,0.05238641798496246,0.05108328349888325,0.052389856427907944,0.05151263438165188,0.0502181239426136,0.051417138427495956,0.05075896345078945,0.05318274535238743,0.047541799023747444,0.04688735492527485,0.050189606845378876,0.051211223006248474,0.05008411593735218,0.04927794821560383,0.053131863474845886,0.04852387681603432,0.04846211522817612,0.04828965291380882,0.05081947520375252,0.04875471070408821,0.049557583406567574,0.05143108405172825,0.05028123967349529,0.05286493897438049,0.0502115860581398,0.04820372723042965,0.05026025325059891,0.0488018523901701,0.04712330922484398,0.04777689836919308,0.04683530516922474,0.04812196269631386,0.05155136622488499,0.04954151809215546,0.04916769452393055,0.050535066053271294,0.048544079065322876,0.04820553585886955,0.04916008189320564,0.05005628988146782,0.050081346184015274,0.04520944319665432,0.04708291031420231,0.04512939602136612,0.04851066693663597
Smarch/uClinux-config,0.14231558330357075,0.1329992525279522,0.14267015643417835,0.1350205447524786,0.13416067138314247,0.13394076563417912,0.1465684361755848,0.14830567501485348,0.1458442471921444,0.13147692382335663,0.14157581329345703,0.14889327809214592,0.1477345135062933,0.14709043316543102,0.13851295970380306,0.14639323949813843,0.14433258026838303,0.14441601186990738,0.1353947762399912,0.1474800743162632,0.14694424718618393,0.13178156688809395,0.1351978201419115,0.14654134027659893,0.14636500552296638,0.14972464367747307,0.13490572199225426,0.14426570013165474,0.1471637450158596,0.15127689018845558,0.14281786419451237,0.14087103866040707,0.150766771286726,0.15085961110889912,0.15074956975877285,0.15118661522865295,0.1420451831072569,0.15273174829781055,0.14883784763514996,0.14715919084846973,0.13665699772536755,0.14732008799910545,0.1390899084508419,0.13465881533920765,0.13548211939632893,0.14589278399944305,0.15017317607998848,0.1498234011232853,0.15156728215515614,0.1406933106482029
Smarch/uClinux,0.037029141560196877,0.031717006117105484,0.03287857584655285,0.03331100568175316,0.03360106982290745,0.03307683393359184,0.033147718757390976,0.03355912305414677,0.03350128047168255,0.03282204456627369,0.03306790255010128,0.03373190201818943,0.03318369761109352,0.033067043870687485,0.03430905565619469,0.03293922543525696,0.03387141600251198,0.03260373696684837,0.033293552696704865,0.03326951712369919,0.03301766887307167,0.03348871320486069,0.0347198061645031,0.03292565792798996,0.03254665993154049,0.03320736810564995,0.03364224173128605,0.03420093283057213,0.03294416517019272,0.0331595204770565,0.032766539603471756,0.033544087782502174,0.03379013203084469,0.03323439694941044,0.03322138264775276,0.03360885754227638,0.03286120481789112,0.03356625698506832,0.03428448364138603,0.03367299400269985,0.033454155549407005,0.03400739096105099,0.032848941162228584,0.033458298072218895,0.03347324952483177,0.03312544897198677,0.03349236771464348,0.03286474570631981,0.03404333256185055,0.033331284299492836
automotive01/automotive01,0.2911917008459568,0.29790748469531536,0.28951883874833584,0.2943157609552145,0.2639077827334404,0.2574750632047653,0.26171406358480453,0.26925506442785263,0.2565083783119917,0.25209829583764076,0.26172251254320145,0.26210729591548443,0.257881298661232,0.26231468468904495,0.26714888773858547,0.2555380091071129,0.2639855332672596,0.2619163393974304,0.25863528437912464,0.254509886726737,0.2628940548747778,0.26054348796606064,0.25556154549121857,0.2656349316239357,0.2605243045836687,0.2599034085869789,0.2660025358200073,0.26040797866880894,0.2596510872244835,0.26594169065356255,0.2612983901053667,0.2614884078502655,0.25294854305684566,0.2658368367701769,0.2606392130255699,0.26006292924284935,0.2628167010843754,0.2691742181777954,0.2564568780362606,0.26532892510294914,0.263103362172842,0.25894263945519924,0.2570929881185293,0.26543770730495453,0.26007455214858055,0.25681176595389843,0.26230864226818085,0.26164266653358936,0.2537437155842781,0.26516849733889103
automotive02/automotive2_4,0.5997491478919983,0.5525768492370844,0.5492583774030209,0.5553208235651255,0.5536634121090174,0.5553232319653034,0.5502080582082272,0.5433313213288784,0.538735618814826,0.5418789722025394,0.5442845448851585,0.5419552121311426,0.5476873144507408,0.544482046738267,0.5421758852899075,0.551187664270401,0.5470242537558079,0.5487883947789669,0.5499210450798273,0.5541259683668613,0.5643402710556984,0.54722910374403,0.5535215642303228,0.5496715195477009,0.5487348437309265,0.5464809406548738,0.5315698962658644,0.5371193345636129,0.5229505766183138,0.5254710707813501,0.5265399366617203,0.5307541210204363,0.5358572881668806,0.5310564246028662,0.5520886331796646,0.548728447407484,0.5498993843793869,0.554957989603281,0.550444919615984,0.5512755941599607,0.5559404641389847,0.54954226128757,0.5298491716384888,0.5359655320644379,0.5392502080649137,0.5418993830680847,0.5438776426017284,0.5426015760749578,0.5465461239218712,0.5511070732027292
featureide_examples/berkeleydb,0.021321751177310944,0.02327599935233593,0.026016369462013245,0.02700602263212204,0.02140044793486595,0.020179981365799904,0.022824525833129883,0.022227643057703972,0.022775176912546158,0.026486340910196304,0.018587153404951096,0.017477359622716904,0.018448276445269585,0.02456069178879261,0.025092031806707382,0.023738853633403778,0.024288788437843323,0.02081254869699478,0.022295230999588966,0.020620957016944885,0.024501163512468338,0.024618634954094887,0.023484131321310997,0.024748194962739944,0.019757835194468498,0.020975669845938683,0.02476416528224945,0.022414663806557655,0.02256416529417038,0.025370171293616295,0.02034640498459339,0.02251923456788063,0.02445884607732296,0.022873396053910255,0.02456822246313095,0.02315784990787506,0.020641691982746124,0.02438216097652912,0.023536091670393944,0.020471513271331787,0.02576717920601368,0.024913499131798744,0.020675985142588615,0.024196432903409004,0.022251946851611137,0.022847779095172882,0.023301655426621437,0.023642459884285927,0.022246092557907104,0.022925205528736115
financial_services/financialServices_2018-05-09,0.27957671880722046,0.2902141660451889,0.2861343268305063,0.2709135562181473,0.26670206896960735,0.24878924898803234,0.23117860034108162,0.24384765699505806,0.25101171992719173,0.23215325362980366,0.24376828409731388,0.24595875851809978,0.242072906345129,0.24718489684164524,0.24718122743070126,0.24560490064322948,0.24334684573113918,0.2519971877336502,0.24751603603363037,0.24649210087954998,0.24354966916143894,0.24257605150341988,0.2511098515242338,0.24727178178727627,0.24489620327949524,0.24418785981833935,0.2505758870393038,0.24702286534011364,0.24749959260225296,0.24376423843204975,0.24193222261965275,0.2481682375073433,0.25352587923407555,0.24662328325212002,0.24395962804555893,0.2618838306516409,0.24705836549401283,0.24556000716984272,0.2459243480116129,0.250802394002676,0.24844686686992645,0.248759888112545,0.24548916332423687,0.25051963701844215,0.24803504347801208,0.24750236794352531,0.24540042877197266,0.24477784894406796,0.25001429580152035,0.2473176084458828
confidential/automotive03/03,0.08470293879508972,0.08155742287635803,0.0838810596615076,0.08488765172660351,0.08251341432332993,0.08407849818468094,0.08000191114842892,0.08406241238117218,0.0829692855477333,0.08363107591867447,0.08225557208061218,0.08668231219053268,0.08542356826364994,0.08438796363770962,0.08351015485823154,0.08478423207998276,0.08496254123747349,0.08525383286178112,0.08496891148388386,0.08616241253912449,0.08052531443536282,0.08427395485341549,0.08673978969454765,0.08323380909860134,0.0849012415856123,0.0843505710363388,0.08067073300480843,0.08081156760454178,0.08425740338861942,0.08478106558322906,0.0847456119954586,0.08179685100913048,0.08087084628641605,0.08135145716369152,0.08406220003962517,0.08422215282917023,0.08450973220169544,0.08290575444698334,0.08658971637487411,0.08338592946529388,0.08542270585894585,0.0825638622045517,0.08390103839337826,0.0850878469645977,0.08545262552797794,0.08203174732625484,0.08282808028161526,0.08382990770041943,0.08450266718864441,0.08487163856625557
confidential/automotive03/automotive03a,0.031932080164551735,0.030445054173469543,0.027104822918772697,0.02922600694000721,0.027588311582803726,0.029387490823864937,0.027396177873015404,0.029827410355210304,0.030711794272065163,0.03082900308072567,0.03112650290131569,0.030271176248788834,0.027505652979016304,0.030030954629182816,0.02693653479218483,0.03011057712137699,0.031253205612301826,0.03190453164279461,0.02760176919400692,0.028638258576393127,0.02771838754415512,0.029969068244099617,0.027032211422920227,0.02941034361720085,0.026889976114034653,0.030641131103038788,0.02807610295712948,0.028283026069402695,0.027530686929821968,0.02874133177101612,0.03107466921210289,0.030578669160604477,0.02845747023820877,0.028367673978209496,0.029571672901511192,0.03057888336479664,0.027214230969548225,0.0300246924161911,0.029352936893701553,0.032268958166241646,0.032960619777441025,0.03207780420780182,0.031663261353969574,0.031118933111429214,0.028958745300769806,0.028257058933377266,0.027994990348815918,0.028775056824088097,0.027173485606908798,0.031162284314632416
confidential/automotive03/automotive03b,0.08292662352323532,0.09290972724556923,0.08887180127203465,0.09363142400979996,0.09291529655456543,0.09388452582061291,0.09508673660457134,0.08602884970605373,0.09300871752202511,0.09296748787164688,0.09393795393407345,0.09302999638020992,0.09491165727376938,0.08852141164243221,0.08614222891628742,0.0936842355877161,0.08853637427091599,0.08511580899357796,0.08792118355631828,0.08507462777197361,0.09027977474033833,0.09463053196668625,0.09273350052535534,0.09391380101442337,0.09518199227750301,0.08839384838938713,0.09170985221862793,0.09070740267634392,0.09451406262814999,0.09430619701743126,0.08671767823398113,0.09262986853718758,0.0918576717376709,0.08610524609684944,0.08658302016556263,0.08728736452758312,0.08702307194471359,0.08795542269945145,0.09260460548102856,0.09276100061833858,0.08618609048426151,0.09181412123143673,0.09385179355740547,0.08963731490075588,0.08994509652256966,0.08842155709862709,0.086934270337224,0.09120170213282108,0.0867342259734869,0.09173503145575523
confidential/automotive04/04,0.06998497992753983,0.06881486810743809,0.06916418112814426,0.06833492405712605,0.06978212483227253,0.06841060891747475,0.06947949156165123,0.07065705582499504,0.07004312984645367,0.067395880818367,0.0694673489779234,0.06878415867686272,0.06932629458606243,0.07051479630172253,0.06771478429436684,0.06989451870322227,0.07018163986504078,0.07026729360222816,0.06918756663799286,0.06764918565750122,0.06695095263421535,0.07058202661573887,0.06715721264481544,0.0682407058775425,0.06815293617546558,0.06996292620897293,0.06733207777142525,0.0716924648731947,0.06877053529024124,0.07111869566142559,0.0679692905396223,0.06747529096901417,0.07104409672319889,0.06820099614560604,0.06779731437563896,0.06957481428980827,0.07079433463513851,0.06830747053027153,0.06961870193481445,0.0681324154138565,0.07008367590606213,0.07088837772607803,0.06750134006142616,0.06898586638271809,0.06895232014358044,0.07070520706474781,0.06914794817566872,0.06830357946455479,0.06969957984983921,0.06804736331105232
confidential/automotive05/05.dimacs,1800,1800,1800,1800,1800,1800,1800,1800,1800,1800,1800,1800,1800,1800,1800,1800,1800,1800,1800,1800,1800,1800,1800,1800,1800,1800,1800,1800,1800,1800,1800,1800,1800,1800,1800,1800,1800,1800,1800,1800,1800,1800,1800,1800,1800,1800,1800,1800,1800,1800
confidential/automotive06/automotive06a,0.034716615453362465,0.03018590807914734,0.02725924551486969,0.029381761327385902,0.0273464173078537,0.031250135973095894,0.02716931886970997,0.030841093510389328,0.028796009719371796,0.028244469314813614,0.031796786934137344,0.029263557866215706,0.029751330614089966,0.028356356546282768,0.031292447820305824,0.03112717904150486,0.031161563470959663,0.02895510569214821,0.028581075370311737,0.03207124024629593,0.033340197056531906,0.031249698251485825,0.027659142389893532,0.02952839620411396,0.029249196872115135,0.027967136353254318,0.028566880151629448,0.027965445071458817,0.030967123806476593,0.029068728908896446,0.029798204079270363,0.029790299013257027,0.029062926769256592,0.02814406342804432,0.02699018456041813,0.02827480249106884,0.028187690302729607,0.03109123557806015,0.029333511367440224,0.02854592725634575,0.027439812198281288,0.03045356273651123,0.03072397969663143,0.027907593175768852,0.03149556927382946,0.034423703327775,0.033106811344623566,0.0313683245331049,0.031663551926612854,0.03180954046547413
confidential/automotive06/automotive06b,0.05698017589747906,0.059819240123033524,0.056925803422927856,0.05818530172109604,0.05877656303346157,0.05612424947321415,0.05773910693824291,0.05989418923854828,0.05578470230102539,0.05734630301594734,0.06048019416630268,0.05681760050356388,0.058240003883838654,0.05842076800763607,0.056527094915509224,0.05806151404976845,0.058632539585232735,0.05636482313275337,0.06310806423425674,0.059067269787192345,0.061203520745038986,0.05935274250805378,0.0645289309322834,0.05793404579162598,0.056883376091718674,0.05705855414271355,0.06384105794131756,0.057666659355163574,0.05785542540252209,0.06421826221048832,0.06006872095167637,0.06200859695672989,0.06098705343902111,0.05827062018215656,0.06596047058701515,0.06062241643667221,0.05708118714392185,0.06363071501255035,0.05835217423737049,0.0591739509254694,0.0556795708835125,0.058693427592515945,0.0604851096868515,0.058455249294638634,0.06224886700510979,0.05799994803965092,0.06122455932199955,0.058595648035407066,0.059612955898046494,0.05847522057592869
confidential/automotive07/automotive07a,0.22548802383244038,0.22854589484632015,0.2293618582189083,0.22441641800105572,0.19756190292537212,0.1968849841505289,0.1973277386277914,0.19576055370271206,0.19512332417070866,0.19641688466072083,0.19844962656497955,0.19705229811370373,0.19759665057063103,0.22698030434548855,0.19686863757669926,0.19775043986737728,0.19761482998728752,0.1979342233389616,0.21327807568013668,0.1980904247611761,0.19788415171205997,0.19795926101505756,0.1982771623879671,0.19628230668604374,0.19678081572055817,0.19646724313497543,0.19278462417423725,0.20087293162941933,0.19808986224234104,0.20101033337414265,0.19375690817832947,0.19948603585362434,0.1940404251217842,0.1997643429785967,0.19826198928058147,0.19775438867509365,0.19840927980840206,0.20173968188464642,0.2102383989840746,0.20027611777186394,0.19831603206694126,0.19964692182838917,0.20111400075256824,0.19898338057100773,0.2002423908561468,0.20063559152185917,0.19410152360796928,0.20106948912143707,0.20093716122210026,0.201695267111063
confidential/automotive07/automotive07b,2.59497994184494,2.541118970140815,2.589037161320448,2.565519742667675,2.5504794735461473,2.5526298098266125,2.5371992215514183,2.5543423891067505,2.483285740017891,2.4507001638412476,2.571258295327425,2.557739829644561,2.5440737903118134,2.5863781310617924,2.551460810005665,2.5460978224873543,2.574308220297098,2.544537052512169,2.584460658952594,2.5666047502309084,2.5650987327098846,2.587922165170312,2.570803102105856,2.52247572876513,2.4228399135172367,2.431947324424982,2.580500029027462,2.5529394634068012,2.57864585891366,2.5545696821063757,2.5640126932412386,2.5902740713208914,2.556917706504464,2.5459921937435865,2.558395177125931,2.5780829563736916,2.548036912456155,2.6069033704698086,2.5682682283222675,2.436830973252654,2.4564271066337824,2.570393381640315,2.55205294303596,2.571621412411332,2.5690024569630623,2.55041497759521,2.5527108125388622,2.5794495791196823,2.549150235950947,2.539041357114911
