Models,Features,Ddnnifec2d-avg,Ddnifec2d-med,ddnnifed4-stdev
/CDL/am31_sim,11,10.7300777447317,10.752986157313,0.086476730213258
/CDL/ea2468,16,9.28646178206429,9.28413042495959,0.033041004189372
/CDL/p2106,17,5.50495852189139,5.50447369995527,0.028366193015559
/KConfig/axTLS,18,0.014150050608441,0.014177175471559,0.001264983725805
/KConfig/busybox-1.18.0,20,0.051324774390087,0.050302675226704,0.003721260045851
/KConfig/embtoolkit,31,0.069141494650394,0.068912959424779,0.001678460808218
KConfig/linux-2.6.33.3.dimacs,39,0,0,0
/KConfig/uClibc,40,0.050580805875361,0.050779160344973,0.001865344010645
/KConfig/uClinux-base,42,0.046699269134551,0.046488927444444,0.001986216303547
/KConfig/uClinux-distribution,44,0.069509882032871,0.069601296447218,0.002617840345233
Smarch/2.6.28.6-icse11.dimacs,45,0,0,0
Smarch/2.6.32-2var.dimacs,76,0,0,0
Smarch/2.6.33.3-2var.dimacs,94,0,0,0
/Smarch/7z,96,0.013330055726692,0.013256820151583,0.000972887282606
/Smarch/BerkeleyDBC,234,0.010363658964634,0.010376562131569,0.001039902953002
/Smarch/Dune,269,0.010893134353683,0.010888621211052,0.000889541728942
/Smarch/HiPAcc,313,0.014356559896842,0.014297218061984,0.001206071461441
/Smarch/JHipster,316,0.013163917735219,0.013151418650523,0.000821636732052
/Smarch/JavaGC,380,0.012047730386257,0.01208427012898,0.000806266571814
/Smarch/LLVM,384,0.024723280770704,0.024879497010261,0.001464527569957
/Smarch/Polly,449,0.011051804600284,0.010958651546389,0.00131464782936
/Smarch/VP9,531,0.011751785231754,0.011712938779966,0.000756567632038
/Smarch/X264,544,0.009454826274887,0.009512557415292,0.000590176422904
/Smarch/adderII,581,5.83848299405538,5.84199894824997,0.02748497029916
/Smarch/at91sam7sek,588,8.62984174530953,8.62720293202437,0.046484738625715
/Smarch/axTLS,684,0.028281926317141,0.028318122262136,0.00172176555371
/Smarch/axtls_2_1_4,771,0.017412202470005,0.01724894088693,0.001644026852294
Smarch/buildroot.dimacs,854,0,0,0
/Smarch/busybox-1.18.0,998,0.127464258456603,0.127310937037692,0.002747679496737
/Smarch/busybox_1_28_0,1178,0.145526137575507,0.146520759211854,0.005658397757517
/Smarch/ecos-icse11,1179,16.8770564606972,16.8798175856937,0.067304368367216
/Smarch/embtoolkit,1218,69.6809670879692,69.8933618417941,0.677874579866431
/Smarch/fiasco,1244,0.040146794784814,0.039830356603489,0.002591238182281
/Smarch/fiasco_17_10,1248,0,0,0
Smarch/freebsd-icse11.dimacs,1262,0,0,0
Smarch/freetz.dimacs,1267,0,0,0
/Smarch/integrator_arm9,1274,6.28961865511723,6.28524675336667,0.023408007082128
/Smarch/lrzip,1276,0.010777002219111,0.010768648469821,0.001095623796573
/Smarch/m5272c3,1296,18.2280021635629,18.1625690159853,0.203021785793778
/Smarch/olpce2294,1319,8.39143087121658,8.39538443088532,0.04007012914751
/Smarch/pati,1323,13.9423135245685,13.9393248260021,0.050586388833901
/Smarch/phycore229x,1360,13.6140142906271,13.6112415336538,0.047200682004704
/Smarch/ref4955,1396,12.1902015338373,12.2882344697137,0.190179072121301
/Smarch/se77x9,1408,16.9313769323006,16.918557374971,0.082089311759785
/Smarch/toybox,1580,0.018803322426975,0.018750585149974,0.002178258967133
/Smarch/toybox_0_7_5,1638,0.020214586285874,0.020119857043028,0.002214046241033
/Smarch/uClibc-ng_1_0_29,1663,0.036453957231716,0.036378379678354,0.002203600683802
/Smarch/uClinux-config,1850,0.608707292191684,0.60615191445686,0.01320859847399
/Smarch/uClinux,2513,0.036646145712584,0.036166900768877,0.002456691568575
/automotive01/automotive01,4902,0.200828716922551,0.198572830529884,0.007050680547246
/automotive02/automotive2_4,5571,134.950181045262,135.44796678354,1.57116648427288
/featureide_examples/berkeleydb,6467,0.017679479802028,0.017509100027383,0.002023372803871
/financial_services/financialServices_2018-05-09,6796,0.159214290715754,0.160255440045149,0.005711250466488
/confidential/automotive03/03,6888,0.079430351480842,0.079120735870674,0.003060858594221
/confidential/automotive03/automotive03a,8649,0.023288054354489,0.023429112741724,0.001422232296208
/confidential/automotive03/automotive03b,11254,0.059533748487011,0.059674842981622,0.002058500134701
/confidential/automotive04/04,14910,0.058066975735128,0.058397348271683,0.002606299381234
confidential/automotive05/05.dimacs,18616,0,0,0
/confidential/automotive06/automotive06a,23516,0.02638996754773,0.026388957863674,0.001585958143786
/confidential/automotive06/automotive06b,31012,0.051628040904179,0.051591241499409,0.002738523140195
/confidential/automotive07/automotive07a,60072,0.224879582328722,0.223293165443465,0.00658208992615
/confidential/automotive07/automotive07b,62482,1.40927850319073,1.4125683172606,0.027127470433127
