Models,Features,,,,,,,,,,,,,,,,,,,,,,,,,,,,,,,,,,,,,,,,,,,,,,,,,,
/CDL/am31_sim,11,10.6519592138939,10.4869575886987,10.4354538307525,10.4262706520967,10.5484432550147,10.7850151979364,10.7875168290921,10.7058351607993,10.7563812760636,10.7292912509292,10.7182755540125,10.7388189197518,10.7864924441092,10.7758702030405,10.7477598972619,10.7345604449511,10.7875349451788,10.7021128772758,10.7520202379674,10.7608525450341,10.7391403010115,10.7847500150092,10.778950500302,10.7578002200462,10.7718380303122,10.6829670411535,10.7669070088305,10.7328063817695,10.741201560013,10.7221376202069,10.7670087851584,10.7778435060754,10.7529977429658,10.7733500231989,10.7347424733453,10.8392637260258,10.8095638472587,10.7033557002433,10.7529745716602,10.7805869015865,10.7383040226996,10.6671119960956,10.7935075256974,10.8283893973567,10.7825836041011,10.7882261550985,10.734683892224,10.766348047182,10.7545758732595,10.6625484428369
/CDL/ea2468,16,9.27479401184246,9.255224107299,9.32604359090328,9.30195373902097,9.29296869784594,9.2881690771319,9.27067207405344,9.24494386510924,9.25669719511643,9.25587540725246,9.28316587395966,9.26070827711374,9.24145945999771,9.27200452284887,9.29095879988745,9.27959220670164,9.32015591021627,9.26100427424535,9.36652687378228,9.32508842274547,9.29557773796842,9.3144572111778,9.32839379506186,9.26864774897695,9.32555119786412,9.30421950155869,9.26092478400096,9.33618743810803,9.22950648982078,9.26631774101406,9.28509497595951,9.28158591035754,9.27252555591986,9.31458524055779,9.24187850905582,9.30168171599507,9.26874895393848,9.30302005168051,9.31082956911996,9.23437241418287,9.26627861987799,9.26693528797478,9.29564648959786,9.23544622864574,9.28924585273489,9.3794331420213,9.3373497473076,9.28717771964148,9.26120942505077,9.29225366096944
/CDL/p2106,17,5.49549447000027,5.4940419648774,5.52796470932663,5.49927951209247,5.49818548187614,5.51916336081922,5.52289646724239,5.48267433373258,5.47074935818091,5.50450249388814,5.50471522612497,5.52805611398071,5.50610781367868,5.45786507194862,5.48471359815449,5.53977330494672,5.55371332727373,5.5099354502745,5.51178092416376,5.52802149020135,5.52771941386163,5.49770628008992,5.51743193296716,5.5236909231171,5.53182231402025,5.49491766514257,5.46951995976269,5.49491077428684,5.51807264098898,5.48740509012714,5.47647889330983,5.49605090124533,5.55179363768548,5.52888006577268,5.50272352714092,5.47601805720478,5.51959588797763,5.54043581429869,5.50249927537516,5.46622952213511,5.50248528830707,5.38413596805185,5.52301770169288,5.53762322105467,5.484521697741,5.5044449060224,5.54156810510904,5.50758795998991,5.49565288191661,5.50335131539032
/KConfig/axTLS,18,0.014334392268211,0.017831267789006,0.016476045828313,0.0135593037121,0.014636831823737,0.013858940917999,0.012428957037628,0.013826305978,0.015003281179816,0.013422654010356,0.012298202142119,0.014229945838451,0.013864897657186,0.014846126083285,0.013127455953509,0.012529392261058,0.013883957639337,0.015219904016703,0.014608254190534,0.013756115920842,0.012298796325922,0.014276939909905,0.015595860779286,0.013606076128781,0.013284360989928,0.01601720508188,0.016157323960215,0.014742237050086,0.01484235888347,0.014256845228374,0.01283464115113,0.013918439392001,0.013777114916593,0.015298933256418,0.011179541703314,0.013412187807262,0.014657335821539,0.014287942089141,0.013343163765967,0.014542132150382,0.012621694244444,0.014124405104667,0.015282291918993,0.012048319913447,0.013523346278817,0.01423129811883,0.015292144846171,0.012958550825715,0.01507040578872,0.016278404742479
/KConfig/busybox-1.18.0,20,0.049214800819755,0.052555540110916,0.051127650309354,0.05351845594123,0.04774950677529,0.049763978924602,0.049828179180622,0.049029021989554,0.047477340791375,0.049040441401303,0.055241324007511,0.047892639879137,0.055902417749167,0.054595299065113,0.050754213705659,0.055004132911563,0.050939926877618,0.067548941355199,0.056208236142993,0.049238661304116,0.052181491628289,0.05450548324734,0.059869128279388,0.054695656057447,0.051741725765169,0.048563244752586,0.050472915172577,0.052067665848881,0.053585617803037,0.048296136781573,0.048466193024069,0.048738870769739,0.054061837960035,0.048789578024298,0.048153811134398,0.053520891815424,0.048974782694131,0.047798393759877,0.047522845678032,0.04822575673461,0.048662363085896,0.052050988189876,0.048933309037238,0.049318236298859,0.048715950455517,0.047453532926738,0.051657940726727,0.055299619212747,0.05013243528083,0.051151608116925
/KConfig/embtoolkit,31,0.067975040990859,0.071199342142791,0.066913882736117,0.06769795389846,0.071450735908002,0.065861925017089,0.068637751042843,0.069569088984281,0.069605851080269,0.068210572004318,0.068568952381611,0.069897911977023,0.071272160857916,0.073431099765003,0.069681472145021,0.068278224207461,0.068873026873916,0.068726500030607,0.070727331098169,0.06956723285839,0.067722091916949,0.06780456379056,0.06862780591473,0.06987444171682,0.067172362003476,0.067777442745864,0.07226578425616,0.066746982280165,0.070327416062355,0.06908007292077,0.069511760957539,0.071763953659684,0.068952891975641,0.071330145001412,0.071046012919396,0.069917125627399,0.067639952991158,0.067789592780173,0.067784919869155,0.069642466958612,0.071073397994042,0.070793406106532,0.070063538849354,0.06737788207829,0.070989102125168,0.068696395028383,0.066355790011585,0.06858887616545,0.067336567211896,0.06687593460083
KConfig/linux-2.6.33.3.dimacs,39,0,0,0,0,0,0,0,0,0,0,0,0,0,0,0,0,0,0,0,0,0,0,0,0,0,0,0,0,0,0,0,0,0,0,0,0,0,0,0,0,0,0,0,0,0,0,0,0,0,0
/KConfig/uClibc,40,0.047837166115642,0.053657760377973,0.054253108799458,0.049793046433479,0.050809260923416,0.052362721413374,0.05079527804628,0.05069414107129,0.049796142149717,0.051481222733855,0.051232944242656,0.049326779320836,0.049040080979467,0.048212012276054,0.049605443142355,0.046697800047696,0.0479318597354,0.047837550751865,0.052222150843591,0.051598023157567,0.0498086232692,0.049586226698011,0.052721267100424,0.050687005277723,0.049636395182461,0.053557306993753,0.051704511977732,0.050821495242417,0.050848429091275,0.048103938810527,0.052620141766965,0.052255813963711,0.050943041685969,0.046150383073837,0.052946929819882,0.050451561808586,0.052026573568583,0.050709244795144,0.053549367003143,0.051429749000818,0.050244476180524,0.050763042643666,0.051084882114083,0.05133424885571,0.048560145776719,0.047256502788514,0.052229682914913,0.049981251358986,0.049589631147683,0.052253931295127
/KConfig/uClinux-base,42,0.045349358581007,0.044844845775515,0.044260933995247,0.050749436020851,0.049286593217403,0.045690936036408,0.046019197907299,0.049729885067791,0.046859188005328,0.045789359137416,0.048288109246641,0.047865970060229,0.046849487815052,0.049202773720026,0.045971149113029,0.045158816035837,0.047551699914038,0.047744140028954,0.047190070617944,0.050054734107107,0.047112226020545,0.048566616140306,0.046526974998415,0.045827334281057,0.046450879890472,0.049451507162303,0.044769380241633,0.049673579633236,0.04660584917292,0.047963283024728,0.046311516314745,0.047423144802451,0.044108444824815,0.045634154230356,0.04469748865813,0.04804519796744,0.048619540408254,0.044683157932013,0.04808923881501,0.050036309752613,0.045693038962782,0.046148625668138,0.045267131179571,0.044213048182428,0.044440163765103,0.041145059280098,0.044044246897101,0.044530170969665,0.048184445127845,0.046245018020272
/KConfig/uClinux-distribution,44,0.066162087023258,0.069110319018364,0.072454128880054,0.071568578947336,0.070627131965011,0.071060054004192,0.069080085959286,0.069660109002143,0.065666067879647,0.072581883054227,0.067632507067174,0.064158232882619,0.064231499098241,0.066347341053188,0.067172210197896,0.0730419321917,0.070262186229229,0.069160157814622,0.073277872055769,0.069325618911535,0.068936939351261,0.066264055203647,0.066580784041435,0.068074834998697,0.069721694104374,0.070249584037811,0.069899941794574,0.069145076908171,0.070392575580627,0.071356374770403,0.071839851792902,0.07220537494868,0.071555729955435,0.071945271920413,0.074396665673703,0.069441246334463,0.074936390854418,0.068687421735376,0.069134309887886,0.071718689054251,0.068563380744308,0.071671028155834,0.06832311116159,0.07144009321928,0.069542483892292,0.070111636072397,0.062818468082696,0.070485601201654,0.066731071099639,0.066744411829859
Smarch/2.6.28.6-icse11.dimacs,45,0,0,0,0,0,0,0,0,0,0,0,0,0,0,0,0,0,0,0,0,0,0,0,0,0,0,0,0,0,0,0,0,0,0,0,0,0,0,0,0,0,0,0,0,0,0,0,0,0,0
Smarch/2.6.32-2var.dimacs,76,0,0,0,0,0,0,0,0,0,0,0,0,0,0,0,0,0,0,0,0,0,0,0,0,0,0,0,0,0,0,0,0,0,0,0,0,0,0,0,0,0,0,0,0,0,0,0,0,0,0
Smarch/2.6.33.3-2var.dimacs,94,0,0,0,0,0,0,0,0,0,0,0,0,0,0,0,0,0,0,0,0,0,0,0,0,0,0,0,0,0,0,0,0,0,0,0,0,0,0,0,0,0,0,0,0,0,0,0,0,0,0
/Smarch/7z,96,0.015310600399971,0.012621101923287,0.014461283106357,0.013193952850998,0.011769198812544,0.01354523608461,0.015666695777327,0.013634931761772,0.012702132109553,0.01316066365689,0.013514908030629,0.013594902120531,0.012515841051936,0.013678958173841,0.013281465973705,0.013914166018367,0.014530796092004,0.01379730924964,0.01323217432946,0.013109048828483,0.014011202380061,0.014588691294193,0.012410190887749,0.013822948094457,0.012841233052313,0.014048208948225,0.011956681031734,0.012043058872223,0.012392693199217,0.014274397864938,0.014659627806395,0.012150213122368,0.013001784216613,0.013316174037755,0.014196359086782,0.012573885265738,0.013899886980653,0.012083007954061,0.012341673951596,0.013918803073466,0.015022864099592,0.012652094010264,0.012786990962923,0.013005685061216,0.011879813857377,0.013375099748373,0.014644717331976,0.011192135047168,0.013059409800917,0.013117888942361
/Smarch/BerkeleyDBC,234,0.010597494896501,0.011282403022051,0.011204325128347,0.011683890130371,0.010959639679641,0.010952418204397,0.011213489808142,0.012843859381974,0.010704652871937,0.010564870666713,0.010445676743984,0.010861658956856,0.011296884156764,0.011238656938076,0.011374861001968,0.012541410978884,0.010826872196049,0.010957623831928,0.010369894094765,0.011915986891836,0.012102603912354,0.008143731858581,0.008775883354247,0.011315484996885,0.010216461960226,0.010674994904548,0.010383230168372,0.008949319832027,0.009543861728162,0.009494414087385,0.009450762998313,0.009770932141691,0.009860411752015,0.010084260255098,0.010748743079603,0.008573933970183,0.010173764079809,0.009240093175322,0.009028132073581,0.009957338217646,0.009791788179427,0.009129389189184,0.010220564901829,0.008648045826703,0.009434692095965,0.009983490221202,0.010230873245746,0.011354463640601,0.009408967103809,0.009655745700002
/Smarch/Dune,269,0.01259590126574,0.011263407766819,0.012040907982737,0.010763726197183,0.011038179043681,0.011578169185668,0.010812174063176,0.012075741309673,0.011213982012123,0.013206433039159,0.009395841974765,0.010180819779635,0.010488077066839,0.010631192941219,0.011475251987577,0.012611365877092,0.011533982120454,0.009996555745602,0.010843479074538,0.011084656696767,0.012287198100239,0.011107182130218,0.011267442256212,0.010933763347566,0.010496713686735,0.010491773951799,0.009986537043005,0.010608596261591,0.009832322131842,0.011132575105876,0.011805646121502,0.011586952023208,0.010440323036164,0.010543177835643,0.012000244110823,0.011134617030621,0.009929081890732,0.011144006159157,0.010107927955687,0.009918964002281,0.01130560413003,0.00958533398807,0.011213887948543,0.011429898906499,0.010100685060024,0.009836745914072,0.009095079265535,0.010082378052175,0.009631683118641,0.010790531989187
/Smarch/HiPAcc,313,0.015472063329071,0.011676923837513,0.013020582031459,0.014276867266744,0.016680419910699,0.012917655985803,0.012276403140277,0.013904551975429,0.015793259255588,0.016661582048982,0.013419608585537,0.015282304957509,0.015612785704434,0.015150416642428,0.014018859248608,0.013351027853787,0.014415210112929,0.014317568857223,0.014400517102331,0.017394830007106,0.01426815520972,0.014214564114809,0.014219785109162,0.015394399873912,0.013391287997365,0.014218436088413,0.014479731209576,0.014482602011412,0.015894051175565,0.014211665838957,0.011979399714619,0.013858596328646,0.015304482076317,0.014538151212037,0.013369335327298,0.01493779476732,0.014774504583329,0.0157092330046,0.014389311894775,0.015039744786918,0.01526493858546,0.012738177087158,0.014253800734878,0.014998367056251,0.013537141960114,0.013059131335467,0.013991560786963,0.015278954990208,0.01217272086069,0.013814531266689
/Smarch/JHipster,316,0.012543860822916,0.013383237179369,0.012816261965782,0.013146304059774,0.013921205885708,0.013253516983241,0.011308243032545,0.014414495788515,0.012993044685572,0.013918864075095,0.013560882303864,0.012991754803807,0.011686802841723,0.013878594618291,0.013625264167786,0.013996835332364,0.013316723983735,0.012180091347545,0.012527337297797,0.013412560801953,0.014208769891411,0.012264363002032,0.013347230385989,0.012725765816867,0.012594513129443,0.013557511847466,0.015026075765491,0.012020296882838,0.01243932871148,0.013328222557902,0.012557455338538,0.013129353988916,0.014373944140971,0.012540323194116,0.012396805919707,0.013156533241272,0.012705243192613,0.013526839204133,0.014923484995961,0.012357195839286,0.012758633121848,0.013052276801318,0.012704368680716,0.013385734055191,0.013980203308165,0.014806628692895,0.012349300086498,0.011959108989686,0.013640748802573,0.01350374519825
/Smarch/JavaGC,380,0.012369744013995,0.011977285612375,0.012944193091244,0.013493619393557,0.011235891841352,0.012159870006144,0.012878099922091,0.011251551099122,0.011719137895852,0.011614404153079,0.011886595748365,0.011641157325357,0.012768649961799,0.012705790810287,0.012674020137638,0.013800035230816,0.010669166687876,0.011961480136961,0.011247678659856,0.012065769638866,0.012093489989638,0.011339121032506,0.012352773919702,0.01140043605119,0.01224024174735,0.011324300896376,0.012853363063186,0.009829362854362,0.011300010606647,0.012110142968595,0.012851141858846,0.013015377800912,0.013010607101023,0.010918203741312,0.012122603133321,0.012303133960813,0.011245202738792,0.012291437014937,0.012511570937932,0.01175048481673,0.012410035822541,0.013317518867552,0.012027909047902,0.010907494928688,0.012106923852116,0.012075050268322,0.011126272380352,0.013508060947061,0.011190132703632,0.011789972893894
/Smarch/LLVM,384,0.022031470667571,0.02627942385152,0.024598832707852,0.026095837820321,0.026532994117588,0.026655642781407,0.021746611688286,0.025344096124172,0.024876561015844,0.023413776885718,0.024830063804984,0.024482998996973,0.025923360139132,0.026056020986289,0.025714107789099,0.02130830520764,0.023637036792934,0.026093054097146,0.024301816243678,0.025928963907063,0.026647415943444,0.023331617936492,0.025636323262006,0.022048538085073,0.024576858151704,0.020711304154247,0.026360376272351,0.026324663311243,0.024341896176338,0.025331513956189,0.02466309024021,0.023714696057141,0.025463832076639,0.026527476031333,0.024027030915022,0.024167845956981,0.024781449232251,0.025941276922822,0.024882433004677,0.025521263014525,0.024718805216253,0.023029807955027,0.024932954926044,0.024912531021983,0.022674992214888,0.026104771066457,0.024588355328888,0.023505506571382,0.025177835952491,0.025666601955891
/Smarch/Polly,449,0.012757461983711,0.010399579070509,0.008732694666833,0.00838449690491,0.008542906027287,0.010617400985211,0.010934691876173,0.009718229994178,0.009484327863902,0.009981057140976,0.011778689920902,0.009793261997402,0.010542078409344,0.011345326900482,0.01251913420856,0.012717259116471,0.012355129700154,0.012341345194727,0.010801957920194,0.011756775900722,0.01086014136672,0.011785557959229,0.010972477030009,0.011748910881579,0.011421110946685,0.013781844172627,0.010828403290361,0.009148499928415,0.009168385993689,0.008867067750543,0.010693605989218,0.009781749919057,0.010944826062769,0.0120665631257,0.011906871106476,0.01347691193223,0.010431359987706,0.011324688792229,0.013011422939599,0.010691137053073,0.011410407256335,0.01241744030267,0.010008840356022,0.010061839595437,0.011164806783199,0.01254950510338,0.012202138081193,0.012788647785783,0.010337689891458,0.011233572848141
/Smarch/VP9,531,0.012437083758414,0.011554121039808,0.011485986877233,0.011926320847124,0.010913169942796,0.012001670897007,0.011067034676671,0.012334145139903,0.011367375962436,0.012624102178961,0.012215505819768,0.012482790276408,0.01326857181266,0.010731919202954,0.011996533256024,0.010960260406137,0.011710330843926,0.011228634044528,0.012765494175255,0.01209682226181,0.010975521989167,0.012217658106238,0.010828297119588,0.013022438623011,0.011095075402409,0.011404790915549,0.011409880127758,0.011171959340572,0.011553118936718,0.013779674191028,0.010397844016552,0.011573712807149,0.010493473149836,0.011925804894418,0.010575598105788,0.012122718151659,0.012063138186932,0.011302545666695,0.011571874376386,0.012776737101376,0.012972028926015,0.012388605158776,0.011833175085485,0.011327045969665,0.012213723734021,0.011756462045014,0.010643533896655,0.011715546716005,0.011214066762477,0.012095338664949
/Smarch/X264,544,0.010093260090798,0.009516591206193,0.010090233292431,0.009522467851639,0.008806133642793,0.009525721892715,0.009916340000927,0.009224849753082,0.010168328415603,0.008839095942676,0.009580265264958,0.008692328818142,0.008493660017848,0.00950852362439,0.009827983099967,0.008927786722779,0.009422549046576,0.00910907657817,0.00878429831937,0.008971690200269,0.010318647138774,0.009328559972346,0.009942080825567,0.009201251901686,0.008885383140296,0.008471160661429,0.009265786036849,0.009081640746444,0.00882317405194,0.008942178916186,0.010003816336393,0.009940930176526,0.009295909199864,0.008944544941187,0.00858952710405,0.009686795994639,0.009601605124772,0.010813229251653,0.009820019826293,0.009885000996292,0.009375966154039,0.008184376172721,0.010530410800129,0.009754713159055,0.01041268510744,0.010179536417127,0.009107936639339,0.010120679158717,0.009607357904315,0.009605226106942
/Smarch/adderII,581,5.85886212671176,5.86338406987488,5.89644864201546,5.84869780112058,5.8568066097796,5.83666871674359,5.82593983830884,5.82407179614529,5.86945859808475,5.79479862563312,5.81400234811008,5.81425701221451,5.85058534424752,5.84876206982881,5.82371922908351,5.86709390906617,5.84122277284041,5.84999237488955,5.81460161693394,5.8700670870021,5.84734446136281,5.80538003239781,5.85103239072487,5.80731345014647,5.78156535606831,5.82224442902952,5.819087526761,5.87625823216513,5.85793202137575,5.81757710408419,5.88652731338516,5.85228384006768,5.87236528797075,5.84273057430983,5.797649261076,5.84020066028461,5.84126732219011,5.82490611169487,5.85884631099179,5.87108761584386,5.88179851789027,5.84977051988244,5.82166785933077,5.8186012590304,5.80085586896166,5.851310914848,5.78277012938634,5.85499564604834,5.80565043119714,5.81368866562843
/Smarch/at91sam7sek,588,8.63744421117008,8.5911321202293,8.66489261621609,8.77033484727144,8.62620045011863,8.63742230320349,8.64481831295416,8.68661710061133,8.67946225404739,8.60444485768676,8.61776231089607,8.58485410595313,8.61100418679416,8.61306104203686,8.56083565019071,8.60370002686977,8.58349275030196,8.58989133592695,8.63120720721781,8.64749443298206,8.65272256126627,8.62820541393012,8.59268486266956,8.5953640062362,8.63006262481213,8.69069843599573,8.68481020722538,8.61635505408049,8.61955783097073,8.58294128533453,8.63581069698557,8.60156435193494,8.5984241142869,8.70678093377501,8.63365850271657,8.57286160485819,8.63992935279384,8.66425640881062,8.6039788252674,8.64027631608769,8.61299375398085,8.64426438976079,8.56872006086633,8.63523162528873,8.54364998871461,8.67117110593244,8.58639028808102,8.77768355468288,8.66741392761469,8.60755305783823
/Smarch/axTLS,684,0.028383585158736,0.026179997716099,0.02706191688776,0.02768738893792,0.028531611897051,0.02828924311325,0.02555309003219,0.02744159521535,0.028718302957714,0.029616117943078,0.030752168036997,0.027999405283481,0.031886085867882,0.030385530088097,0.027905025985092,0.02513255411759,0.030294042080641,0.027217735070735,0.030578617937863,0.031289008911699,0.028104156255722,0.028705003205687,0.0293138907291,0.028996633831412,0.028560003265739,0.030918400269002,0.026839165948331,0.029259124770761,0.025502081029117,0.024863863829523,0.028257342986763,0.029795104172081,0.029840642120689,0.026855953969061,0.027901264373213,0.02741587581113,0.028304050676525,0.029632162302733,0.028332193847746,0.030121358577162,0.028942136093974,0.027018893044442,0.025395597796887,0.027715142350644,0.029456071089953,0.027551273349673,0.025098980870098,0.029535465873778,0.025756560266018,0.029204899910837
/Smarch/axtls_2_1_4,771,0.018693506252021,0.018615721724928,0.017920936923474,0.015901963226497,0.014519305434078,0.016832396853715,0.017923656851053,0.019664817024022,0.017022964078933,0.016500364989042,0.015355944167823,0.022038204129785,0.017807405907661,0.017884429078549,0.017816613428295,0.018894699867815,0.0160037339665,0.015914275776595,0.017487924080342,0.018221228849143,0.017869140021503,0.01722355466336,0.018452314194292,0.017182885203511,0.020516470074654,0.019837284926325,0.016780448146165,0.016388527583331,0.014830430969596,0.017274327110499,0.019204355310649,0.018787298351526,0.016471809241921,0.015583208296448,0.015687777660787,0.017869106959552,0.016269846819341,0.015893329400569,0.017096675932407,0.01610628515482,0.017409718129784,0.02071710024029,0.016865820158273,0.019738228991628,0.016583473887295,0.019224604126066,0.014761842321605,0.014644690789282,0.017438053153455,0.016881423071027
Smarch/buildroot.dimacs,854,0,0,0,0,0,0,0,0,0,0,0,0,0,0,0,0,0,0,0,0,0,0,0,0,0,0,0,0,0,0,0,0,0,0,0,0,0,0,0,0,0,0,0,0,0,0,0,0,0,0
/Smarch/busybox-1.18.0,998,0.123876189347357,0.130668218247592,0.134140853304416,0.1342010833323,0.13124938076362,0.129153869114816,0.131714339833707,0.128105306997895,0.125954274553806,0.129101178143173,0.130601566750556,0.1275415122509,0.125923354178667,0.124049379024655,0.128460431005806,0.126164217013866,0.128466794267297,0.126498736906797,0.125248311087489,0.125535376835614,0.130822292994708,0.126508655026555,0.125654995907098,0.126971765886992,0.129630179144442,0.121492883656174,0.128716214094311,0.126630946062505,0.124374884180725,0.127884577028453,0.130592472851276,0.126204580999911,0.128105973824859,0.129917764104903,0.130316788796335,0.125357615295798,0.122267995029688,0.12849633814767,0.125822450965643,0.123779602348804,0.126773110125214,0.128466633614153,0.124743651598692,0.127971193753183,0.128488434012979,0.123209812678397,0.127003610134125,0.124860113952309,0.127080361824483,0.128412651829422
/Smarch/busybox_1_28_0,1178,0.148578769061714,0.150427232962102,0.151052264031023,0.154484826140106,0.149810980074108,0.151106245815754,0.153084807097912,0.154104772955179,0.147813611198217,0.149475203827024,0.151948213111609,0.151269759982824,0.14861250994727,0.149700046982616,0.143503821920603,0.14623366156593,0.141329414211214,0.138334181159735,0.141971686854959,0.142398746218532,0.136562453117222,0.146807856857777,0.137546610087156,0.151006993371993,0.151223372668028,0.147094193845987,0.144315654877573,0.150614494923502,0.148089254740626,0.150132596027106,0.147043915931135,0.139761515893042,0.145168540999293,0.149659429211169,0.146900485735387,0.136395522858948,0.139537442941219,0.142116643022746,0.138747264165431,0.139159385114908,0.141792174894363,0.140506962779909,0.139609301928431,0.140413080342114,0.139164262916893,0.138299821875989,0.141058570705354,0.140849788673222,0.14076591283083,0.160722620319575
/Smarch/ecos-icse11,1179,16.8820608132519,16.8999200207181,16.9057094389573,16.9033823939972,16.8308670311235,16.7979434807785,16.871652959846,16.8102355469018,16.9230086449534,17.0231574731879,16.8465462210588,16.7663855021819,16.8664302448742,16.7373153860681,16.9412032975815,16.8808569535613,16.8501612283289,16.9762037689798,16.8838295871392,16.9043459440582,16.8719938830473,16.8279411839321,17.0102498019114,16.8629879830405,16.8778970940039,16.9073926331475,16.7242390341125,16.8665984198451,16.7792778490111,16.7900940231048,16.9167604348622,16.9609232391231,16.79808167601,16.8756395583041,16.9533338407055,16.9047402041033,16.7405466893688,16.9264333420433,16.878778217826,16.9736707587726,16.9198608519509,16.8773352466524,16.9220251077786,16.9489038158208,16.8950403626077,16.842503324151,16.8161363699473,16.9440581980161,16.9056690130383,16.8324949410744
/Smarch/embtoolkit,1218,68.674972364679,68.2505911746994,68.569416095037,68.444639085792,68.693274831865,68.4802252235822,70.1720193726942,69.7391709908843,70.0388418040238,70.3966799089685,70.0502860830165,70.0006681331433,69.5827176198363,69.9001451157965,70.5244362978265,70.3559788931161,70.4117458220571,69.8492812020704,69.4787360401824,69.4780840151943,69.8639506790787,69.6679788134061,69.799315456301,70.2820030990988,70.0203341529705,68.056627211161,68.6413915832527,68.4646100089885,68.5311137652025,69.1307892161422,69.4835050720721,70.1435380340554,70.0068199327216,70.393353047315,70.0819280943833,70.1084084338509,69.8706506211311,69.7654686328024,69.9228124669753,70.5083767650649,70.1112525169738,70.6247365879826,69.9612122741528,70.1288779783063,69.9472061949782,69.6965311248787,69.5486799781211,69.8865785677917,70.097693786025,70.2107002288103
/Smarch/fiasco,1244,0.045266982167959,0.036196033935994,0.037865594960749,0.036860019434244,0.039182120934129,0.036695902235806,0.039207846857607,0.043352079112083,0.041246055159718,0.045421489980072,0.040017831139267,0.039842057973147,0.038031085859984,0.043582136277109,0.03709506103769,0.045025262050331,0.040081470273435,0.04070186521858,0.038124924059957,0.042238957248628,0.037463928107172,0.037209273781628,0.042841206304729,0.038327767979354,0.041508522816002,0.041266734246165,0.039690665900707,0.037560539785773,0.037079305853695,0.03981865523383,0.038907622918487,0.039678983855993,0.036258413922042,0.03816485684365,0.040487914346159,0.037290560081601,0.040084780659527,0.042683335021138,0.040751064196229,0.04155595600605,0.03924021217972,0.039810841437429,0.041697144974023,0.041482767090201,0.038726623170078,0.041388218756765,0.04093307023868,0.043068110942841,0.047639085445553,0.038688801229
/Smarch/fiasco_17_10,1248,0,0,0,0,0,0,0,0,0,0,0,0,0,0,0,0,0,0,0,0,0,0,0,0,0,0,0,0,0,0,0,0,0,0,0,0,0,0,0,0,0,0,0,0,0,0,0,0,0,0
Smarch/freebsd-icse11.dimacs,1262,0,0,0,0,0,0,0,0,0,0,0,0,0,0,0,0,0,0,0,0,0,0,0,0,0,0,0,0,0,0,0,0,0,0,0,0,0,0,0,0,0,0,0,0,0,0,0,0,0,0
Smarch/freetz.dimacs,1267,0,0,0,0,0,0,0,0,0,0,0,0,0,0,0,0,0,0,0,0,0,0,0,0,0,0,0,0,0,0,0,0,0,0,0,0,0,0,0,0,0,0,0,0,0,0,0,0,0,0
/Smarch/integrator_arm9,1274,6.27393087605014,6.28014549799264,6.27235866058618,6.27973190508783,6.25059214234352,6.3047670959495,6.26269931765273,6.29015554813668,6.31052343221381,6.28495227498934,6.26797649590299,6.26116695487872,6.27978908503428,6.28395571699366,6.31909076729789,6.28554123174399,6.34115156996995,6.32826443063095,6.27099206764251,6.28086122777313,6.3114055627957,6.34920855192468,6.29483412764967,6.31475738668814,6.29272793931887,6.33701403718442,6.26862302282825,6.28911432577297,6.28000797657296,6.28742888988927,6.31846285704523,6.3183727147989,6.30746083380654,6.27817159797996,6.28307000501081,6.30172740481794,6.30578143615276,6.29085207823664,6.27443660004064,6.27311167679727,6.30505087086931,6.28666063398123,6.27165931928903,6.25142097426578,6.26157033676282,6.31069680070505,6.24471690878272,6.2687851623632,6.29287068778649,6.28228573687375
/Smarch/lrzip,1276,0.013856143224984,0.010380915831775,0.010092317126691,0.011367283761501,0.010848572012037,0.011662413366139,0.01140527613461,0.011213948950172,0.010071945842356,0.009777584578842,0.012726481072605,0.011584340594709,0.011801729910076,0.010984507389367,0.010543490760028,0.011071369051933,0.011652046814561,0.011601115576923,0.011135471053422,0.011677565053105,0.010688724927604,0.011081672273576,0.011372537817806,0.010931374970824,0.011869926936925,0.013830774929375,0.009689853060991,0.008992761839181,0.009597084019333,0.01018598722294,0.009307896718383,0.010345919057727,0.010086404159665,0.010293041355908,0.010358402971178,0.01169222034514,0.009140510112047,0.009829001966864,0.008139903191477,0.00989251723513,0.010988901369274,0.010299819055945,0.011567139998078,0.010264750104398,0.011361383832991,0.009862239006907,0.010607006028295,0.009272988885641,0.010559151880443,0.011285697575659
/Smarch/m5272c3,1296,18.6112670158036,18.5603482429869,18.5823134700768,18.7032941807993,18.5805393010378,18.5630449717864,18.4046926395968,18.2186901997775,18.0845417929813,18.1637848056853,18.0751146362163,18.2319515137933,18.2160844514146,18.1213992801495,18.0965656749904,18.1915174447931,18.1086015310138,18.082676474005,18.2711376268417,18.0085820797831,18.0667631160468,18.1300215134397,18.137133076787,18.0326857287437,18.2057127412409,18.7038503331132,18.6086969543248,18.5606886749156,18.4806394749321,18.2132917479612,18.0249363211915,18.2144401157275,18.0579565456137,18.1575990007259,18.2514980495907,18.2398152658716,17.9668070431799,18.179227754008,18.1613532262854,18.0383055103011,18.1812629001215,18.0981150027365,18.0441983239725,18.1936842156574,18.1203861450776,18.0380562781356,18.1105962418951,18.1095899119973,18.1176479449496,18.0790016860701
/Smarch/olpce2294,1319,8.46755702095106,8.3544730138965,8.40819113701582,8.38567663542926,8.45721396803856,8.29266296699643,8.42291279230267,8.41553682275116,8.41169426683337,8.37840650137514,8.3706935713999,8.35122574493289,8.3519955589436,8.34625541558489,8.3515405068174,8.35658311424777,8.3984617148526,8.39891585288569,8.40900290990248,8.37147748330608,8.39618050679565,8.41093229688704,8.47707540914416,8.43678766302764,8.41050331387669,8.38920820923522,8.37841286323965,8.37893245415762,8.40587306814268,8.34058501105756,8.31960585713387,8.34561852412298,8.40641091112047,8.38780067907646,8.40344594186172,8.43400318268687,8.4185882890597,8.35039760218933,8.38407345116138,8.38196695409715,8.40259187482297,8.30362957902253,8.35844542318955,8.44749890780076,8.42588955396786,8.3860333180055,8.46637403313071,8.40060668298975,8.42900664638728,8.39458835497499
/Smarch/pati,1323,13.9701560703106,13.9377036509104,14.0764814950526,13.9101957976818,13.9798321579583,13.9844947019592,13.9283626871184,13.9159165481105,14.0496931658126,13.9331075120717,14.0071451021358,13.8811581232585,13.8395446501672,13.8580488800071,13.938767132815,13.9513328792527,13.8602229910903,13.9013553583063,13.9164943629876,13.9735199757852,14.0002126493491,13.9934799568728,13.9666297468357,13.9355404991657,13.9433072032407,13.9326136787422,13.958147012163,13.8617240935564,13.965526857879,13.8875407367013,13.9605418597348,14.0218447251245,14.0115535338409,13.9236218864098,13.9283543899655,13.9291610661894,13.974170959089,13.846045404207,13.8594455611892,13.942993322853,13.9395150979981,13.9581748046912,13.944419472944,14.0166870551184,13.9514841488563,13.9467964642681,13.9390023970045,13.9184127566405,13.9060610909946,13.9391345540062
/Smarch/phycore229x,1360,13.6034762691706,13.6155301127583,13.6307473541237,13.6614268491976,13.5818316768855,13.6534583843313,13.5939175318927,13.6144883772358,13.7578115016222,13.5868986090645,13.5831893188879,13.6079946900718,13.677073742263,13.6795130791143,13.646414690651,13.6655963733792,13.5891380272806,13.6612210366875,13.6003630510531,13.6468653539196,13.568874257151,13.5124306506477,13.5527127091773,13.5259384820238,13.6225890531205,13.5647091758437,13.5976644661278,13.5633944398724,13.6798979449086,13.6425424991176,13.5912979110144,13.5314494436607,13.5758420452476,13.6028784741648,13.5908288778737,13.5813046139665,13.5929740392603,13.5862944941036,13.6463834852912,13.646271856036,13.6317215231247,13.6660951953381,13.5613286606967,13.6154093500227,13.554784947075,13.6266705100425,13.6303789759986,13.6601319760084,13.6788462470286,13.6421121978201
/Smarch/ref4955,1396,12.0053209392354,11.9429338909686,11.9919601771981,11.9912511082366,12.0469044223428,12.0117053706199,11.993793268688,11.9059031573124,12.0389070147648,12.0260425722227,11.9573428030126,11.9867638908327,11.9439951837994,12.0274630598724,12.2940560253337,12.4010420180857,12.3580186478794,12.3058867738582,12.3895506113768,12.3646504278295,12.3648678944446,12.4018142861314,12.4164914838038,12.3981612222269,12.3854061821476,11.9869751171209,11.9151908638887,12.0565900881775,11.9423226201907,12.1187010169961,12.038914938923,11.9902151967399,12.0026290128008,11.9925306709483,12.0672479118221,12.3141161478125,12.3727063778788,12.3623540103436,12.358584085945,12.3654740829952,12.4198579234071,12.4216481652111,12.3757888809778,12.3550628880039,12.3646344169974,12.377601143904,12.2824129140936,12.3568681413308,12.3627887391485,12.3586289039813
/Smarch/se77x9,1408,16.9015054348856,17.0154015650041,17.0407387241721,16.9106159638613,16.883836699184,16.9635932291858,16.8714887551032,16.885409408249,16.836036673747,16.8425119142048,16.9129390576854,16.7966530886479,17.0374006759375,17.0260509420186,16.9853169778362,16.8801807700656,16.9799707122147,16.8280113362707,16.7970777507871,16.9594389670528,16.9976962571964,16.9539116281085,16.8985146968625,16.9888116391376,16.8963819509372,16.9436104199849,17.0096599408425,16.9737916798331,17.0004617287777,16.9507177621126,16.8701998130418,16.913668973837,16.9685621229,16.8585146493278,16.8992885202169,16.8867814592086,17.0401411079802,16.8782213348895,16.9997473168187,16.8765882761218,16.7849052841775,16.9455318027176,16.9234457761049,16.9483121461235,16.8861082941294,16.897389034275,16.9251059666276,17.2430167426355,16.8147690468468,17.0408125971444
/Smarch/toybox,1580,0.022355943918228,0.022454026620835,0.023012273013592,0.022512615192682,0.020063384901732,0.021513781044632,0.020317899994552,0.019474603701383,0.018885019700974,0.020444524940103,0.018821890000254,0.020144741982222,0.017408261075616,0.017710058949888,0.021123498212546,0.020153468940407,0.022554631344974,0.016539603006095,0.016624699812383,0.016117008868605,0.017230783123523,0.016201538965106,0.016622624825686,0.016219608020038,0.016560475341976,0.020602903794497,0.022186426911503,0.018401501234621,0.018646077718586,0.018499910831452,0.022324273828417,0.019246091134846,0.019097691867501,0.016052040737122,0.017892860807479,0.016944485250861,0.018876318819821,0.01691820891574,0.017245144117624,0.018679280299693,0.016768699046224,0.018968959804624,0.01671788468957,0.020833751186729,0.016760297585279,0.019233486615121,0.018431033939123,0.017260262276977,0.013639660086483,0.018871904350817
/Smarch/toybox_0_7_5,1638,0.0187550582923,0.022757899016142,0.020753943827003,0.018796358723193,0.019495193380863,0.022622322198004,0.020072591956705,0.018559922929853,0.020059259142727,0.022208410315216,0.023032112978399,0.022505335975438,0.019522673916072,0.022913102991879,0.021949472371489,0.022092885803431,0.021023019216955,0.022269882727414,0.021905608009547,0.022655827924609,0.022448839154095,0.022039199247956,0.019589862320572,0.01976890489459,0.021852476987988,0.014879978727549,0.019594134762883,0.015101235825569,0.020255987998098,0.01560869300738,0.020740102045238,0.017879402264953,0.016707343049347,0.018435073085129,0.017952715046704,0.020056326873601,0.017158136703074,0.017796921078116,0.022960355039686,0.022067989222705,0.019936691038311,0.018763683736324,0.020936249755323,0.020830247085542,0.020074439235032,0.020139268133789,0.017686934676021,0.025238060858101,0.020178734790534,0.020100445952267
/Smarch/uClibc-ng_1_0_29,1663,0.034469078760594,0.035277015995234,0.038632470183075,0.036475520115346,0.034924751147628,0.038376336917281,0.037500018719584,0.034740586299449,0.037390192039311,0.036483914125711,0.037158648949117,0.036894449964166,0.036873035132885,0.035511093214154,0.035789012908936,0.038529743440449,0.031622024253011,0.038087388966233,0.036901515442878,0.036067158915103,0.035638638772071,0.034942993894219,0.035566601902247,0.038048199843615,0.048893028870225,0.034956419840455,0.036924266722053,0.036696555092931,0.03626301465556,0.037192085757852,0.037344058044255,0.037186089903116,0.037487965077162,0.035163921304047,0.035798881202936,0.036402160301805,0.035119115840644,0.03706924803555,0.035346035845578,0.035738494247198,0.035749153234065,0.036747296806425,0.036597400903702,0.035544626880437,0.036379171069712,0.036377588286996,0.035197854973376,0.0352374156937,0.034042716957629,0.035342906136066
/Smarch/uClinux-config,1850,0.59942681202665,0.648796433117241,0.601920583285391,0.601337992120534,0.615257553756237,0.608103474136442,0.598506165202707,0.603490530047566,0.615790159907192,0.612544571049511,0.616673483978957,0.607182356063277,0.601734779309481,0.618525495752692,0.616844912990928,0.60924503300339,0.605987111106515,0.60659711714834,0.602561664301902,0.598146433010697,0.597408964764327,0.597105329856277,0.596132357604802,0.597981427796185,0.610798740759492,0.668688719626516,0.603820989374071,0.616534503176808,0.611552442889661,0.613669810816646,0.629178358707577,0.614247587043792,0.595829455181956,0.610381027217954,0.606602844782174,0.601128478068858,0.606316717807204,0.60080142877996,0.610094198957086,0.605163072701544,0.604854921344668,0.604933278635144,0.604437559843063,0.597535895183682,0.61562113231048,0.606513216160238,0.602399002760649,0.596130259800702,0.628169055096805,0.592661171220243
/Smarch/uClinux,2513,0.034810462966561,0.033160997088999,0.036320055834949,0.03579391585663,0.03504822589457,0.037416961044073,0.036567696835846,0.035571537911892,0.036099275108427,0.035789588000625,0.034664520993829,0.042061923071742,0.037528354674578,0.044840762391687,0.037587798666209,0.040994669310749,0.036683626007289,0.03368962276727,0.039776783902198,0.037893909029663,0.039675674866885,0.038501478265971,0.040321548003703,0.035056116059423,0.035738188773394,0.038857398089022,0.034748352132738,0.037694976199418,0.039152661338449,0.037094809114933,0.036105658859015,0.041000165976584,0.037307088728994,0.03527477523312,0.036280018277466,0.038159093819559,0.034436654765159,0.036102259065956,0.033880840055645,0.03516608197242,0.034059605095536,0.036723606288433,0.033753746189177,0.036932031158358,0.03470356669277,0.034934217110276,0.033059518318623,0.036036691162735,0.033021633978933,0.036228142678738
/automotive01/automotive01,4902,0.215132122859359,0.210316493175924,0.214953421149403,0.195644884835929,0.215353118255734,0.214710867032409,0.214111566077918,0.216896156780422,0.200513969175518,0.196103832218796,0.198818118777126,0.198042484000325,0.198678271844983,0.19632702274248,0.194708998780698,0.197766162920743,0.19414774607867,0.199464946053922,0.192861082963645,0.198609384242445,0.192953849211335,0.196599996183068,0.197669352870434,0.198473158292472,0.194732098840177,0.193759826011956,0.198500997386873,0.19592285528779,0.199124246835709,0.199772137682885,0.217636711895466,0.210335180163383,0.198536276817322,0.194695982150734,0.199565362650901,0.195850676856935,0.198790307156742,0.198380737099797,0.197819971013814,0.197645735926926,0.19722044095397,0.195709162857384,0.194634766783565,0.198816335294396,0.208962135016918,0.204518228769302,0.199120552744716,0.202171572018415,0.199377449695021,0.200979091692716
/automotive02/automotive2_4,5571,136.444074145053,132.44418713497,131.711817659903,132.545170630328,136.096921809018,135.953176106792,136.092946301214,135.57563371677,135.532504997216,135.786473317072,136.467447258066,136.526409436949,136.932948576752,138.237065259833,136.154150278308,134.22677818872,132.900541200768,134.626117628068,135.420752773061,135.565424417611,136.149032898713,135.738328803331,136.412323791999,135.786457682028,135.769802438095,134.376017684583,131.128785204142,131.902919158805,133.082272119354,134.978207713924,137.619575372897,135.475180794019,134.32626311481,134.952128582168,135.207219537348,135.230271583889,135.485145154875,135.922232891899,135.50032379292,134.828404797707,132.061653906945,131.491148415022,135.476557734888,134.426201823633,134.682841297705,134.426827347837,134.548934291117,135.166523068212,134.546799689997,135.570130733773
/featureide_examples/berkeleydb,6467,0.021592894569039,0.017073020804674,0.018480364233255,0.015348138753325,0.01673008594662,0.016154640354216,0.013203922659159,0.016238433774561,0.019364455714822,0.019939583260566,0.020117606036365,0.018536196090281,0.015435086097568,0.013600821141154,0.017503493931145,0.016752445138991,0.017405823804438,0.017842086963356,0.016657846048474,0.016808728221804,0.017664621118456,0.020213604904711,0.021250296849758,0.018437264952809,0.017971212044358,0.019551544915885,0.020363606978208,0.019551627337933,0.016908899880946,0.016942049376667,0.015973513945937,0.01849857205525,0.014799134805799,0.016606954857707,0.01751470612362,0.022064075339586,0.015802673995495,0.018559176940471,0.015913500916213,0.018526079598814,0.015131000895053,0.015345478896052,0.016940311994404,0.016666938085109,0.021970031782985,0.019930565729737,0.018191715236753,0.017679099924862,0.016429359093309,0.017790697980672
/financial_services/financialServices_2018-05-09,6796,0.15980970999226,0.165189650841057,0.161452407948673,0.163868402130902,0.161491969134659,0.162826249841601,0.156542774755508,0.165086028166115,0.160701170098037,0.167006804142147,0.166532608214766,0.166939703281969,0.164078467059881,0.165986176114529,0.156727998051792,0.156230170279741,0.161351114977151,0.151021282654256,0.155606681015343,0.150743244215846,0.157138283830136,0.162556906696409,0.151506832800806,0.161905445158482,0.165775166358799,0.156591577921063,0.155008998233825,0.162356943357736,0.16654706094414,0.16335341706872,0.164144138339907,0.164633670821786,0.167094995267689,0.149938888847828,0.150568511802703,0.155904746614397,0.155969262123108,0.154037096071988,0.154889635741711,0.153281762264669,0.1524842903018,0.148497405927628,0.164937454741448,0.16977806808427,0.162203532177955,0.154895913321525,0.154450029600412,0.152301837690175,0.154293019790202,0.154477030970156
/confidential/automotive03/03,6888,0.078001239802688,0.077750677708536,0.083396339789033,0.081715535372496,0.082719396334142,0.088031107094139,0.079905942548066,0.081477480009198,0.081546545960009,0.082308894023299,0.082607597112656,0.078405476175249,0.078655894845724,0.081764820031822,0.080561141017824,0.082239251118153,0.083610545378178,0.083145787008107,0.083082028198987,0.082148784771562,0.082480166107416,0.078221142292023,0.08196073025465,0.082336347084493,0.082797328941524,0.076459530740976,0.079585576895624,0.076674785930663,0.078231069259346,0.077696630731225,0.074276868253946,0.076489508152008,0.076762995682657,0.078133363742381,0.078157265204936,0.079734120983631,0.076470468193293,0.075524484738708,0.080442146863788,0.076835070736706,0.077598362229765,0.078026560135186,0.072928715962917,0.080408730078489,0.078220730181784,0.080139992292971,0.076105840038508,0.076162083074451,0.073720218613744,0.075862256344408
/confidential/automotive03/automotive03a,8649,0.024797317106277,0.023561130277813,0.023664304986596,0.022057274356485,0.023703841026872,0.023165982216597,0.022408580873162,0.022405011113733,0.023276645690203,0.024216989986599,0.023200050927699,0.023060639388859,0.022489991039038,0.024245270993561,0.023380262311548,0.022480364888907,0.022465765010566,0.023856952786446,0.024261720944196,0.023282727692276,0.023981165140867,0.024656397756189,0.022385626100004,0.023739947006106,0.023705673869699,0.027474315837026,0.024892115965486,0.022977424785495,0.023477963171899,0.02146200183779,0.02070815814659,0.018444379791617,0.021288119722158,0.021584545262158,0.024480592925102,0.024153178092092,0.022792030125856,0.0220817332156,0.021667115855962,0.023679878097028,0.024524312932044,0.022876243572682,0.02362687792629,0.022300644312054,0.025030413176864,0.024403219576925,0.024937921203673,0.024860175792128,0.024723804090172,0.021505918819457
/confidential/automotive03/automotive03b,11254,0.059733844827861,0.064774563070387,0.061321072746068,0.058761357795447,0.059868936892599,0.061515517067164,0.06283936323598,0.058529817033559,0.061085110995919,0.058822327759117,0.058923305012286,0.059780695941299,0.059174874797464,0.062344419304282,0.057210677769035,0.060636881738901,0.059992393944413,0.057020089123398,0.058698205277324,0.060718341730535,0.060302257072181,0.061913097277284,0.058717205189169,0.060121641028673,0.060363193973899,0.058535400778055,0.059358669444919,0.058942581992596,0.060561711899936,0.05940207419917,0.059043080080301,0.058859765995294,0.059581328649074,0.06141753308475,0.057710107881576,0.060550766065717,0.053994724992663,0.062873560003936,0.061618950683624,0.056977774947882,0.060375529807061,0.057873794808984,0.059615841135383,0.060864366590977,0.060552212875337,0.056764738168568,0.060929505154491,0.055893699172884,0.054589011240751,0.056631504092366
/confidential/automotive04/04,14910,0.061427549924702,0.060597607400268,0.058431242126972,0.058708714786917,0.060496061109007,0.058201170992106,0.061774672940374,0.05992737878114,0.061490769963712,0.059731832239777,0.055902814958245,0.056547723244876,0.062671699095517,0.058779034297913,0.060204743873328,0.057766586076468,0.058378116227687,0.05918329115957,0.06051507499069,0.059879348147661,0.0630964031443,0.060948056634516,0.059434765949845,0.059724854305387,0.059945356100798,0.056435491889715,0.054646196309477,0.052429283969104,0.055000877939165,0.05671046115458,0.053598511964083,0.055691231973469,0.060690969228745,0.0554663031362,0.059289015829563,0.057618643157184,0.060784738045186,0.058416580315679,0.056636133231223,0.054968277923763,0.053658929653466,0.057104117237032,0.058632889762521,0.057054159231484,0.056538328062743,0.055076702032238,0.052077825181186,0.058025128673762,0.056734804064036,0.056298318319023
confidential/automotive05/05.dimacs,18616,0,0,0,0,0,0,0,0,0,0,0,0,0,0,0,0,0,0,0,0,0,0,0,0,0,0,0,0,0,0,0,0,0,0,0,0,0,0,0,0,0,0,0,0,0,0,0,0,0,0
/confidential/automotive06/automotive06a,23516,0.031520216260105,0.028687663841993,0.027247750200331,0.029265494085848,0.027628931682557,0.027410059701651,0.027229441329837,0.026136107742787,0.027765388134867,0.025983620435,0.027524668723345,0.024837256874889,0.024561599362642,0.02391564194113,0.024222982116044,0.028097149915993,0.025656385812909,0.025288376957178,0.023544641211629,0.0265022511594,0.027984145097435,0.025573384016752,0.028825679328293,0.026362902019173,0.028983608819544,0.027022532187402,0.026716092135757,0.02559305774048,0.026490606833249,0.026762490160763,0.02650547074154,0.02546510193497,0.025621408130974,0.026415013708174,0.026564199011773,0.025251131039113,0.025624332018197,0.026009812019765,0.026806615758687,0.025620841886848,0.025679615791887,0.027942094951868,0.024289583321661,0.024086060933769,0.026513698976487,0.025338749866933,0.026901083998382,0.026185991242528,0.023058651946485,0.026278794277459
/confidential/automotive06/automotive06b,31012,0.053165715187788,0.052015940658748,0.054180917795748,0.050907170865685,0.056664699222893,0.054037243127823,0.052750675007701,0.055086500942707,0.051345909014344,0.056576472707093,0.054956424981356,0.051906727720052,0.054322910960764,0.056138475425541,0.051211769226939,0.054555160924792,0.051890064962208,0.054869539104402,0.054717448074371,0.054244311992079,0.052888386882842,0.052245497237891,0.055184943601489,0.05089971004054,0.052984991110861,0.048793764319271,0.051749737933278,0.05126096168533,0.050862825009972,0.053657989017665,0.051138610113412,0.049549323040992,0.053385383915156,0.050301549956203,0.048146969173104,0.047619753051549,0.05237296782434,0.050868647173047,0.050672875717282,0.047064505051822,0.047427293844521,0.047006295062602,0.047101643402129,0.046468053013086,0.048713960219175,0.049702137708664,0.049257324077189,0.05143274506554,0.049329609144479,0.047769513912499
/confidential/automotive07/automotive07a,60072,0.242914053145796,0.246915336698294,0.245572214014828,0.227768646087497,0.224661593791097,0.226242281030864,0.225307855289429,0.221959332935512,0.218335035722703,0.228132885880768,0.228988640010357,0.220299490261823,0.219530577771366,0.224369079340249,0.22511505940929,0.224457314703614,0.220657228026539,0.222546617034823,0.21975597506389,0.223497621715069,0.224599916022271,0.221279956866056,0.223088709171861,0.223636127077043,0.219996255356818,0.225146810058504,0.22255268599838,0.243032346945256,0.221718607936054,0.221880982164294,0.219072454143316,0.229278353042901,0.221610675100237,0.223862806800753,0.225063321646303,0.220556231681257,0.221107894089073,0.228639328386635,0.220937786158174,0.221554891671985,0.218733817804605,0.216832548845559,0.221510077826679,0.222067060880363,0.22950269235298,0.225354561116546,0.221567739732563,0.225380839314312,0.222806317266077,0.224580483045429
/confidential/automotive07/automotive07b,62482,1.46148661384359,1.42810371005908,1.41750093316659,1.41831592470408,1.44035746483132,1.42675187485293,1.42521928716451,1.45413193618879,1.43186788307503,1.45009042415768,1.40071673877537,1.42230592295527,1.44255349505693,1.40629840176553,1.4299798021093,1.40782960178331,1.45850360114127,1.43988047586754,1.40610559470952,1.39597758511081,1.40916500613093,1.4322902741842,1.43057740898803,1.43894650600851,1.42220072261989,1.42626499803737,1.42581904493272,1.41987040033564,1.42062107706442,1.36780071118847,1.40150723513216,1.37998770736158,1.37871171208099,1.38614540686831,1.39001230802387,1.37756247026846,1.36943035619333,1.37244530115277,1.41513966396451,1.39340214803815,1.36304553085938,1.39974001189694,1.3680121069774,1.41743572428823,1.39398841094226,1.37866693222895,1.36775855207816,1.40999697055668,1.38772425986826,1.35567892994732
