Model,OriginalIndex,Index,Features,C2d-all-avg,C2d-all-med,C2d-all-stdev,C2d-recdag-avg,C2d-recdag-med,C2d-recdag-stdev,C2d-rectree-avg,C2d-rectree-med,C2d-rectree-stdev,C2d-wocore-avg,C2d-wocore-med,C2d-wocore-stdev,C2d-wofold-avg,C2d-wofold-med,C2d-wofold-stdev,C2d-womark-avg,C2d-womark-med,C2d-womark-stdev,d4-all-avg,d4-all-med,d4-all-stdev,d4-recdag-avg,d4-recdag-med,d4-recdag-stdev,d4-rectree-avg,d4-rectree-med,d4-rectree-stdev,d4-wocore-avg,d4-wocore-med,d4-wocore-stdev,d4-wofold-avg,d4-wofold-med,d4-wofold-stdev,d4-womark-avg,d4-womark-med,d4-womark-stdev,Dsharp-all-avg,Dsharp-all-med,Dsharp-all-stdev,Dsharp-recdag-stdev,Dsharp-recdag-med,Dsharp-recdag-avg,Dsharp-rectree-avg,Dsharp-rectree-med,Dsharp-rectree-stdev,Dsharp-wocore-avg,Dsharp-wocore-med,Dsharp-wocore-stdev,Dsharp-wofold-avg,Dsharp-wofold-med,Dsharp-wofold-stdev,Dsharp-womark-avg,Dsharp-womark-med,Dsharp-womark-stdev
/Smarch/LLVM,16,1,11,0.0185098513960838,0.0179831106215715,0.00278409738286649,0.021189486309886,0.0211596135050058,0.00300951518162986,0.0201669150590897,0.0197697803378105,0.00275734226229066,0.0199061435461044,0.019504364579916,0.00245000486977781,0.0205841847509146,0.0206936690956354,0.00259642775771787,0.0185781170427799,0.0184784587472677,0.00162333723997674,0.00879833109676838,0.00869671814143658,0.000793242765467334,0.0104489663243294,0.0106795970350504,0.000760724686727787,0.00981792859733105,0.00973155908286572,0.00109657680560485,0.0104573212563992,0.0104019157588482,0.000980210502159503,0.0107470278441906,0.0107960030436516,0.000923273908878587,0.0105004978179932,0.0105093475431204,0.0010279923069522,0.00918124228715897,0.00920611061155796,0.000851024771085806,0.00745719201862812,0.00736754760146141,0.000709145944401801,0.00755236856639385,0.00739158689975739,0.000948920274023889,0.00783995643258095,0.00764546543359757,0.000864238144817523,0.00728418998420239,0.00710350088775158,0.000752077984900317,0.0080354131758213,0.00777255557477474,0.000954050052633163
/Smarch/X264,19,2,16,0.00915916316211224,0.00910132192075253,0.000883153398983658,0.0109809242933989,0.010795246809721,0.00116569836485728,0.00860143333673477,0.00847447849810123,0.00100417882193095,0.00950733698904514,0.00948880985379219,0.0010743319884062,0.0091182141751051,0.00904976390302181,0.000847962312762194,0.00886311270296574,0.00863267108798027,0.00109390745750606,0.00916005566716194,0.00918713957071304,0.000838339927167298,0.0110901491343975,0.0106134582310915,0.001359187133493,0.00987441524863243,0.00991483218967915,0.000709322362693618,0.0106493128091097,0.0104317329823971,0.00103998995553524,0.00973325125873089,0.00977444276213646,0.000722337379024985,0.0098688966780901,0.00994973070919514,0.000890932278029736,0.00968997202813625,0.00978879816830158,0.000899938343974093,0.00809186846017838,0.00810535997152329,0.000926117247431387,0.00774623416364193,0.00748549960553646,0.000972295152252993,0.0083690469712019,0.00831329450011253,0.00105414005803772,0.00761483699083328,0.00751372613012791,0.000864455549214855,0.00810273058712483,0.00798247195780277,0.000967681407125557
/Smarch/Dune,12,3,17,0.00914381824433804,0.00899214670062065,0.00122903561852261,0.0111296699941158,0.0110851656645536,0.0012105393651926,0.00954808555543423,0.00926654972136021,0.00123436845372494,0.0095534809678793,0.009279889985919,0.00113176103772525,0.00952457830309868,0.00937440432608128,0.0011431666693148,0.00995011933147907,0.0098352674394846,0.00124280031329732,0.00915907725691795,0.00908331945538521,0.000809335724739801,0.0104889999330044,0.0103628076612949,0.000971967513061908,0.0110001750290394,0.0109516400843859,0.000351574737010089,0.0111763487011194,0.0110420361161232,0.00114226159090598,0.0109692193567753,0.0109121240675449,0.000745941158685822,0.0103178475797176,0.0101483855396509,0.00123267931366156,0.0101242588460445,0.0100892744958401,0.00108773424003925,0.0086751102656126,0.00851445086300373,0.000977243172420919,0.00918901957571507,0.00902047753334045,0.00133704571794114,0.00869825586676598,0.00862106867134571,0.00111284634648635,0.00795617982745171,0.00783432833850384,0.0009625536505104,0.00847896762192249,0.00833586603403091,0.00112823795099497
/Smarch/BerkeleyDBC,11,4,18,0.00900498479604721,0.00887523964047432,0.000924412230058823,0.0109325157105923,0.0106216240674257,0.00142607361614733,0.00901536166667938,0.00889507122337818,0.00115095102703695,0.00909221440553665,0.00884481333196163,0.00106650720944078,0.00904551953077316,0.00881434045732021,0.00100297195546798,0.0110685408115387,0.011082835495472,0.000516091083541109,0.0092646099627018,0.00909158401191235,0.00107472481244246,0.00965572789311409,0.00936262868344784,0.0013341960300949,0.0107702578604221,0.0108245201408863,0.000981867560117739,0.0107451298087835,0.0105899330228567,0.00106819944230432,0.0104135905206203,0.0103480741381645,0.0011427936868477,0.0100731585919857,0.0100353416055441,0.00155617301384426,0.00951731987297535,0.009526701644063,0.000804396953513516,0.00834385477006435,0.00837153755128384,0.00115745106015872,0.00813028410077095,0.00783690251410008,0.00103711369957058,0.00808309398591518,0.00809484533965588,0.00116542405037697,0.00762191660702229,0.00749689154326916,0.000855121586971316,0.00839920490980148,0.0080606322735548,0.00134211763273117
/Smarch/lrzip,32,5,20,0.00926707349717617,0.00881091877818108,0.00142058879459671,0.0103868594020605,0.0104458853602409,0.00165717059714259,0.00892491966485977,0.00884856283664703,0.00147137508345785,0.010192683711648,0.0101023893803358,0.00158961341750084,0.00889067195355892,0.00871437788009644,0.00119876981115177,0.0102203135937452,0.0100966431200504,0.00136168176478536,0.0107555083930492,0.0104867964982986,0.00144975978951003,0.00993978947401047,0.00945490598678589,0.0015195963669422,0.00970949493348599,0.00966157391667366,0.00178043497892925,0.0107228210568428,0.0102449841797352,0.00159686003209447,0.0109301636368036,0.0109143573790789,0.00124305118684567,0.0107264474034309,0.0105603858828545,0.00157871656174107,0.00974868044257164,0.00943227671086788,0.00162792708907426,0.00820920467376709,0.00808402709662914,0.00123886152574814,0.00921061016619205,0.00898797437548637,0.00187869422363495,0.0078342305123806,0.00788955949246883,0.00124642315465929,0.0100798564404249,0.00955190882086754,0.00167082977828594,0.00916214652359486,0.00881221517920494,0.00126464476881665
/Smarch/HiPAcc,13,6,31,0.0110550666600466,0.0108526647090912,0.000866951730926998,0.0156221912801266,0.0156783517450094,0.00161223718314442,0.0196749743819237,0.0193498786538839,0.00217250712861344,0.0125876621901989,0.0124200005084276,0.00120681885941992,0.0118617292493582,0.01153296045959,0.00187308980128546,0.0115345137566328,0.0113436542451382,0.000908129003556638,0.0112045875936747,0.0109104588627815,0.0012444211931588,0.0138950339704752,0.0144408717751503,0.00103088774401716,0.0191252601146698,0.0186032727360725,0.00171058247239631,0.0139237825572491,0.0135940574109554,0.00196435480093549,0.0114094626903534,0.0110913477838039,0.000985261527239893,0.0118917333334684,0.0112078301608562,0.00158043872485613,0.0132410319149494,0.01314777135849,0.000994118292351565,0.012867830619216,0.0121444296091795,0.00218873778695313,0.0161346371471882,0.0159142445772886,0.00141614114954943,0.0117444625496864,0.0115004200488329,0.00136115658796442,0.0112873175740242,0.0110769160091877,0.00164982327557619,0.0119809282571077,0.0115617346018553,0.00178310747044802
/Smarch/JavaGC,15,7,39,0.00918477080762386,0.00900126248598099,0.000957949907811794,0.0121010088920593,0.0118180047720671,0.00114746043423513,0.0112479040771723,0.0111002400517464,0.000654348143616612,0.0104153347760439,0.0102398935705423,0.00121144117278514,0.00958569251000881,0.00944571383297443,0.00096161377071341,0.0105611473321915,0.010588089004159,0.00110218062054062,0.0100573769211769,0.00971760228276253,0.00110267614547201,0.0132673136889935,0.0130937844514847,0.00102450557296863,0.0126962226629257,0.0125052686780691,0.00128991416763106,0.0114139480143785,0.0112657211720943,0.000977631927085662,0.0106859491020441,0.0103575885295868,0.00134223496890279,0.0109081917256117,0.0108637567609549,0.00103646554973982,0.0113612665981054,0.0113194808363914,0.00125152346593047,0.0106980247050524,0.0105206780135632,0.00161890830714995,0.0109372259676456,0.0107772536575794,0.00185323698364052,0.00985029801726341,0.00961226411163807,0.00132995503336922,0.00880459621548653,0.00882100686430931,0.00136661324200171,0.010055313333869,0.00951902754604816,0.00145355410865673
/Smarch/Polly,17,8,40,0.00965554840862751,0.00954562611877918,0.00117519311062325,0.012628500983119,0.0122162606567144,0.00153318090722526,0.0111535330116749,0.0109625589102507,0.00165294019511261,0.0104964961111546,0.0102218855172396,0.00119161572478651,0.00944454096257687,0.00921265594661236,0.00120487727335033,0.00953088611364365,0.0091271698474884,0.00128388727093063,0.00965057037770748,0.00974358059465885,0.000850261675464575,0.0136620154976845,0.0134269222617149,0.000952405683111662,0.0125162225216627,0.012817619368434,0.00094825225513618,0.0120706780999899,0.0118742659687996,0.00137959115772362,0.0102563419938087,0.0103229489177465,0.000894665500745514,0.0108598458766937,0.0108441188931465,0.000848620172233655,0.0111750687658787,0.0109849814325571,0.00135329342953095,0.010386164188385,0.010227732360363,0.00141787625953166,0.0107231257110834,0.0103435013443232,0.00165419131663122,0.0095377454161644,0.00928636826574802,0.00128159780167469,0.00863747842609882,0.00833642669022083,0.001288292695503,0.00992050297558308,0.00942557491362095,0.00150067117655958
/Smarch/VP9,18,9,42,0.00994276732206345,0.0100045055150986,0.00118935657763913,0.0129307822883129,0.0126920938491821,0.00180017807485867,0.0110581678897142,0.0107152368873358,0.00093869075110637,0.0106450658291578,0.0106498990207911,0.00105202506843097,0.00949601657688618,0.00933350622653961,0.000993284000033095,0.00973863430321217,0.00979341380298138,0.000927028142865775,0.00951211467385292,0.00961777754127979,0.000886915241167398,0.0137062604725361,0.0137250795960426,0.00133574214259536,0.0127946384251118,0.0129836574196815,0.000909915750409978,0.0117962303012609,0.0116209555417299,0.00137311011019892,0.0105214173346758,0.0104363709688187,0.00103535057933653,0.0108721241354942,0.0108047425746918,0.000886100101389008,0.0111363669484854,0.011068245396018,0.000475216081073052,0.0108923501521349,0.0108534898608923,0.00141781001558172,0.0109643102437258,0.0105685871094465,0.001887884526235,0.00978425435721874,0.00972478464245796,0.00124007445195753,0.00866538733243942,0.00859906896948814,0.001106008554177,0.0100075020641088,0.00976191274821758,0.00119894168935486
/Smarch/7z,10,10,44,0.00996020905673504,0.00994531624019146,0.00114634451548387,0.0139354990422726,0.0136287435889244,0.00191083548531554,0.0149586460739374,0.0146268159151077,0.00254752569124462,0.0112167635560036,0.0111266728490591,0.00102973321450134,0.0100600755959749,0.010041743516922,0.00107691109118052,0.0113413695245981,0.0111888200044632,0.000825916581480092,0.011014037206769,0.0106130354106426,0.00169533486490203,0.0129510294646025,0.0128503572195768,0.00168442728306067,0.0150130189955235,0.0145598575472832,0.00181866834153113,0.0122847590595484,0.0120973363518715,0.0015161742674684,0.0113270356506109,0.0110550727695227,0.000945377246226244,0.01136110201478,0.0114769525825977,0.00131992528671551,0.0120136399567127,0.0118178557604551,0.00151991683986713,0.0112740364670753,0.010912336409092,0.00209882354836034,0.0123497415333986,0.0121375415474176,0.0022813505800491,0.0108977824449539,0.0106044355779886,0.00181540908074337,0.00929731920361519,0.00933694094419479,0.00136842791831647,0.0110555770248175,0.0111890323460102,0.00146459788564921
/Smarch/JHipster,14,11,45,0.00937637731432915,0.00906991586089134,0.0011221106955839,0.0146124617755413,0.0141520816832781,0.00229170603788574,0.0144364709407091,0.0142344534397125,0.00114063775071512,0.0112427810579538,0.0114386957138777,0.000774018870203621,0.00963108688592911,0.00948735512793064,0.00085669312438291,0.0114199167490006,0.0111931879073381,0.0013534231186484,0.0103630019724369,0.0104060973972082,0.00104349659704344,0.0152514191716909,0.0147635210305452,0.00174889079186662,0.017907687574625,0.0172675829380751,0.00169347683755852,0.0133883310109377,0.0133374240249395,0.00143978718602431,0.0113266180455685,0.0111243594437838,0.00110473214360843,0.0113564748317003,0.010985741391778,0.00128060697646046,0.0118812717497349,0.0115000139921904,0.00142263017569379,0.0112992192059755,0.0108595285564661,0.00135487839855026,0.0143723618984222,0.0136665590107441,0.00217234407750727,0.0113556528836489,0.0110869165509939,0.00172769975222585,0.00994888715445995,0.00985074788331986,0.00127553613415322,0.0110863135010004,0.0111655872315168,0.000813495775622916
/featureide_examples/berkeleydb,46,12,76,0.0144985482096672,0.0136987064033747,0.00221204639223669,0.0216882499307394,0.0210348051041365,0.00222709182744504,0.0314855200052261,0.0297955181449652,0.0049671364335975,0.0146889600902796,0.0136707182973623,0.00236148352250958,0.0135619823634624,0.012781199067831,0.00210992690390167,0.0175114724785089,0.017080357298255,0.00166953498418443,0.0179512546956539,0.016986632719636,0.00218548935821468,0.0227941913157701,0.0225093457847834,0.00122827510569876,0.0327872969955206,0.033476684242487,0.00286185682645393,0.0176595138758421,0.017697537317872,0.00176932770697016,0.0157450821995735,0.0151786971837282,0.00244501870954552,0.0199160301685333,0.0192637294530869,0.00271878518102874,0.0170937526226044,0.0166640523821116,0.00271219986197354,0.0201374894380569,0.0198822915554047,0.00277997041861586,0.0411705423891544,0.0414747204631567,0.0035672859895639,0.0135741762816906,0.0133831240236759,0.00181770113818863,0.0139987098425627,0.0138606559485197,0.00250873794444182,0.0175178547203541,0.0174930542707443,0.00240556131703338
/Smarch/axtls_2_1_4,23,13,94,0.0130473386496305,0.0130679551512003,0.00122497895857768,0.0226346489787102,0.022659856826067,0.000784055205879669,0.0379049339145422,0.0381420888006687,0.00379379882920027,0.015339829698205,0.0152668282389641,0.00165165020985043,0.0116069746762514,0.0114571060985327,0.0013476527334745,0.0150486008822918,0.0148194450885057,0.00175165510750043,0.0141908276081085,0.0141508094966412,0.00170265660178591,0.0247002381831408,0.0242283809930086,0.00199267372009959,0.0347379953414202,0.034617418423295,0.000735536550937051,0.0184635898470879,0.018257163465023,0.00194101814888679,0.0139646655321121,0.0139736998826265,0.000610228297471785,0.0170812848210335,0.0167580861598253,0.0016122221066682,0.0158874601870775,0.0156257133930922,0.00165879972525464,0.0218058580160141,0.0216728877276182,0.00213740471324551,0.0399411106109619,0.0394022483378649,0.00227165159660573,0.0168313088268042,0.0169460587203503,0.00122192789582752,0.0143418646603823,0.013945559039712,0.00158439150670458,0.018307401239872,0.018163874745369,0.00187871391667122
/KConfig/axTLS,4,14,96,0.00977816790342331,0.0098207164555788,0.00127738175878351,0.0165349786728621,0.0165507141500711,0.00148793285735416,0.0167048047482967,0.0162787139415741,0.00274845032823555,0.0115070303529501,0.011149937286973,0.00193449895394605,0.0102146857231855,0.00986566953361034,0.00132311082612557,0.00979370720684528,0.00919156521558762,0.00147346135883743,0.0101583532989025,0.0101312175393105,0.00150056340432142,0.0161518424004316,0.0157156810164452,0.00204781984731384,0.0177378913760185,0.0175822526216507,0.00197726232614652,0.0139844932407141,0.0132030081003904,0.00240167076792244,0.0112915542721748,0.0111242290586233,0.00165148640123243,0.0101861637830734,0.00987424328923225,0.00137854873490928,0.0127619507908821,0.0118294078856707,0.00193481755380074,0.0155767902731895,0.0148442145437002,0.00230920206106492,0.0172632405906916,0.0170930940657854,0.00275446141437299,0.011308471634984,0.0109552666544914,0.00208767136832681,0.0105058389902115,0.0103632509708405,0.00202080536836094,0.0134418053925037,0.012124253436923,0.00282612239044825
/Smarch/fiasco_17_10,29,15,234,0.0179482071846724,0.0175570659339428,0.00176305111170864,0.0466982661932707,0.0458930172026157,0.00220678954530177,0.134357031434774,0.135041318833828,0.0152598757446359,0.0244260520488024,0.0241173431277275,0.00207329387231886,0.0180992845445871,0.0176026746630669,0.00164990262863814,0.0243952096998692,0.0239127464592457,0.00212120277961227,0.0256200987100601,0.0254100505262613,0.00190811858664186,0.0643167074024677,0.0638942886143923,0.00160204938096709,0.197653382867575,0.197155913338065,0.00355649092596849,0.0342226637899876,0.0342781357467175,0.000618276438520572,0.0266690733283758,0.0262997131794691,0.00142967613059573,0.0336172257363796,0.0335387103259563,0.00107023663490921,0.0223353043943644,0.0226679127663374,0.00187430142950679,0.0416944478452206,0.0411121379584074,0.00230531303354501,0.0987582713365555,0.0954566560685635,0.00868429979091579,0.0234296415746212,0.0229434538632631,0.00185997944568413,0.0210373912006617,0.0203240383416414,0.00202950777336981,0.0290154162049294,0.028608325868845,0.00215665220528144
/Smarch/uClibc-ng_1_0_29,41,16,269,0.0200262190401554,0.0201360620558262,0.00114162145743092,0.0533705515414476,0.0526981707662344,0.00219029051742365,0.520647538006306,0.511263893917203,0.0614585207877913,0.0281442122906446,0.0281744170933962,0.0025739696300575,0.0191176534444094,0.0188799612224102,0.00151804273452042,0.0247217810153961,0.0244288835674524,0.00169249523179123,0.0261795993149281,0.0258349813520908,0.00178659558891023,0.0661950970441103,0.0661461092531681,0.001331903519456,0.461066912338138,0.457341235131025,0.0126149507760941,0.0356967618316412,0.0355363916605711,0.00157826013143641,0.0259272878617048,0.0251203197985888,0.00202342610746439,0.0306765618175268,0.0302374921739101,0.00151765626428469,0.0266568371653557,0.0263698939234018,0.00118151287340981,0.056154171526432,0.0558477360755205,0.00125735214312698,0.307831084281206,0.302555559203029,0.0190356368889443,0.0251916611939669,0.02490234375,0.00155523882121116,0.0255512322485447,0.0253264252096415,0.00133235692260893,0.040363245010376,0.0400586798787117,0.00232716999486418
/KConfig/uClibc,7,17,313,0.0117897694557905,0.0114568788558245,0.00159525476811366,0.0635172002762556,0.0586598291993141,0.0100047326460309,1.07235434211791,1.01294497400522,0.291173964975046,0.0349405287206173,0.0347332786768675,0.00452831061260818,0.0116246880590916,0.0116160195320845,0.000864242118817161,0.0149875244498253,0.0143810678273439,0.00224859792142207,0.0194866265356541,0.0194230731576681,0.00138062074291103,0.0920519660413265,0.0910320039838553,0.00346094438008162,3.12290725007653,3.09048296511173,0.235224032515148,0.0585638861358166,0.0583374556154013,0.00121773190412487,0.0210018499940634,0.0207834560424089,0.00116763320204628,0.0215927158296108,0.0219840686768293,0.00117437509273486,0.0350134782493115,0.0349945798516274,0.000941497122989026,0.0652897153049707,0.0653168372809887,0.00131534416444716,0.501181951239705,0.499627288430929,0.00497381306171979,0.0350975082069635,0.0350524242967367,0.00042630109140383,0.0324811723083258,0.032748244702816,0.00250652448579615,0.0477428248524666,0.0470285713672638,0.00283343026966871
/Smarch/toybox_0_7_5,40,18,316,0.0109162237495184,0.0109449289739132,0.000885173083695422,0.028895757868886,0.0283423513174057,0.00193475171081936,0.0367339743673801,0.0363267865031958,0.00429082464731751,0.0154910083115101,0.0155687835067511,0.00141646680851948,0.0109216629713774,0.010945051908493,0.00105621830102671,0.0139245583117008,0.0135738123208284,0.00200484705544092,0.0116282138228416,0.0117719359695911,0.00112158765872205,0.0287199991196394,0.028632327914238,0.001247106129905,0.0295184671878815,0.0297336615622044,0.00178371909095913,0.0173213614523411,0.0170487239956856,0.00188645424501154,0.0120762419700623,0.0120741240680218,0.00114710554572139,0.0134808742254972,0.0134218726307154,0.00126475220998874,0.0142435041815043,0.0143755059689283,0.00148762335574034,0.026624474003911,0.0260194148868322,0.00183151310532449,0.0275273713469505,0.0275527220219374,0.00147035859938068,0.0142385726422071,0.013347314670682,0.00242221208563374,0.0146962239593267,0.0143987610936165,0.00202515726078039,0.0222041095048189,0.0220211409032345,0.00214033138448603
/KConfig/uClinux-base,8,19,380,0.011658942848444,0.011358505114913,0.00122373608297683,0.0688441764563322,0.0675223469734192,0.00526499567612391,1.89571638785303,1.92631930671632,0.442324641856425,0.0341396030783653,0.0338507816195488,0.00218958639271974,0.0128718182444572,0.0124127641320229,0.00175961655622819,0.0157767054438591,0.0151255540549755,0.00208123452941732,0.0149210470169783,0.0149590093642473,0.00118186574184186,0.0647440478205681,0.06444001942873,0.00250965584435444,0.305973360911012,0.30504964850843,0.00443724533356283,0.0351483928412199,0.0347582865506411,0.00154485514196317,0.0168535149842501,0.0164345782250166,0.00134382617502182,0.0174341667443514,0.0171603746712208,0.00122866646086511,0.0343264570832253,0.0341325309127569,0.00170944462338267,0.0685349889099598,0.0673911403864622,0.0040895679351095,0.686430107355118,0.684755885973573,0.00608045075598522,0.0327322019636631,0.0327225495129824,0.000907044206053666,0.0329325845092535,0.0326659586280584,0.00289000119581595,0.0498425198346376,0.0494938772171736,0.00117442053458532
/confidential/automotive03/automotive03a,49,20,384,0.0107908376306295,0.0108154322952032,0.00101830348501913,0.0300385933369398,0.0303991120308638,0.00238159658792332,0.0959114072471857,0.0930729489773512,0.0187798871442894,0.0178594441711903,0.0176587235182524,0.00181979416367611,0.0102648768573999,0.0101504661142826,0.000960526528664142,0.0114667173475027,0.011358130723238,0.00121427847457188,0.0129353712499142,0.012999938800931,0.000977656243030807,0.0358970476686955,0.0347942560911179,0.00357089294916095,0.107436596006155,0.106928244233131,0.00252301530367527,0.022557036280632,0.0225636623799801,0.000864460900850025,0.0133050020039082,0.0124636963009834,0.00201089533286614,0.0124416664242744,0.0121442340314388,0.00174181669674483,0.0198733247071505,0.0200462322682142,0.00100957988165362,0.0350032759457827,0.0348365809768438,0.000564224016304722,0.168765738084912,0.167359406128526,0.00693554402316402,0.0197210647910833,0.0192365702241659,0.00262398189189261,0.0197537173330784,0.0191739499568939,0.00249940237936704,0.0304087723791599,0.0308494661003351,0.00274374402851588
/confidential/automotive06/automotive06a,52,21,449,0.0105204948782921,0.010600620880723,0.00111094321411933,0.0365853764116764,0.0363876633346081,0.00118403462788219,0.0784110683947802,0.0781481079757214,0.00539232160954231,0.0187147034704685,0.0185112077742815,0.00096386275567137,0.0109944231808186,0.0108449142426252,0.00116680643960883,0.0115917315334082,0.0115904919803143,0.000942920332890402,0.0141867429018021,0.0134718585759401,0.00194038199204358,0.0424715699255467,0.0429986082017422,0.00153853937691959,0.0937166053056717,0.092547632753849,0.00507523818351936,0.0242260403186083,0.0241617932915688,0.000783873786447706,0.013418836966157,0.013185627758503,0.00138172343495821,0.0134109282493591,0.0135417636483908,0.000944376899637944,0.0272117804735899,0.0271036364138126,0.0015708222666433,0.0537510631233454,0.0530019551515579,0.00427501890560003,0.568960955142975,0.567818937823176,0.00577691360949823,0.0252016397565603,0.0246467720717192,0.00153450478098476,0.0281071108579636,0.0276353321969509,0.00214305826638882,0.0444694707542658,0.0441807918250561,0.00157117639387759
/confidential/automotive04/04,51,22,531,0.0130357746779919,0.0126392375677824,0.00159098749800559,0.102856356725097,0.106250647455454,0.00953928630665577,9.73993709594011,11.9927246533334,6.13905555838831,0.0474081597477198,0.0486631598323584,0.00482620153359137,0.0136193490028381,0.0132474023848772,0.00168108339934987,0.0167720057815313,0.0169713422656059,0.000946405666313454,0.0213720692694187,0.0215407572686672,0.001008956174571,0.0926227124780416,0.0916046928614378,0.00455583970438765,0.6118600012362,0.610347338020802,0.00486168094304395,0.0466508606076241,0.0462886095046997,0.00178376872382243,0.0194178610295057,0.0193861685693264,0.00160154195791292,0.0212711552530527,0.0215269569307566,0.000967713077124987,0.0309093501418829,0.0314874723553658,0.0014120950064129,0.0708756931126118,0.0708748884499073,0.00104366911366191,0.436637914329767,0.434853330254555,0.00733331111408499,0.0289798494428396,0.0289718583226204,0.00168093913442928,0.0307778232544661,0.0305387116968632,0.00218458141870816,0.0548837308585644,0.0563441179692745,0.00422424170790737
/Smarch/toybox,39,23,544,0.0101005115360022,0.00995548069477081,0.00126531750074433,0.0261042837798595,0.0260396264493465,0.00224916366212783,0.0362417665868998,0.0353155005723238,0.00293018122948354,0.0155037825554609,0.0153172500431538,0.00214525309306294,0.00968838192522526,0.00960375368595123,0.00125461591092723,0.0116908061504364,0.0114829372614622,0.0017157328170874,0.0111801860481501,0.0113757960498333,0.00119442536614898,0.0271993400901556,0.0269141104072332,0.00263919678732059,0.0304619552195072,0.0305692069232464,0.00198702952430586,0.0169109645485878,0.0164924394339323,0.00240933340473777,0.0119283448904753,0.0115318037569523,0.00160837556625205,0.0123151091486216,0.0118033867329359,0.00195705786452283,0.01743507578969,0.0167609285563231,0.00276286813143855,0.0364993667602539,0.03555110655725,0.00334460549780612,0.0385337607562542,0.0367507301270962,0.00488369357676076,0.0157879763841629,0.0152066983282566,0.00279687522663191,0.0165394145995379,0.0164221078157425,0.00241255240164643,0.0331239848583937,0.0334673542529345,0.00247457792643802
/confidential/automotive07/automotive07a,54,24,581,0.0235139665007591,0.0238336734473705,0.00282405723294429,0.187982393354177,0.186955889686942,0.0249610559514485,15.1928204349428,12.8239929713309,6.33089213512735,0.111978262588382,0.112201295793056,0.0196276177379521,0.0232789484411478,0.023251686245203,0.00283369044858302,0.0263550972938538,0.0263389833271503,0.00260951484543184,0.0443043018877506,0.0436681862920523,0.00214626777444804,0.289946884438396,0.288043102249503,0.00716567798672716,5.98524906925857,5.90170415490866,0.533966408846663,0.135024980679154,0.130336089059711,0.00905934594045957,0.0463375920057297,0.0460833180695772,0.00210910873595792,0.04888941206038,0.0487436801195145,0.000962291562254682,0.124213850796223,0.123859405517578,0.00170972907450855,0.245117826238275,0.244110794737935,0.00451138914528992,25.8603504289687,25.7880518473685,0.341361529501685,0.117379284575582,0.122451610863209,0.0085423706501332,0.12583233974874,0.121317131444812,0.00924973951251304,0.178748552948236,0.178381990641356,0.00323497502939922
/confidential/automotive03/03,48,25,588,0.012473484352231,0.0121886152774096,0.00179344672084028,0.0755844852328301,0.0732116363942623,0.00811112099878774,4.16837433442473,4.15308511443436,0.390626347911772,0.0333235878497362,0.0328116565942764,0.00374956317720566,0.011178457736969,0.0109491981565952,0.000565827389008377,0.0144643718004227,0.0143278483301401,0.00145129573704,0.0232075447589159,0.0227969121187925,0.00134430679999302,0.123809082135558,0.123378947377205,0.00352253963306607,5.4072435900569,5.39559867605567,0.034211627022832,0.0581342789530754,0.0576182529330254,0.00253671701143296,0.0225748574733734,0.0222482178360224,0.00183880789664315,0.0217205391079187,0.0217560902237892,0.000520880864466914,0.0458637161552906,0.0456253699958324,0.00197009971747559,0.121625622585416,0.119068128988147,0.0072535970835719,4.11895931445062,4.11861127614975,0.0326070381480959,0.0441077965497971,0.0439501386135817,0.00316551292569446,0.0506777671724558,0.0487223975360394,0.00521337396944399,0.0870231559127569,0.0842372812330723,0.0062800139357405
/Smarch/axTLS,22,26,684,0.0110805185884237,0.0108598582446575,0.00142196389989813,0.0434058870375156,0.0435668751597405,0.00256296595545756,0.159838531538844,0.151906665414572,0.0292077711692095,0.0217303231358528,0.0216714311391115,0.00213499899234945,0.0113112219423056,0.0110670048743486,0.00163300880595943,0.0119562782347202,0.0115895457565784,0.0019460036110392,0.01198182977736,0.011719549074769,0.00184221441639356,0.048911504894495,0.0480999387800694,0.00435221651174894,0.143871082738042,0.143188439309597,0.00336601377211973,0.0248812048882246,0.0245817061513662,0.00250950761933766,0.0137159159779549,0.0135428477078676,0.00252444032011372,0.0146313582360744,0.0141585916280746,0.0018184011847064,0.0218798994272947,0.021897105500102,0.00223709467176165,0.0491005453467369,0.0482755918055773,0.00287380948331577,0.0994213409721851,0.0979325622320175,0.00473203655299655,0.0234553911536932,0.0230994522571564,0.00181613699797631,0.0233342012017965,0.0230364110320807,0.00169819673531851,0.0429341154545546,0.0426297448575497,0.00227587605407344
/financial_services/financialServices_2018-05-09,47,27,771,0.0938139633089304,0.0898388810455799,0.0120428978120517,0.304341774731874,0.296799495816231,0.031466946221002,16.0447265852988,14.9123092070222,6.11434867669991,0.110819952264428,0.106846142560244,0.015264695266323,0.105297386273742,0.10256764665246,0.0109368234940976,0.163916837200522,0.158192075788975,0.0165407898032169,0.124213298261166,0.124340437352657,0.00245874070662017,0.392316282987595,0.387813126668334,0.0164564762609893,3.35524333827198,3.32080382294953,0.222077091214956,0.13899933591485,0.134690219536424,0.00941916113371811,0.154435739666224,0.150144079700112,0.00972930939275852,0.219600331932306,0.217704160138965,0.00643023667931951,0.172792603075504,0.169271789491177,0.0089602945601834,0.568793646991253,0.562560213729739,0.0166413387937846,5.83221558578312,5.8211619798094,0.0441720225273189,0.17126469142735,0.167174743488431,0.00974873448088883,0.231310165300965,0.228633312508464,0.0102299788172231,0.411210893690586,0.407822018489242,0.0108257325237744
/KConfig/busybox-1.18.0,5,28,854,0.0190610720217228,0.0191485714167357,0.00135124029662522,0.105951959043741,0.105604995042086,0.00233010225399228,0.361243081092835,0.352955779060721,0.0535604434943163,0.0338209391385317,0.0343648511916399,0.00218912615417195,0.0188951582461596,0.0186750814318657,0.0015828854503544,0.0273813198506832,0.0272464342415333,0.00202094135211779,0.021491107866168,0.0217552073299885,0.00108162762306357,0.103290258571506,0.101659636944532,0.00590800777076904,0.197614016905427,0.194172458723187,0.00969526712517866,0.0378074458241463,0.0365606658160687,0.00307430368788402,0.0230240227282047,0.0224836189299822,0.0017110993959412,0.0295979768782854,0.0295996572822332,0.000990950548592147,0.0349488597363234,0.0347750224173069,0.00111104602799022,0.11226344242692,0.111800102517009,0.00217533569552903,0.235300947353244,0.230488270521164,0.0130803171901399,0.0338128674030304,0.0344150569289923,0.00245131172111745,0.0314494631439447,0.0315066631883383,0.00294985728602211,0.0707654206454754,0.0707631967961788,0.00132498373182683
/Smarch/busybox_1_28_0,25,29,998,0.0937648043781519,0.0893979780375958,0.0185870270353872,0.298790518641472,0.294008631259203,0.0480728123081378,82.9294475447387,62.9420542437583,55.5616825194039,0.128675588592887,0.123947767540812,0.0293672727604587,0.0919395185261965,0.0890929084271193,0.018731337122769,0.11964899212122,0.113992055878043,0.0193833039288951,0.0646369262039662,0.0643886085599661,0.00147259213888114,0.216124305725098,0.212390467524529,0.013940461742266,5.91043371587992,5.89962694048882,0.0293796888667987,0.0903246218711138,0.089689863845706,0.0024877278506913,0.0698367703706026,0.0698981564491987,0.00163997693094653,0.0971853852272034,0.0981576014310122,0.00405069626343952,10.9958241596818,10.9891218170524,0.0605522745305923,27.7997122187167,27.7339159436524,0.266709001038637,1800,1800,0,11.1446563800424,11.1381867211312,0.0466787510603306,11.4222157026082,11.4247900862247,0.0293674676840968,19.9754254096746,19.8383897747844,0.792259939694881
/CDL/am31_sim,1,30,1178,7.44830379575491,5.64062189683318,5.00557473088834,15.2167906425893,12.100086517632,9.36294395269357,1788.603821567,1800,75.4505867430094,12.3167370407283,9.42981857806444,8.39804229906011,6.88452762767673,5.34612035192549,4.57822474064498,4.95416497550905,3.91676784865558,3.17946359156429,2.32531802676618,2.32930138334632,0.0214150960249352,6.43981569834054,6.44207960739732,0.0227866818954374,286.507685365006,288.698556957766,5.26695406806568,3.72666537620127,3.76886673085392,0.07854416881715,2.39399870090187,2.39572251401842,0.0110322268957356,2.48820521704853,2.48259392566979,0.0315448132768283,11.5872930494696,11.5837678741664,0.0865321170295869,22.3272883614153,22.3359465766698,0.115982211642095,1800,1800,0,11.0051287668198,11.0059088394046,0.0477413817436535,11.377943777293,11.3802287057042,0.027248318184224,14.2470816722512,14.2196789178997,0.21384269018988
/KConfig/embtoolkit,6,31,1179,0.0169547515362501,0.0146508477628231,0.00795051040296868,0.162632489874959,0.121353268623352,0.132884184193141,5.16006028719246,0.899783248081803,7.44566148676425,0.0617286306619644,0.0435099266469479,0.0604028335406,0.0172374325990677,0.0149805936962366,0.00803022418068424,0.0313653125613928,0.0264007952064276,0.0175150884805895,0.0189468001574278,0.0186120849102736,0.00185385334963891,0.119691406190395,0.117499358952045,0.0060595649753743,0.329237813875079,0.328284371644259,0.00389820865034082,0.0464342846721411,0.0455651264637709,0.0022921766092828,0.0215091523528099,0.021289711818099,0.0015448280177162,0.0291234102845192,0.0288580078631639,0.00159490558695964,0.0658788570761681,0.0651523843407631,0.00207401285554491,0.219085740372539,0.217959376052022,0.00650516730353502,0.314226754978299,0.314284484833479,0.00479175504570978,0.0642801453173161,0.0638222675770521,0.00220659433655546,0.0666197053343058,0.067617479711771,0.00269541423808035,0.158862589597702,0.157896755263209,0.00493620391934569
/Smarch/ref4955,37,32,1218,7.87390798002481,7.64091102220118,2.64489282386136,14.4678776152432,14.1048233807087,4.33314792858028,1800,1800,0,12.4967733520269,12.1647022757679,4.01064639357981,7.23414047956467,7.03297764249146,2.33249907288772,4.88182353511453,4.7570738196373,1.5522276166863,20.1201309527457,20.2281325217336,0.239710850164266,47.4746398190409,47.7881343141198,0.7024964788142,1800,1800,0,30.2437276317924,30.2554556000978,0.107230288409476,20.776084389165,20.7638668231666,0.107943182719321,20.325575908348,20.3147581480443,0.13508045566247,70.6436197917163,70.6547148581594,0.301900369224594,130.322867657319,130.371134795249,0.416784370226692,1800,1800,0,72.5727992593497,72.5731160808355,0.338360623681165,72.9425053854287,73.0256044548005,0.30139170642679,92.6782025315613,92.5727413464338,0.335517729463076
/Smarch/ecos-icse11,26,33,1244,14.0875105755776,13.0988024920225,4.45657485972271,23.7863334129006,22.0750587303191,7.20653260962874,1800,1800,0,20.040017157048,18.6733269691467,6.3151379689348,13.0900143376738,12.4170394726098,4.02899491004878,9.10245606839657,8.52178490906954,2.85434031902124,11.5157517106831,11.513562085107,0.0471203417500599,27.3241328986734,27.0927687231451,0.479207383585348,1321.97184763506,1330.47022777982,30.7247542698446,15.5114375278354,15.4979039747268,0.0965745931686714,11.8190818726271,11.8217218313366,0.0416793454734565,12.4541214989871,12.5309739205986,0.1941344566296,303.048281671032,301.794685864821,3.17057928658758,515.325184813961,513.022050317377,8.28602649747494,1800,1800,0,301.458793548495,303.251902740449,5.09482987093587,313.163294562697,311.166317651048,5.4689524754041,355.637162857056,354.275655377656,4.94698598170642
/Smarch/pati,35,34,1248,10.6992944454402,10.522841302678,3.37057731164045,18.500279020071,18.4843202754855,5.54352078711148,1800,1800,0,15.0444783846289,15.0360006131232,4.67310546230387,10.1139574903995,10.0490165688097,3.18962073153026,7.16650190085173,7.14982572756708,2.23941171067874,9.10065211117268,9.10043235309422,0.0447787457375943,17.7566489937156,17.7442451268435,0.0728947800224582,1800,1800,0,11.9747738248855,12.0376923438162,0.181915385077991,9.46974028095603,9.46707429923117,0.0425631702891394,9.25925033949316,9.34253481216729,0.181708145995362,77.8677469005436,77.8485517725349,0.418716369086942,144.294004202262,144.257597027347,0.585913016546913,1800,1800,0,80.9879067213833,81.1442360579968,0.6325259965406,85.4118733605743,85.3464851565659,0.346785675356506,101.585617764145,101.494538165629,0.611864712781476
/CDL/p2106,3,35,1262,7.44550614334643,6.48791980557144,3.71045415119695,16.5007490355521,14.8500052951276,7.89261097028401,1800,1800,0,13.5491936079413,11.9626411870122,6.75297558388593,7.05504767559469,6.22921838611364,3.52136676335992,5.05648424915969,4.52666516602039,2.46126720319127,5.6751752730459,5.67678763531148,0.035544325817086,17.3172583116591,17.3259525969625,0.054142616042933,936.138344421461,946.219315636903,19.7701117287501,9.4163536067307,9.40235846489668,0.0744742340912109,5.86842886462808,5.87077902816236,0.0250859192359667,6.06120235316455,6.06026739440858,0.0291090299421744,19.2798554243147,19.3226247020066,0.163181128013537,34.7091131925583,34.4758120793849,0.425441559531495,1800,1800,0,18.2560379924625,18.2541153728962,0.0482507564441154,18.7273533495516,18.7445927541703,0.074774120455046,22.875294014588,22.7676287516952,0.29409832198849
/Smarch/integrator_arm9,31,36,1267,20.3552057603002,13.7121575716883,25.1335982603005,34.792924669385,23.8827690463513,43.0835372896169,1800,1800,0,28.8872155950218,19.2105912044644,36.5402990285181,19.1779098012298,13.0674324519932,23.59155923541,14.1616996704787,9.49451319687069,18.2128417437665,5.19360221676528,5.19710723496974,0.0307728390367581,12.3170598053932,12.312886249274,0.0450389243127704,504.103259033859,497.524946050718,39.1029505292141,6.78155990771949,6.78042987547815,0.0324170963620528,5.37938988767564,5.38226502761245,0.025074195088655,5.989662976861,5.97977910004556,0.0623066293837223,152.124744359851,152.001377746463,2.70016416397288,273.509685828984,270.852153431624,4.4734194366606,1800,1800,0,142.95616399996,142.366246163845,1.80425132170806,159.663920798525,163.184586834162,5.22171442647507,191.857299651057,192.75387715362,2.04593450214637
/Smarch/olpce2294,34,37,1274,13.2178660811484,12.2830256670713,5.75468397631394,22.9346167639643,21.3730157893151,10.0206745251514,1800,1800,0,19.4068685094267,18.011081809178,8.82136244060897,12.4003525057435,11.6977881807834,5.53521476014964,8.71990374937654,8.15365215949714,3.88539880802934,11.0609529132396,11.0574927721173,0.0636247804677512,23.9109636169672,23.6831283532083,0.418960146902953,1800,1800,0,15.6345206788182,15.7376164123416,0.273307602952807,11.7191481733322,11.7134486641735,0.0683215560474639,11.7484294141084,11.752461232245,0.0445639869994727,157.986442348212,157.079607626423,2.07178354255036,285.099597082883,284.735510276631,1.93764583513668,1800,1800,0,161.105544611439,163.410886125639,5.02477106146947,173.668839061633,173.649549029768,0.56102655069652,204.74119250305,205.692141221836,2.13039160449209
/Smarch/adderII,20,38,1276,11.5446786771715,11.330266488716,5.58012392437912,18.3709800440073,17.6104974281043,8.26685175899058,1799.57473703563,1800,3.00706325892012,15.5037289436162,15.1446100343019,7.47916457470142,10.5013106563687,10.0014503933489,5.07079215326931,8.18192361220718,8.06479640677571,3.87376424097362,13.9876030366123,13.9766307938844,0.0509226476614076,31.6436636636406,31.8457602374256,0.476425779454518,1800,1800,0,18.3469110324234,18.3585918787867,0.0680594473473866,14.4393052588403,14.4209297522902,0.0980466145577537,15.2440874048322,15.138677790761,0.568674697990602,122.387714583352,121.567023290321,1.79206726812101,216.436227084249,215.80862008594,2.05809732558045,1800,1800,0,119.010784984827,119.062509236857,0.579555828456461,126.359118007198,127.782542677596,2.43625005960034,150.604534196928,150.089592933655,2.49356681060097
/Smarch/at91sam7sek,21,39,1296,7.13536046668887,6.7363188508898,2.85107824791067,15.837014041245,15.7955879531801,6.21125368816493,1800,1800,0,12.4790163826197,11.8072800897062,5.13723907188809,6.77385632827878,6.65266725234687,2.79124882808259,4.81672461688519,4.77894455939531,1.87136949448586,5.45871458865702,5.45569974929094,0.0192390209819368,15.3040215609968,15.3081466257572,0.0580772627503836,942.596062982827,944.243290530518,14.9714907870555,8.85363193407655,8.85600868239999,0.0419546972470967,5.7562457600981,5.75398588553071,0.0257950095768151,5.83540440008044,5.89577264152467,0.115600498340186,141.364360025376,140.778956450522,1.72876732004331,245.926422619522,245.824058301747,1.32884860669795,1800,1800,0,139.063147937134,138.012650882825,1.76752080421452,148.301541694552,148.380735054612,0.55435238933186,175.097600012496,175.640435405076,3.1659474269427
/Smarch/se77x9,38,40,1319,11.5450392960757,9.75051682069898,5.24075661209176,25.8344711898267,21.9211616236717,12.3409346663308,1800,1800,0,20.6608751100302,17.5530326347798,9.48821877929247,10.7477024067938,9.48590755276382,4.92989894844845,7.98921626098454,6.81852416694164,3.6786784952846,9.97207398466766,9.97250984981656,0.0346265655839578,28.2573512868583,28.4442651886493,0.400919115636739,1800,1800,0,16.2725921136886,16.2434373497963,0.138239174623344,10.7930997565389,10.7975585833192,0.0585658376760756,11.2453594282269,11.2489833217114,0.0437074577647479,128.96614763245,128.285721594468,1.33682164239693,238.448405424654,238.585601985455,0.870106655468125,1800,1800,0,125.514570596293,125.10272603482,1.87793088379142,134.671698760912,134.782766262069,0.603181923379847,169.446283469871,169.337858691812,3.25491703344968
/Smarch/m5272c3,33,41,1323,13.9100268487632,13.5453989822418,5.39469163898675,24.7458578299731,24.3985478766263,9.2093504072218,1800,1800,0,20.0866270712763,19.8638905938715,7.93011391895556,12.9797133050114,12.5224582124501,5.13228047071203,9.25646665543318,8.88946052081883,3.49427979347101,11.8113149922341,11.7749826088548,0.135041465908052,29.9431097441167,29.8845813702792,0.256206215803973,1800,1800,0,16.8030122663081,16.8011818006635,0.07804185550216,12.7115298390389,12.6970358937979,0.135672491119865,13.579527836144,13.5768357999623,0.0542488913381864,112.159036568552,111.764055741951,1.42729279576378,206.020950879678,206.900241991505,4.22623585565707,1800,1800,0,108.362081051096,108.369868813083,1.30279461054108,121.535675111786,121.766341969371,0.854391136888694,147.67066200152,147.695592740551,0.293831424234387
/Smarch/phycore229x,36,42,1360,8.40222771912813,7.53870115987957,4.08534189338245,22.6085987947136,20.4095787219703,10.8401514511193,1800,1800,0,18.3784511297941,16.5318598356098,9.10917582794806,8.08007776737213,7.26999700069428,3.91012644854439,5.59383100412786,5.09823349118233,2.76849208031331,13.7677540946007,13.8387627638876,0.173254563729445,44.8428623199463,44.3800513017923,0.862727897844435,1800,1800,0,25.0040853571892,25.00707549043,0.104363304329165,14.3042440359294,14.3008548561484,0.0603240018285254,15.1516834194958,15.1633640769869,0.113631013003903,149.577180759311,149.350517081097,1.22160607176611,275.139203338474,275.328241718933,1.40281878717482,1800,1800,0,154.998190798014,155.462473364547,2.03707060872425,160.790973717049,157.623079763725,4.58186901846182,197.134993805885,197.302586199716,0.651395695583498
Smarch/freebsd-icse11.dimacs,30,43,1396,1800,1800,0,1800,1800,0,1800,1800,0,1800,1800,0,1800,1800,0,1800,1800,0,11.9986120907962,11.995171347633,0.0465124824788751,29.048562932834,28.954615065828,0.335307534531089,1800,1800,0,19.7522840702534,19.7223368808627,0.140249075222153,11.7523485165834,11.7477174177766,0.0599776982742471,11.464705543071,11.4583901613951,0.0672772213771695,292.055992492437,294.047866825014,5.87508981760124,611.305394462049,606.47919662483,10.8260487547171,1800,1800,0,281.415159400478,280.463500276208,8.47889497198767,288.104238273203,288.406465956941,1.35342810606721,432.39339882955,425.946021690965,11.6034867415152
/CDL/ea2468,2,44,1408,5.95960612073541,5.00230391509831,3.5636560385707,21.1197415088117,18.9758762568235,10.427184625604,1800,1800,0,17.2822382768244,14.9705750718713,9.93966243936379,5.47977161280811,4.76266063563526,3.1431138202717,4.10480998158455,3.60597484000027,2.17106911344456,10.8079597916454,10.7992354035378,0.0502352176027959,46.8011169235408,46.7995931003243,0.141688173814502,1800,1800,0,26.8325172129273,26.6167566310614,0.407852036787796,11.3670906536281,11.3694202806801,0.0513756239759022,12.094493592605,12.0981702320278,0.0493760916034698,37.6622345204651,37.6714141741395,0.12452874004669,67.4991483071446,67.4345315136015,0.406549374106961,1800,1800,0,36.7542536465824,36.8084281012416,0.374290360416906,38.6173622821271,38.6093171574175,0.164533247103303,43.7112281663716,43.63863915205,0.349164159604086
/KConfig/uClinux-distribution,9,45,1580,0.0368861099332571,0.0369056537747383,0.000999780894147442,0.130140650570393,0.129796085879207,0.00310793319811821,0.357019411325455,0.356309372931719,0.0181867461773241,0.0420043301582336,0.0418109316378832,0.00158501205987428,0.037172277867794,0.0368014145642519,0.00166076135068564,0.0730283361673355,0.0721608884632587,0.002370995003755,0.0386126016825438,0.0385620407760143,0.00082629649867802,0.126148783788085,0.125246295705438,0.00400718047511017,0.159854296222329,0.158126750960946,0.0103427462983283,0.0452283179014921,0.0453841723501682,0.000709120879136586,0.0426737926155329,0.0422896947711706,0.0020346794983696,0.0750398991256952,0.0749666672199965,0.000981597129295816,0.0385781353712082,0.0385226272046566,0.00132845623594592,0.11266094148159,0.111775094643235,0.00465587983304575,0.151740554869175,0.150903267785907,0.00430981198497382,0.0375200909376144,0.0375922694802284,0.0010636641498074,0.0386506675928831,0.0394165925681591,0.00264097987852011,0.0921123571693897,0.0927723683416843,0.00345479759909548
/Smarch/fiasco,28,46,1638,0.0109323792904615,0.0107387229800224,0.0016855629568328,0.0773836492747068,0.0778326410800219,0.00404708164432102,0.216583023518324,0.21227390319109,0.0261377272105793,0.0284754133224487,0.0284437723457813,0.00249803917722377,0.0126284677535295,0.0114791225641966,0.00217932005154494,0.0145199331641197,0.0142023507505655,0.00241919778265735,0.0153570133447647,0.0150141026824713,0.00131711167716492,0.0849564552307129,0.0845501348376274,0.00144414137677456,0.160651140511036,0.159922724589705,0.0037531126018919,0.031809411495924,0.032148465514183,0.00159363655916217,0.0157776552438736,0.015839109197259,0.00109328960286732,0.016922298297286,0.0170768406242132,0.00151651273253944,0.0366150018572807,0.0362661965191364,0.0031756893137627,0.111313075125217,0.107963811606169,0.00701776313415187,0.170816908627748,0.166457321494818,0.0124016350589397,0.0345806938409805,0.034390315413475,0.00192285413498399,0.0342208706587553,0.0329402647912502,0.00314592805188874,0.0849947177618742,0.0841410588473082,0.00424813224705893
/Smarch/uClinux,43,47,1850,0.0111552476137877,0.0107925906777382,0.00117417015559064,0.0677588282525539,0.0667259525507689,0.00431843556097189,0.0797108119726181,0.0792058259248734,0.00274163616747155,0.025200008302927,0.0255738329142332,0.00211398433173201,0.011141971424222,0.0113936569541693,0.000822763737452845,0.012905351370573,0.0128789637237787,0.00107448132065152,0.0150592032819986,0.0146088264882565,0.00154635307559181,0.0644500977545977,0.0633410196751356,0.00398340689371157,0.072136766538024,0.0718066785484552,0.00273844618939446,0.030873683616519,0.0307932123541832,0.00184244962879989,0.0156473828107119,0.0154342893511057,0.00164137010468822,0.0145138183236122,0.0141934491693974,0.00151460182178201,0.0347058536112309,0.0345927961170673,0.00334163644230655,0.107071415707469,0.106515360996127,0.00380539580638904,0.108580042943358,0.100249694660306,0.0141588929408059,0.0331518647074699,0.0321362391114235,0.00321865534186102,0.0335108459740877,0.0332949552685022,0.00230500159130846,0.0864638517796993,0.0868584830313921,0.00512939076865074
/automotive01/automotive01,44,48,2513,0.0442013663798571,0.0438883379101753,0.00311267020462569,0.44062327504158,0.439303988590837,0.0200691244486354,108.901696940809,100.10756711103,48.2860419134009,0.131618184819818,0.128424357622862,0.0132075713906294,0.0422723315656185,0.0414604563266039,0.00335102850540672,0.0843615294992924,0.0843019690364599,0.00330912638361142,0.115685167834163,0.115379525348544,0.00143971745391129,0.773347426354885,0.77195462025702,0.0135027468493168,51.2124318043888,51.0881461333483,0.357228700710801,0.219554711803794,0.215996693819761,0.0100938242817836,0.12019482165575,0.119949093088508,0.00178200494832214,0.189589422941208,0.186280909925699,0.00879550688816037,0.582926210835576,0.581843724474311,0.00887943940088385,1.76251784384251,1.76262976229191,0.00546757515091318,1800,1800,0,0.562264450266957,0.560331488028169,0.00886725716638813,0.717703477740288,0.714506775140762,0.0118158845777942,1.29758789673448,1.293497543782,0.0124785366372959
/confidential/automotive03/automotive03b,50,49,4902,0.0142648728936911,0.0138036124408245,0.00166207748985564,0.116404714733362,0.116210088133812,0.00306977277551995,0.525511141642928,0.51785971596837,0.050203060672229,0.0450506313890219,0.0451167784631252,0.00127193766184245,0.0144129804521799,0.0143081285059452,0.00127679392477814,0.0183313167840242,0.0181598961353302,0.00138251680292216,0.0268521850556135,0.0270715653896332,0.00215351883869983,0.147548232674599,0.143850393593311,0.00908489791529214,0.52132926851511,0.520741840824485,0.00332242428356218,0.0636040894687176,0.06340017542243,0.00163867468700989,0.0274014183133841,0.0272735580801964,0.0016488580529666,0.0283582692593336,0.0281405784189701,0.00138095212578817,0.0830968244373798,0.0827510934323072,0.00160243973765137,0.272716996669769,0.271207131445408,0.00494171756555539,0.491480435207486,0.484059013426304,0.0391239564251776,0.0799715657532215,0.0798900686204433,0.00165508311977708,0.0881699347496033,0.0878249704837799,0.00175159648242007,0.19905216217041,0.193749997764826,0.0101349268009293
/confidential/automotive06/automotive06b,53,50,5571,0.0147729685157537,0.0141034908592701,0.00235453604543206,0.107874474823475,0.10767001286149,0.00205008924459092,0.346268944889307,0.340453932061791,0.0263580085654407,0.0395190079510212,0.0389771498739719,0.00187449634176292,0.0145546160638332,0.0143125168979168,0.0015454138639561,0.0172593504190445,0.0170259457081556,0.00175432065040548,0.0215659216046333,0.0215338636189699,0.00140406304442218,0.0995555247366428,0.0957248862832785,0.00777791709929215,0.183390096202493,0.182304531335831,0.00434274348096156,0.0502669777721167,0.0499860197305679,0.00145411497164699,0.0215057790279388,0.0215377695858479,0.00198205910916418,0.0225633039325476,0.0225385632365942,0.0015842216768758,0.0806266118586063,0.08058144710958,0.00130765443925474,0.265853333547711,0.265007218346,0.00406527092164569,0.289653294309974,0.289172820746899,0.00273494130138269,0.0787382678687573,0.0785773899406195,0.00165266204571148,0.0839910781383514,0.0832314807921648,0.00226517681821748,0.187911282256246,0.186552919447422,0.00592691862801222
/Smarch/busybox-1.18.0,24,51,6796,0.0206121121346951,0.020311776548624,0.00169355789046546,0.308678007796407,0.28770549967885,0.0466669980709594,33.9478972133994,11.2167269662023,53.3362220992201,0.108205446153879,0.094871548935771,0.0271649771424129,0.0204374350607395,0.0200629476457834,0.00189907282571774,0.0234074968099594,0.0230559837073088,0.00220621095777105,0.0329602570831776,0.0328164342790842,0.00123286818223186,0.280302581340075,0.277216199785471,0.00913943917059958,0.846398845016956,0.837540108710527,0.057421070907256,0.0980864546447992,0.0982119031250477,0.00167547647873593,0.0331644175201654,0.0333341732621193,0.00142011751813674,0.0359494846314192,0.0357302203774452,0.00156839780772775,0.112704978659749,0.111917823553085,0.00252597720984254,0.412502479553223,0.409170655533671,0.011645940644567,1.02908103205264,1.02675505355001,0.00667820906294516,0.112121276780963,0.111791219562292,0.00164655756127939,0.119226232096553,0.118905518203974,0.00189204362263184,0.282181329876184,0.277340192347765,0.0107557060584627
/confidential/automotive07/automotive07b,55,52,8649,0.0763851407915354,0.0760053712874651,0.00899165032227707,3.74487061180174,3.7918468285352,0.574076528527588,1756.51725650109,1800,109.959532145197,0.953445626050234,0.966070352122188,0.134911675928234,0.0827073486894369,0.0833703689277172,0.0077953936203658,0.134409665092826,0.134781040251255,0.0169238277722215,0.626776951998472,0.621340708807111,0.0394828692760472,7.05228555932641,7.04962810315192,0.045504890596409,609.002788005173,607.742512557656,4.1321833376783,1.89689725987613,1.89723289944232,0.0132324214847261,0.603779949173331,0.600109638646245,0.0101619482941769,0.733875448405743,0.733022687956691,0.00698419172339064,2.56657709851861,2.56457463651896,0.0118732986353524,13.2200807030499,13.1965635232627,0.208246411252356,314.111501825675,310.119387509301,24.2182520218113,2.57599944412708,2.57237326726317,0.01617084061859,2.75778370074928,2.75639141723514,0.0143544724296827,8.81060907959938,8.78282235749066,0.202908025978375
/Smarch/uClinux-config,42,53,11254,0.0280006083846092,0.0267858970910311,0.00466626260503978,0.656436594575644,0.549712173640728,0.22765017768181,127.146218554527,35.5012958012521,276.282964785185,0.179025189876556,0.147921569645405,0.0762701291160327,0.0304347779601812,0.0286885853856802,0.00477915017701423,0.0422123569995165,0.040402315557003,0.00588241620830843,0.045944574996829,0.0460606105625629,0.00168412630018921,0.433347611427307,0.429607855156064,0.0104369595727437,1.22181528568268,1.22058099135757,0.00637864418331707,0.131881601661444,0.127553053200245,0.00949528275789265,0.046710863634944,0.0471599660813808,0.0024297088406732,0.0534486848860979,0.0532123483717442,0.00150617990367989,0.152849753648043,0.149105800315738,0.0100268927847592,0.655344617143273,0.649153281003237,0.0348132623354144,2.80186213836074,2.80384742841125,0.023438345018891,0.151368509978056,0.147024672478437,0.0100039415103004,0.163609063848853,0.158457662910223,0.0109628768309662,0.455129358842969,0.453320886939764,0.00574841326632071
/automotive02/automotive2_4,45,54,18616,3.13036637626588,0.0194276440888643,9.11148907268771,64.023515862301,0.0208234526216984,170.317993120212,288.927815569043,0.0193343833088875,666.211495544126,15.2139429408312,0.0195645913481712,40.5686889815146,2.97477870829403,0.0201578922569752,8.34542092666612,5.30933884866536,0.0215298887342215,13.149653671243,0.345478407666087,0.342163287103176,0.0079509096700869,4.87189391687512,4.84389855712652,0.119288824831995,109.532991615087,106.301566617563,15.1738625972439,0.939490769580007,0.939687563106418,0.00484717279870254,0.354719060882926,0.350815854966641,0.00964028085574509,0.553738480731845,0.55355310253799,0.00365374227332952,0.903056697100401,0.901577558368444,0.00581243860813895,5.75684558801353,5.76059226877987,0.0278471667873018,471.686022080705,470.577799992636,2.81451448561827,0.907836657911539,0.906090462580323,0.00556557574229686,0.929032261520624,0.924964779987931,0.00970395180885988,3.64974383957684,3.64592604897916,0.0329339832781843
/Smarch/embtoolkit,27,55,23516,2.71984822310507,0.0199815612286329,3.6449762377307,33.1166549638659,0.0218879729509354,45.3323514148186,756.010146175027,0.0201955046504736,897.41616575156,25.2760993080586,0.02059331163764,34.5179143416036,2.40455783896148,0.0210649687796831,3.2155508296572,2.31726096361876,0.0217378698289394,3.10554821918235,0.509055548533797,0.509005546569824,0.00693630161970625,5.98858528070152,5.98760829493403,0.0258165878144749,173.996560232118,173.72108543478,0.957635274068034,1.39287288628519,1.39174020662904,0.00873696515200832,0.543876465111971,0.541919698938727,0.00663703876651383,0.912242124900222,0.911401661112905,0.00807240723164569,2.10539959661663,2.10358728654683,0.0223762701484893,11.392758481428,11.3950104657561,0.056528687337365,1800,1800,0,2.08324830494821,2.08064116537571,0.0121384163710307,2.53310974270105,2.52905118465424,0.0142402614894475,7.80064204163849,7.79710407368839,0.0217301652469479
