Model,OriginalIndex,Index,Features,C2d-all-avg,C2d-all-med,C2d-all-stdev,C2d-recdag-avg,C2d-recdag-med,C2d-recdag-stdev,C2d-rectree-avg,C2d-rectree-med,C2d-rectree-stdev,C2d-wocore-avg,C2d-wocore-med,C2d-wocore-stdev,C2d-wofold-avg,C2d-wofold-med,C2d-wofold-stdev,C2d-womark-avg,C2d-womark-med,C2d-womark-stdev,d4-all-avg,d4-all-med,d4-all-stdev,d4-recdag-avg,d4-recdag-med,d4-recdag-stdev,d4-rectree-avg,d4-rectree-med,d4-rectree-stdev,d4-wocore-avg,d4-wocore-med,d4-wocore-stdev,d4-wofold-avg,d4-wofold-med,d4-wofold-stdev,d4-womark-avg,d4-womark-med,d4-womark-stdev,Dsharp-all-avg,Dsharp-all-med,Dsharp-all-stdev,Dsharp-recdag-avg,Dsharp-recdag-med,Dsharp-recdag-stdev,Dsharp-rectree-avg,Dsharp-rectree-med,Dsharp-rectree-stdev,Dsharp-wocore-avg,Dsharp-wocore-med,Dsharp-wocore-stdev,Dsharp-wofold-avg,Dsharp-wofold-med,Dsharp-wofold-stdev,Dsharp-womark-avg,Dsharp-womark-med,Dsharp-womark-stdev,,,,,,,,,,,,,,,,,,,,,,,
/Smarch/LLVM,16,1,11,0.0207073438167572,0.020110160112381,0.00271339465212465,0.0184186220169067,0.0183472782373428,0.00234408272501576,0.0196459326148033,0.0188155230134726,0.00296119560754801,0.0197745641320944,0.0191636681556702,0.00283148187262632,0.0197214345633984,0.0195753164589405,0.00287460434109293,0.0198821199685335,0.0198721587657928,0.0024133872198599,0.00943401120603085,0.00939827598631382,0.00105042242289285,0.0107026296854019,0.0105138476938009,0.00102298161279623,0.00867676243185997,0.00885089486837387,0.00115748463820813,0.00900259502232075,0.0089927576482296,0.000650554774928844,0.010641435906291,0.0105367414653301,0.000902410678676635,0.0117265903949738,0.0120006762444973,0.00118518016381953,0.00960709139704704,0.00956717319786549,0.000931616991536591,0.0080395819991827,0.00785890407860279,0.00086506736186787,0.00819952934980392,0.00789017602801323,0.000893736125498619,0.00855747304856777,0.0083701703697443,0.000940593809128098,0.00742202125489712,0.00725786946713924,0.000592742874353331,0.00773978248238564,0.00765751115977764,0.000775381574250213,,,,,,,,,,,,,,,,,,,,,,,
/Smarch/X264,19,2,16,0.00927501037716866,0.00936280936002731,0.000852442041065856,0.00963791146874428,0.00970163568854332,0.000785442554230392,0.00832827210426331,0.0082691702991724,0.000956707646364705,0.00931895807385445,0.00941057316958904,0.000925854512161843,0.00993635609745979,0.0100951958447695,0.000778977889804022,0.00938406422734261,0.00917308405041695,0.000938828531012669,0.0105547469109297,0.0106496959924698,0.000785995810958367,0.011082284450531,0.0111382137984037,0.0010223489062756,0.00936144299805164,0.00906609557569027,0.0010831231820439,0.00951653420925141,0.00949646718800068,0.000875560500666655,0.0109526540338993,0.010956609621644,0.000613095367476872,0.0126288278400898,0.0128881949931383,0.00109435578325703,0.00952288158237934,0.00938401184976101,0.000917409465459085,0.00823355525732041,0.00810546614229679,0.000916936327041241,0.00855761550366879,0.00815744884312153,0.00116925670592329,0.00886129714548588,0.00863208062946796,0.00112811177183476,0.00786345794796944,0.00778121873736382,0.00086045624884964,0.00815848097205162,0.00804460234940052,0.00098162125319988,,,,,,,,,,,,,,,,,,,,,,,
/Smarch/Dune,12,3,17,0.00928911373019218,0.00913316011428833,0.000909517542400844,0.010150658339262,0.0101378876715899,0.000897413395416664,0.00963655732572079,0.00944220274686813,0.0012940064996179,0.010965423732996,0.0108683034777641,0.00105957708501061,0.0106474000960588,0.010786896571517,0.000768176178372847,0.0111601808667183,0.0112569816410542,0.000534565046710442,0.0105459371209145,0.0106191225349903,0.00114177689378494,0.0111111986637115,0.0110485088080168,0.000703922879785611,0.0107443373650312,0.0106116849929094,0.00123169141272891,0.0102888897806406,0.0102202706038952,0.00112245714373742,0.0112887039035559,0.0114204920828342,0.000896572680408381,0.0135949029028416,0.0140035450458527,0.00125267999884509,0.0101075905561447,0.010120926424861,0.000958291654736508,0.00953076288104057,0.00941240228712559,0.00138963076142227,0.00963260233402252,0.00925489887595177,0.0013154530950858,0.00981160670518875,0.00975274853408337,0.00102891790532463,0.0082852952927351,0.00820731371641159,0.000821255993708215,0.00901104390621185,0.00905971601605415,0.00120092364453322,,,,,,,,,,,,,,,,,,,,,,,
/Smarch/BerkeleyDBC,11,4,18,0.00907537162303925,0.00910251773893833,0.000805712813143197,0.00989579483866692,0.00976222939789295,0.00104433066908927,0.00900625593960285,0.00900601781904697,0.00115766280623403,0.00957295998930931,0.00945439375936985,0.00100025752904747,0.0098600148409605,0.00998547486960888,0.000853430593737424,0.0108526186645031,0.0106761250644922,0.000919743560606832,0.0101132831722498,0.00999751873314381,0.001207224012216,0.011083207949996,0.0109080877155066,0.0012418035245135,0.00965032584965229,0.00945187732577324,0.00134427397589378,0.0101361489295959,0.00985299423336983,0.00136803661294834,0.0109197996556759,0.0109695885330439,0.000692518916147841,0.013021411895752,0.01324194483459,0.00120601948238224,0.00942496322095394,0.00940814055502415,0.00122383204457847,0.0085696217417717,0.00863620266318321,0.0011018554488263,0.00920151121914387,0.00915215536952019,0.00130400613534519,0.00893279366195202,0.00873822905123234,0.00151725212770829,0.00790560558438301,0.00787382945418358,0.00108207620832872,0.00837930530309677,0.00798999331891537,0.00116892228974937,,,,,,,,,,,,,,,,,,,,,,,
/Smarch/lrzip,32,5,20,0.0104369951039553,0.00998828932642937,0.00148386157710678,0.0104888911545277,0.0104617550969124,0.001690642997703,0.00917261093854904,0.00888273119926453,0.00159630722206745,0.0101355169713497,0.00999136455357075,0.00134084037419736,0.0111769673228264,0.0106966439634562,0.00159444358292531,0.0102508513629437,0.0100231692194939,0.0015750564183542,0.00957408964633942,0.00942838191986084,0.00123093235876011,0.0114671929180622,0.0111613366752863,0.0013619274193347,0.00911650359630585,0.00898666121065617,0.00185543568575475,0.010022753700614,0.00949495099484921,0.0014513740514909,0.0110838935524225,0.0109403878450394,0.00126761854064091,0.0115211334079504,0.0113480072468519,0.00110504136777908,0.0096064642816782,0.00936391763389111,0.00178708907450912,0.00888391152024269,0.00867158733308315,0.00164022420169781,0.0101050590723753,0.00982089713215828,0.00183043840674334,0.00986619740724564,0.00949528254568577,0.0014921464548784,0.00950810790061951,0.00929381884634495,0.00122189439857174,0.00842728056013584,0.00800911150872707,0.00133143304388921,0.0109403878450394,0.00126761854064091,0.0115211334079504,0.0113480072468519,0.00110504136777908,0.0096064642816782,0.00936391763389111,0.00178708907450912,0.00888391152024269,0.00867158733308315,0.00164022420169781,0.0101050590723753,0.00982089713215828,0.00183043840674334,0.00986619740724564,0.00949528254568577,0.0014921464548784,0.00950810790061951,0.00929381884634495,0.00122189439857174,0.00842728056013584,0.00800911150872707,0.00133143304388921
/Smarch/HiPAcc,13,6,31,0.0134008681774139,0.0129980556666851,0.00207798082342131,0.0142185431718826,0.0139461420476437,0.00159598141205283,0.0184772887825966,0.0185742620378733,0.00175179696790817,0.0137341197580099,0.0135461967438459,0.00185209302432643,0.0133246056735516,0.0134314987808466,0.0011436511687082,0.013973341435194,0.0139297060668468,0.000914451635947824,0.013468556329608,0.0134456418454647,0.00157615661908412,0.0149718594551086,0.0147358775138855,0.00175606066042404,0.0194709903746843,0.0189210306853056,0.00163187982956736,0.0128221935033798,0.0129686575382948,0.000911038167368585,0.0144436050206423,0.0140940193086863,0.0017652551541359,0.0171005379408598,0.0178090371191502,0.00187332441844485,0.0137028837949038,0.0134758669883013,0.0011605842670464,0.0134817904233933,0.0133719630539417,0.0018507700922772,0.0167910276353359,0.0167532470077276,0.000935535668931787,0.0138918332010508,0.0133915711194277,0.00190125801515959,0.0112591251730919,0.011111905798316,0.00103302907665101,0.0114005501568317,0.0113935098052025,0.00104957173183218,,,,,,,,,,,,,,,,,,,,,,,
/Smarch/JavaGC,15,7,39,0.0107296971231699,0.0105901062488556,0.00126360571634476,0.0117292268574238,0.0117621142417192,0.00116763430107781,0.0112913620471954,0.010949743911624,0.00167756077901164,0.0110387256741524,0.0110740624368191,0.00110907074088182,0.0111982920020819,0.0111454389989376,0.00102387283700376,0.0115744870901108,0.0114282350987196,0.00104360214188936,0.0108658196777105,0.010659359395504,0.000913018270092847,0.0126922425627708,0.0125649347901344,0.001300104763239,0.0123220881074667,0.0116572938859463,0.00189661935304841,0.0108917049318552,0.0107718016952276,0.000627122190243739,0.0119184767454863,0.0118945296853781,0.000793360813341096,0.0148136354237795,0.0148111153393984,0.00155476491016541,0.0110044330358505,0.0112246591597795,0.000648034887776945,0.0111830224096775,0.0110864043235779,0.000715903469766787,0.0114036317169666,0.011036267504096,0.00154090661733371,0.010654015392065,0.0105882380157709,0.00116840931180641,0.0091059310734272,0.00869754515588284,0.00135733213051453,0.0102540781348944,0.00984617322683334,0.00149833985075039,,,,,,,,,,,,,,,,,,,,,,,
/Smarch/Polly,17,8,40,0.0106184571236372,0.0105307679623365,0.00158935435577105,0.0123319381475449,0.0115498658269644,0.00228898447798547,0.0114441746473312,0.0108883008360863,0.00196883405394434,0.0111699203401804,0.0108957961201668,0.00163513622039652,0.0111800366640091,0.0106358025223017,0.0013478960107829,0.0111915653198957,0.0106323882937431,0.00148042505688979,0.0111187069118023,0.0110125094652176,0.000946192943917568,0.0131374858319759,0.0131750404834747,0.00125043828009561,0.0118294093757868,0.0110972821712494,0.00151448274283462,0.0111182265728712,0.0110925287008286,0.00108089970228142,0.0114395752549171,0.0112542081624269,0.000727424663467245,0.0147412543743849,0.0149260088801384,0.00151865635517595,0.0110097758471966,0.011120805516839,0.000867544035267291,0.0105781353265047,0.0102695170789957,0.0015238455804948,0.011382373124361,0.0110041238367558,0.00180280829101093,0.0102586217224598,0.010216698050499,0.00103873840883194,0.00896821670234203,0.00874597206711769,0.00116147671896202,0.0104731137305498,0.0102167036384344,0.00150863423837133,,,,,,,,,,,,,,,,,,,,,,,
/Smarch/VP9,18,9,42,0.0103948038071394,0.0103199183940887,0.00117324809733379,0.0117327190190554,0.0117077585309744,0.000975736162882609,0.0110306418687105,0.0107908174395561,0.00145687816856564,0.0109317530691624,0.0107789523899555,0.00115953861154289,0.0113789682090282,0.0113007035106421,0.00121708050944182,0.011467762440443,0.0114924181252718,0.00109045923289681,0.0108710510283709,0.0104945730417967,0.00093596791611283,0.0130619207024574,0.0129374209791422,0.00154409314316499,0.0114763919264078,0.0110772587358952,0.000941389065645449,0.0107764292508364,0.0108546353876591,0.00093455808325359,0.0117003762722015,0.0113133955746889,0.00134095005694506,0.0147317489236593,0.015031710267067,0.00194554090379758,0.0111681347340345,0.0110859759151936,0.000783155561671557,0.0110347136855125,0.0110792983323336,0.000606560769314113,0.0111627908051014,0.0112076867371798,0.00085635422331003,0.0103426083922386,0.010494289919734,0.00128740391386201,0.0090950008481741,0.00902926735579968,0.00125485860412614,0.0108965841680765,0.0107982270419598,0.00158547386218249,,,,,,,,,,,,,,,,,,,,,,,
/Smarch/7z,10,10,44,0.0111710426211357,0.0111646018922329,0.000703882750547471,0.0140777914226055,0.0128901358693838,0.00291483648688478,0.0161100725084543,0.0157361663877964,0.00368128149252465,0.0122354191541672,0.0117666106671095,0.00183874737613273,0.012486317306757,0.012203486636281,0.00155318153251861,0.0129875519871712,0.0128021780401468,0.0013951406945461,0.0127161567658186,0.0120192896574736,0.00205537049774075,0.0155284851044416,0.0150255672633648,0.00233211414278009,0.0154532459378243,0.0145751163363457,0.0024685232523137,0.0113194516301155,0.0112992729991674,0.00109070519001183,0.0126500151306391,0.012383721768856,0.00131327007576336,0.0156920699030161,0.0158275235444307,0.00193701635482085,0.0114604257792234,0.0108468811959028,0.00199086543881849,0.0121620093286037,0.0115894004702568,0.00220805101534385,0.0144204530119896,0.0137085895985365,0.00258676946336999,0.0109160751849413,0.0111026391386986,0.00102625765626277,0.0106100888550282,0.010621190071106,0.00141511533990827,0.0108374607563019,0.0102790631353855,0.00172715979349097,,,,,,,,,,,,,,,,,,,,,,,
/Smarch/JHipster,14,11,45,0.0117013538628817,0.011283902451396,0.00139347564851711,0.0128962656110525,0.0127342753112316,0.00136301993047193,0.0147672788798809,0.0145540777593851,0.00190770499613732,0.0115746293962002,0.0115043502300978,0.00126481587293746,0.0117601821571589,0.0115001276135445,0.00106636719349258,0.0132464549690485,0.0133593305945396,0.00115882728209391,0.0127269394695759,0.0125782918184996,0.00136493061056391,0.0152870065718889,0.0153084062039852,0.00121036858960103,0.01704365208745,0.0167652070522308,0.00110403673782824,0.0116548365354538,0.0111758150160313,0.00114585637311662,0.0137263782322407,0.0137175265699625,0.00139757880920762,0.0162182669341564,0.0160345267504454,0.00209400833402467,0.0112729986011982,0.0111199729144573,0.000755423134148496,0.0115129677206278,0.0111288800835609,0.00115811276054529,0.0150294490903616,0.0154445227235556,0.00101537281755311,0.0112623507529497,0.0111944675445557,0.000859994153199539,0.0106343604624271,0.0103152059018612,0.00161519415984565,0.0112710824608803,0.0111326593905687,0.000956267066873842,,,,,,,,,,,,,,,,,,,,,,,
/featureide_examples/berkeleydb,46,12,76,0.0153634954243898,0.0145876761525869,0.00250703657208159,0.0212020315974951,0.0208806544542313,0.00215586669116267,0.0302899157255888,0.0307113621383905,0.00489518201189948,0.0151444075256586,0.0147731509059668,0.00177470025930195,0.0155553948134184,0.0155561082065105,0.00219927583498154,0.0172533255815506,0.0167829394340515,0.00250060825184063,0.016180327758193,0.0162695124745369,0.00104524832474611,0.0232342658191919,0.0227894671261311,0.00178191111091326,0.0312737187743187,0.0308379102498293,0.00274796486765821,0.0165743383020163,0.0161174051463604,0.00211638571530503,0.0177602498978376,0.0170427169650793,0.00248284780782849,0.0191219079494476,0.0184031669050455,0.00245679695993653,0.016870192065835,0.0167251750826836,0.0020922188311184,0.0217047767341137,0.0220388378947973,0.00252533364673997,0.0368086919933558,0.0341712981462479,0.00562018628463792,0.0171485488861799,0.0169427748769522,0.00236818813698649,0.0154543109983206,0.0150719285011292,0.00244208024909407,0.0185649270564318,0.0182107351720333,0.00250842623050588,0.0170427169650793,0.00248284780782849,0.0191219079494476,0.0184031669050455,0.00245679695993653,0.016870192065835,0.0167251750826836,0.0020922188311184,0.0217047767341137,0.0220388378947973,0.00252533364673997,0.0368086919933558,0.0341712981462479,0.00562018628463792,0.0171485488861799,0.0169427748769522,0.00236818813698649,0.0154543109983206,0.0150719285011292,0.00244208024909407,0.0185649270564318,0.0182107351720333,0.00250842623050588
/Smarch/axtls_2_1_4,23,13,94,0.0160537150502205,0.0155306849628687,0.0021839378483691,0.0229744715243578,0.0230408813804388,0.00108120542470026,0.0362385725229979,0.0351753197610378,0.00410892204965059,0.0159502541273832,0.0161476526409388,0.00116639452840901,0.0165538187325001,0.0164669882506132,0.00153782713110509,0.0174608942866325,0.017026087269187,0.00186625476084034,0.017173637971282,0.0168353896588087,0.00177129725106406,0.0235675060003996,0.0231065787374973,0.00154755890595184,0.036972072198987,0.0356748234480619,0.00306948001438445,0.0174244770407677,0.0177805479615927,0.00135049066186112,0.0179364094138145,0.0176891330629587,0.000979985071172201,0.0227485777437687,0.0227886959910393,0.00136358827552219,0.0176742861419916,0.0172898545861244,0.00204570982622129,0.0229724296927452,0.0229780524969101,0.000823448323742366,0.0383523319661617,0.0386213511228561,0.0016514775685332,0.0157640690356493,0.0157461930066347,0.00112290411774982,0.0159565585851669,0.0153196547180414,0.00189871166992335,0.0186463599652052,0.0183347873389721,0.00194893472077355,,,,,,,,,,,,,,,,,,,,,,,
/KConfig/axTLS,4,14,96,0.0120738042145967,0.011242114007473,0.00253901335527965,0.0158776862919331,0.0149136912077665,0.00266805513582102,0.0169138802587986,0.0163628123700619,0.00275882083914762,0.0118870919197798,0.0115182679146528,0.00171873944089406,0.0139736969023943,0.0139294620603323,0.00208982853447187,0.0155950424820185,0.0148264244198799,0.00233441831422248,0.0123586968332529,0.0121740363538265,0.00137661068959987,0.0185108659416437,0.0178204569965601,0.00247696439851647,0.0187566493451595,0.0180849488824606,0.00269840060385384,0.0116133843362331,0.0107143633067608,0.00234381500897808,0.0144389206171036,0.013636427000165,0.00199512925029265,0.016849287673831,0.0167463812977076,0.00187817655716287,0.0132020143419504,0.0128596182912588,0.00231746676249225,0.0169353275001049,0.016858235001564,0.00171981495810016,0.0161842641979456,0.0157025624066591,0.00226331457307821,0.0119014548510313,0.0114753674715757,0.00207162332738052,0.01169408403337,0.0111359935253859,0.00247175518301949,0.0147746013849974,0.0136539284139872,0.00246180141075426,,,,,,,,,,,,,,,,,,,,,,,
/Smarch/fiasco_17_10,29,15,234,0.0245353970676661,0.0243961270898581,0.00114317130980331,0.0440439289808273,0.0437224432826042,0.00296745017047301,0.132235798090696,0.133143426850438,0.0149559293870207,0.0239978535473347,0.0235518049448729,0.00114352132279767,0.0254588902741671,0.0254112463444471,0.00140348922071184,0.0348723769932985,0.0347185377031565,0.00180048109353696,0.0345947000384331,0.0346013065427542,0.00111569494898792,0.0590475910156965,0.0589274670928717,0.00124308489041821,0.196164945736527,0.193830348551273,0.00717627530621639,0.0347398164123297,0.0344981029629707,0.00129801693240709,0.0405241314321756,0.0404270682483912,0.000854005308394468,0.0516034360229969,0.0511612165719271,0.00173891555984602,0.0232829517126083,0.0231726579368114,0.00115690854932696,0.0418407604843378,0.0425398256629705,0.00287148653389021,0.0965436146408319,0.0959608033299446,0.00396146531575238,0.0228533154726028,0.0229179132729769,0.000656289673833815,0.0229469033330679,0.0228455848991871,0.000485242701890078,0.0328846318274736,0.0326811652630568,0.00197275322212879,,,,,,,,,,,,,,,,,,,,,,,
/Smarch/uClibc-ng_1_0_29,41,16,269,0.0304622989147902,0.0303691737353802,0.00163338122761159,0.0533635350316763,0.0532562267035246,0.00184350467420983,0.529972030594945,0.512912590056658,0.0773531394772126,0.0317429671436548,0.0316187273710966,0.00163880224005464,0.0285093212127686,0.0284231919795275,0.00186398229242081,0.036743874847889,0.036799194291234,0.00120319492253199,0.0366138880699873,0.0362895708531141,0.00174218721567037,0.0698192242532969,0.0697775036096573,0.00184598156702632,0.449156135693192,0.446434887126088,0.0137019340222552,0.037546074539423,0.0369447227567434,0.00172081486492526,0.0391435109078884,0.0389933940023184,0.0015868434901625,0.0489970605075359,0.0489306803792715,0.00126984611491143,0.0288152212649584,0.0287846717983484,0.000997091036035983,0.0587158297002316,0.0588767658919096,0.000643392266428254,0.309839231744409,0.304812323302031,0.0192282137053289,0.0291073211282492,0.0288066621869802,0.00160401810335682,0.0295297825336456,0.0291735213249922,0.00190669185620906,0.0417447035014629,0.0414084531366825,0.00164870675445535,0.0389933940023184,0.0015868434901625,0.0489970605075359,0.0489306803792715,0.00126984611491143,0.0288152212649584,0.0287846717983484,0.000997091036035983,0.0587158297002316,0.0588767658919096,0.000643392266428254,0.309839231744409,0.304812323302031,0.0192282137053289,0.0291073211282492,0.0288066621869802,0.00160401810335682,0.0295297825336456,0.0291735213249922,0.00190669185620906,0.0417447035014629,0.0414084531366825,0.00164870675445535
/KConfig/uClibc,7,17,313,0.0380919602513313,0.0355144068598747,0.00542884710904468,0.0635711481422186,0.0576789770275354,0.010326463552534,1.0716344498843,1.01454599760473,0.28990726883904,0.0362319250404835,0.0354680307209492,0.00483215149793494,0.0365671382844448,0.0354613643139601,0.00466990049920415,0.0469982907176018,0.0436374433338642,0.00693654612378717,0.0613955083489418,0.0612818542867899,0.00136985532504112,0.108774364516139,0.108768848702312,0.00269366182334496,2.96506273344159,2.96270304732025,0.018279194424561,0.0619659965485334,0.061598177999258,0.0019510103308318,0.0615149062126875,0.0612444393336773,0.00155023247910928,0.0711126174032688,0.067651554942131,0.00746408126917496,0.0376014410704374,0.0375355053693056,0.000938458128883355,0.0711408025026322,0.0707835201174021,0.00199780177571897,0.498611500114203,0.497351374477148,0.00456270221246514,0.0381686027348042,0.0380133334547281,0.00141585174138571,0.0386787093430758,0.0382007081061602,0.00203292908025389,0.0467909413576126,0.0468710605055094,0.00120513047431153,,,,,,,,,,,,,,,,,,,,,,,
/Smarch/toybox_0_7_5,40,18,316,0.0162667483091354,0.0160029232501984,0.00199508659842445,0.0298981251567602,0.0295145139098167,0.00181049710617816,0.0384022018313408,0.0378259550780058,0.004219876151876,0.0176094958931208,0.0175912082195282,0.00160929930633601,0.0169911132752895,0.0170282796025276,0.0010637772590438,0.0234767463058233,0.0234761331230402,0.00146498971813625,0.0166220424324274,0.0163662414997816,0.0017797159944268,0.0301023484021425,0.029866361990571,0.00165539902739445,0.0295412190258503,0.0289102718234062,0.00223739671632999,0.0170514615625143,0.0169820711016655,0.0015185734773765,0.0191912446171045,0.0185342840850353,0.00181571088213911,0.0247785108536482,0.0248116422444582,0.000743093044956452,0.0157604705542326,0.0154348779469728,0.00173807623589864,0.0284759723395109,0.0279010254889727,0.00186768489025471,0.0279672610759735,0.0275732968002558,0.00181325477027512,0.0157929310202599,0.0159126669168472,0.00162081741053902,0.0163018029928207,0.0165756344795227,0.00114482269851885,0.0233254229277372,0.0228761807084084,0.00165639103479995,0.0185342840850353,0.00181571088213911,0.0247785108536482,0.0248116422444582,0.000743093044956452,0.0157604705542326,0.0154348779469728,0.00173807623589864,0.0284759723395109,0.0279010254889727,0.00186768489025471,0.0279672610759735,0.0275732968002558,0.00181325477027512,0.0157929310202599,0.0159126669168472,0.00162081741053902,0.0163018029928207,0.0165756344795227,0.00114482269851885,0.0233254229277372,0.0228761807084084,0.00165639103479995
/KConfig/uClinux-base,8,19,380,0.0367036004364491,0.035803996026516,0.00311144853319649,0.070107384249568,0.0690319202840328,0.0050925379237643,1.900121941939,1.91934211552143,0.440294714267446,0.0368438568711281,0.0361412055790424,0.00315035193310393,0.0359839203208685,0.0354885663837194,0.00230199222467535,0.0502998267114162,0.0491814855486155,0.00375210865849728,0.0338572345674038,0.0340162105858326,0.00183278048782804,0.0766926937550306,0.0763523578643799,0.00304734629086845,0.296079589873552,0.294638143852353,0.00479580241754105,0.035894872173667,0.0352934300899506,0.00176214275019286,0.0383400646597147,0.0382989533245564,0.00112309973732853,0.0548007921129465,0.0547188278287649,0.00214717692301439,0.0350444009900093,0.0349395200610161,0.000790958203235711,0.0716120521724224,0.0711398459970951,0.00264175604512916,0.684372199475765,0.683028351515532,0.00511924760038531,0.035355810597539,0.0350377541035414,0.0013814677851044,0.0376571878790855,0.0372800044715405,0.00129222719651344,0.0489599899202585,0.0480575300753117,0.00315906341557042,,,,,,,,,,,,,,,,,,,,,,,
/confidential/automotive03/automotive03a,49,20,384,0.017914132475853,0.0175080336630344,0.00194557196118472,0.0289592330902815,0.0288453940302134,0.00168207223450019,0.0937013205140829,0.0902459975332022,0.0186513821444775,0.0186633983254433,0.0185284055769444,0.00152807920323999,0.0172714804112911,0.0170579012483358,0.00129727858920901,0.0242202047258616,0.0239040087908506,0.00184354914869261,0.0231393775343895,0.0227942597121,0.00171812449944028,0.0344186060875654,0.0342012345790863,0.000901398747628757,0.096261815354228,0.0942482277750969,0.00519661981390396,0.0230075404793024,0.0226773023605347,0.00174625221675641,0.0243234090507031,0.0242776814848185,0.00151196187787898,0.0316979868710041,0.0318838059902191,0.00287265285544125,0.0228250318020582,0.0229976773262024,0.000921619748208592,0.0413806123286486,0.0398782882839441,0.00397447212927545,0.169053494036198,0.167008437216282,0.00783300957679362,0.0229252719134092,0.0227767005562782,0.000530928993577671,0.0225897090882063,0.0227638781070709,0.000812351727476641,0.0321660428494215,0.0325012821704149,0.00197523912746514,0.0242776814848185,0.00151196187787898,0.0316979868710041,0.0318838059902191,0.00287265285544125,0.0228250318020582,0.0229976773262024,0.000921619748208592,0.0413806123286486,0.0398782882839441,0.00397447212927545,0.169053494036198,0.167008437216282,0.00783300957679362,0.0229252719134092,0.0227767005562782,0.000530928993577671,0.0225897090882063,0.0227638781070709,0.000812351727476641,0.0321660428494215,0.0325012821704149,0.00197523912746514
/confidential/automotive06/automotive06a,52,21,449,0.0192802101373673,0.0193409565836191,0.00150870489513573,0.0380116280913353,0.0379338450729847,0.00149144313060715,0.0665986179560423,0.0654560010880232,0.00394893432579763,0.0200396684557199,0.0201171208173037,0.00147140890891104,0.0193549816310406,0.0188006814569235,0.00186167855036385,0.0276533668488264,0.0277190506458282,0.00108964770502823,0.0233802456408739,0.0227849744260311,0.00153055261445721,0.0505674660950899,0.0506511982530355,0.0035098358088473,0.0931453420966864,0.0928890816867352,0.00282409649905069,0.0244040430337191,0.0241492297500372,0.0015927590668605,0.0258764975517988,0.0258077923208475,0.00115383137771711,0.0374771959334612,0.0370343253016472,0.00107419360261032,0.0200457628071308,0.02110830321908,0.00294040305069438,0.0186161186546087,0.0185911525040865,0.00280113034464799,0.0185243080556393,0.0184213891625404,0.00238284651720037,0.0206944911181927,0.0202471110969782,0.00292166255048094,0.0201787489652634,0.0202798694372177,0.00288674255271435,0.0201430416852236,0.0204964708536863,0.00267488269218605,0.0258077923208475,0.00115383137771711,0.0374771959334612,0.0370343253016472,0.00107419360261032,0.0200457628071308,0.02110830321908,0.00294040305069438,0.0186161186546087,0.0185911525040865,0.00280113034464799,0.0185243080556393,0.0184213891625404,0.00238284651720037,0.0206944911181927,0.0202471110969782,0.00292166255048094,0.0201787489652634,0.0202798694372177,0.00288674255271435,0.0201430416852236,0.0204964708536863,0.00267488269218605
/confidential/automotive04/04,51,22,531,0.0520184084773064,0.0532525107264519,0.00544611250749093,0.103731676861644,0.107055986300111,0.00932138036983142,9.50562652885914,11.7322042509913,5.95428106909175,0.0527465234696865,0.0543650183826685,0.00488032558722708,0.0508318768441677,0.0515781138092279,0.00459043299131334,0.0716999017447233,0.0738511253148317,0.00718252560225268,0.0493839277327061,0.0491469241678715,0.00171343867327168,0.0943105880171061,0.0938093662261963,0.00296739456018845,0.630655539259315,0.615640847012401,0.0724205701228076,0.050858828574419,0.0507840141654015,0.000919715128919207,0.0554134736210108,0.0549913886934519,0.00202058509324271,0.0775638748705387,0.0769515279680491,0.00189755763695273,0.0347357593476772,0.0344288628548384,0.00158939834191001,0.0741380701959133,0.073313457891345,0.00367360081854408,0.433774797543883,0.432146102190018,0.00599445641183509,0.0349067695438862,0.0348661616444588,0.000906709122487849,0.0348379921168089,0.0348773635923862,0.000515965119635635,0.0542030088603497,0.0528886634856463,0.00403915724888686,0.0549913886934519,0.00202058509324271,0.0775638748705387,0.0769515279680491,0.00189755763695273,0.0347357593476772,0.0344288628548384,0.00158939834191001,0.0741380701959133,0.073313457891345,0.00367360081854408,0.433774797543883,0.432146102190018,0.00599445641183509,0.0349067695438862,0.0348661616444588,0.000906709122487849,0.0348379921168089,0.0348773635923862,0.000515965119635635,0.0542030088603497,0.0528886634856463,0.00403915724888686
/Smarch/toybox,39,23,544,0.0148853942006826,0.0145070571452379,0.00225418966506879,0.0271737471967936,0.0272442512214184,0.00184604371791145,0.034875546246767,0.0341919101774693,0.0035075800023555,0.017171543687582,0.0169175937771797,0.00210534121956871,0.0135625279694796,0.0127359703183174,0.00222866866146436,0.0198620512336493,0.0196169652044773,0.00216873175022754,0.0154305472224951,0.0148653946816921,0.00211975720487852,0.0289083994179964,0.0285970959812403,0.00143110276511704,0.0256386844813824,0.0232032034546137,0.00391254607075481,0.0165296126902103,0.0160721521824598,0.00169243102288634,0.0183471981436014,0.0182525347918272,0.00202540311780151,0.0236784050613642,0.023019740357995,0.00208208808971989,0.0181293722242117,0.017895782366395,0.00213351932609393,0.0399217884242535,0.0394729059189558,0.00281905169261138,0.0374954097718,0.0351257771253586,0.00520674490656021,0.0183604975789785,0.0181420557200909,0.00219260387488125,0.0195601489394903,0.0196416173130274,0.00296238979082532,0.031744809448719,0.0319651626050472,0.00244344606084027,0.0182525347918272,0.00202540311780151,0.0236784050613642,0.023019740357995,0.00208208808971989,0.0181293722242117,0.017895782366395,0.00213351932609393,0.0399217884242535,0.0394729059189558,0.00281905169261138,0.0374954097718,0.0351257771253586,0.00520674490656021,0.0183604975789785,0.0181420557200909,0.00219260387488125,0.0195601489394903,0.0196416173130274,0.00296238979082532,0.031744809448719,0.0319651626050472,0.00244344606084027
/confidential/automotive07/automotive07a,54,24,581,0.125289482846856,0.125452280044556,0.024087067713586,0.198466400802135,0.198433298617601,0.0255602953732602,14.9620825325698,12.8389958329499,5.55129097951467,0.128391365930438,0.128029378131032,0.0249731665897233,0.119551491886377,0.120297951623797,0.0230289727655428,0.132409219890833,0.132870411500335,0.020285358373797,0.144739884063602,0.141955807805061,0.00721275348848834,0.29807603135705,0.296656712889671,0.00611527207406391,5.87119659736753,5.86270968429744,0.0362171426696904,0.147413544133306,0.144146405160427,0.00831897332026039,0.153331684097648,0.150422694161534,0.00801009653961377,0.20400939360261,0.201157514005899,0.00887734915639211,0.126941261962056,0.12303751334548,0.00752734554533962,0.255859861895442,0.254923051223159,0.00519091165268627,25.8098218517751,25.7484131548554,0.13737678615506,0.124951352924109,0.122432235628366,0.00643248341188361,0.143541359901428,0.142852341756225,0.00456386464596033,0.180972163826227,0.17957978695631,0.00544876804594756,0.150422694161534,0.00801009653961377,0.20400939360261,0.201157514005899,0.00887734915639211,0.126941261962056,0.12303751334548,0.00752734554533962,0.255859861895442,0.254923051223159,0.00519091165268627,25.8098218517751,25.7484131548554,0.13737678615506,0.124951352924109,0.122432235628366,0.00643248341188361,0.143541359901428,0.142852341756225,0.00456386464596033,0.180972163826227,0.17957978695631,0.00544876804594756
/confidential/automotive03/03,48,25,588,0.0369118064641953,0.0363337714225054,0.00395140296894398,0.0771375524252653,0.0755836963653565,0.00798421110281581,4.18124742209911,4.14262647926807,0.473593305085386,0.0366617958247662,0.0358077865093946,0.00435737960590586,0.0342686088383198,0.0334674380719662,0.00418654689820329,0.05068269059062,0.0494252443313599,0.00553610807970133,0.0605913412570953,0.0610806718468666,0.0016006153447386,0.128916460797191,0.128164062276483,0.00384470271847851,5.49634055778384,5.41750643029809,0.514426993987047,0.0623426569253206,0.0624009687453508,0.00116332611104597,0.0622252447903156,0.0620751436799765,0.00217471480575942,0.0857661692798138,0.085664939135313,0.000865250058549843,0.0527015680074692,0.0522323343902826,0.00311089633523544,0.12401794500649,0.122894078493118,0.00400911210835264,4.12870491683483,4.11317082121968,0.0864691404576642,0.058469193354249,0.0585963409394026,0.00266877720631183,0.0550957864522934,0.05453971773386,0.00310085631133565,0.0865959503501654,0.0857954993844032,0.00358322466507763,0.0620751436799765,0.00217471480575942,0.0857661692798138,0.085664939135313,0.000865250058549843,0.0527015680074692,0.0522323343902826,0.00311089633523544,0.12401794500649,0.122894078493118,0.00400911210835264,4.12870491683483,4.11317082121968,0.0864691404576642,0.058469193354249,0.0585963409394026,0.00266877720631183,0.0550957864522934,0.05453971773386,0.00310085631133565,0.0865959503501654,0.0857954993844032,0.00358322466507763
/Smarch/axTLS,22,26,684,0.0217228457331657,0.0215493757277727,0.00280008107860456,0.0458072302490473,0.0454151779413223,0.00278634299458071,0.157384560406208,0.151170201599598,0.02890466731173,0.0226845167577267,0.0223848856985569,0.00228775353697998,0.0233161640912294,0.0230631418526173,0.00186171756137822,0.0316266495734453,0.0308973174542189,0.00267968827453404,0.0233456394821405,0.0229780618101358,0.00150511887522559,0.0470662166178227,0.0464107077568769,0.00328487801718781,0.147029580548406,0.14500910975039,0.00592005607710128,0.0256855440884829,0.0252032745629549,0.00230384990731665,0.0271667414903641,0.0270899515599012,0.001522402960054,0.0411050144582987,0.0404585227370262,0.00192780848253011,0.0240069948881865,0.0233308933675289,0.00221358390656672,0.0551951602101326,0.0534725468605757,0.00445836145963972,0.0967175735533238,0.0951737556606531,0.00570534889960399,0.0229103203862906,0.0229407083243132,0.00180882968909856,0.0239285767823458,0.0231723263859749,0.00213203167885128,0.040147470459342,0.0395143665373325,0.00237568076641321,,,,,,,,,,,,,,,,,,,,,,,
/financial_services/financialServices_2018-05-09,47,27,771,0.11998671233654,0.118474550545216,0.0173580883423809,0.331216278895736,0.323574541136622,0.0298886517542811,16.0108030810207,14.9153767414391,6.12749312661903,0.117725779563189,0.111738158389926,0.0197119292008234,0.120938755646348,0.116834240034223,0.0154764801862882,0.230038196146488,0.223210344091058,0.0254377329935313,0.152009104341269,0.148255985230207,0.00800175451901075,0.420067326873541,0.416547723114491,0.0128565304990721,3.3105835454911,3.30654774047434,0.0242123299097548,0.151639853417873,0.148455278947949,0.00799289865455957,0.20937393322587,0.205730115994811,0.0107902503973769,0.303966398537159,0.299846265465021,0.0123379874240957,0.194863852113485,0.192457612603903,0.00732711205987474,0.653609076887369,0.650084409862757,0.0136834750109321,5.87831152312458,5.87563926912844,0.0150789301096157,0.193800356090069,0.191333821043372,0.00731019365982937,0.274542422071099,0.271309744566679,0.00980640799086938,0.47929461941123,0.47576879709959,0.0119662676162311,0.205730115994811,0.0107902503973769,0.303966398537159,0.299846265465021,0.0123379874240957,0.194863852113485,0.192457612603903,0.00732711205987474,0.653609076887369,0.650084409862757,0.0136834750109321,5.87831152312458,5.87563926912844,0.0150789301096157,0.193800356090069,0.191333821043372,0.00731019365982937,0.274542422071099,0.271309744566679,0.00980640799086938,0.47929461941123,0.47576879709959,0.0119662676162311
/KConfig/busybox-1.18.0,5,28,854,0.0346100184321404,0.0347523856908083,0.00321143970138696,0.105548875257373,0.104459805414081,0.00505082985392823,0.361890718117356,0.355774737894535,0.0539666650228351,0.0355842654407024,0.035349091514945,0.00162060303092063,0.0377816244214773,0.0377296209335327,0.00174099666134782,0.0737830282747746,0.0736875459551811,0.00206994858873583,0.0360631699860096,0.0360588859766722,0.000800634102468509,0.105875521749258,0.105600904673338,0.00238204924989491,0.192154565677047,0.189082872122526,0.00933613458318316,0.0371234691143036,0.0364023819565773,0.00288721556311598,0.039189739599824,0.0389390345662832,0.00172330737636806,0.0753833292424679,0.0763840433210135,0.00347625949391432,0.0350160082429648,0.0349065847694874,0.000647214427950429,0.115137287080288,0.113760959357023,0.00700254773198925,0.233529886603355,0.230067687109113,0.0114887195208652,0.0347950579226017,0.0348083432763815,0.00089860180832458,0.0366863458603621,0.037227064371109,0.00176872419128137,0.0812341927736998,0.0806505456566811,0.00314640716378168,,,,,,,,,,,,,,,,,,,,,,,
/Smarch/busybox_1_28_0,25,29,998,0.130688949748874,0.122774994000793,0.0301466806647327,0.309662376195192,0.303003951907158,0.0498153939020519,81.6608209335059,61.7377279382199,54.6906477231808,0.127332512885332,0.122711766511202,0.0262445857187644,0.138318603858352,0.133159454911947,0.0275364357244938,0.217985500395298,0.214600635692477,0.0351171919760827,0.0915207888185978,0.0912714432924986,0.0016396612527462,0.213172460123897,0.213011059910059,0.00297835518161686,5.86288250267506,5.85769827105105,0.0294664973920686,0.0921660436689854,0.0927131231874228,0.00286953945342415,0.0958358692377806,0.09798564016819,0.00565605977313787,0.154551013484597,0.15340169146657,0.00468131280742083,10.8881701357663,10.8894222490489,0.0546294368342541,27.5907503740489,27.0858820565045,1.81283216653847,1800,1800,0,10.6710029303283,10.6632236987352,0.0403828445099293,11.8528164709359,11.8508600536734,0.0327669895605636,19.2350300631672,19.2279461603612,0.0591495288440578,,,,,,,,,,,,,,,,,,,,,,,
/CDL/am31_sim,1,30,1178,13.3835369127244,10.2240452710539,8.73428923829787,14.9069905991107,11.7747185397893,9.24095824933188,1787.70879660979,1800,85.8814200918301,13.5826140592247,10.7765414286405,8.84746471233233,12.8221678815782,10.0470015127212,8.22131807310585,9.00649370543659,7.0436494667083,5.77418231836631,3.88263684011996,3.95255879126489,0.157351541714844,6.13136070139706,6.12972698174417,0.0380706255545498,283.104033245593,284.578197028488,4.48962649670083,4.01869774490595,4.01588562130928,0.0271021152351418,4.38161548890173,4.3830048404634,0.0193225444827774,4.30607870787382,4.30657362565398,0.0305499705919068,12.4931209621578,12.5319379642606,0.193491731187568,22.8767961636186,22.8782167267054,0.0585762035442321,1800,1800,0,11.9683260765672,11.96202018857,0.0763688062819379,12.9301542906463,12.9116338100284,0.0747156415977914,15.2590614467114,15.2410268746316,0.0981740274956026,,,,,,,,,,,,,,,,,,,,,,,
/KConfig/embtoolkit,6,31,1179,0.0636003923416138,0.0448875278234482,0.0637798448330727,0.168609717935324,0.124300831928849,0.140248802936578,5.1350339948386,0.912240965291858,7.42156602790726,0.0667586512118578,0.0479840151965618,0.0665336905861392,0.0699475418776274,0.0517761129885912,0.0622021964703468,0.119523404613137,0.0901534222066402,0.095695472067935,0.0462879414111376,0.046107143163681,0.00110467836730767,0.126675332263112,0.121400399133563,0.00865794394135384,0.321172623336315,0.315925987437367,0.0279067970269687,0.0472528858482838,0.0467650908976793,0.0013112393111338,0.0537333188951016,0.0536086931824684,0.00150568074494431,0.0880646787583828,0.0877642575651407,0.00303576383085618,0.0688029524683952,0.0688264649361372,0.0011392382001823,0.224617096409202,0.222974430769682,0.00510554897022941,0.312162700891495,0.310697911307216,0.00495691321221509,0.0691112276911736,0.0686446577310562,0.00227024951608495,0.0728708127886057,0.072751484811306,0.00098594934548146,0.15747113108635,0.155188102275133,0.00723971614206055,,,,,,,,,,,,,,,,,,,,,,,
/Smarch/ref4955,37,32,1218,13.4025981350988,12.9812584649771,4.5107902233714,14.492242044732,13.9608637467027,4.51092372033045,1800,1800,0,13.1974117549509,12.7810336966068,4.40122362008116,12.6000153459609,12.1675994750112,4.09140980036948,8.59626371353865,8.31812585517764,2.72980748433949,33.8508604325354,33.8415615521371,0.132381281248656,46.7149721830338,46.6565292663872,0.315576454074017,1800,1800,0,33.896822899878,33.8400729727,0.334421847617146,35.1647802903503,35.1872594244778,0.102147806812456,33.3105438694358,33.0539492629468,0.513791166006597,75.6201452369243,75.4009081721306,0.72995149129024,135.043067226633,135.013040713966,0.292360741931791,1800,1800,0,79.2011266215891,79.4095835890621,0.986552895590415,83.1077441804856,83.1613045036793,0.332929336049862,91.9725221294165,91.8027336094528,1.01295123245653,35.1872594244778,0.102147806812456,33.3105438694358,33.0539492629468,0.513791166006597,75.6201452369243,75.4009081721306,0.72995149129024,135.043067226633,135.013040713966,0.292360741931791,1800,1800,0,79.2011266215891,79.4095835890621,0.986552895590415,83.1077441804856,83.1613045036793,0.332929336049862,91.9725221294165,91.8027336094528,1.01295123245653
/Smarch/ecos-icse11,26,33,1244,21.1733280557394,19.8655725624412,6.62939986621737,24.0118133884668,22.8390604071319,7.29939647565722,1800,1800,0,21.0954756159335,19.8342869300395,6.5794420541209,19.4510885696858,18.2689673192799,6.03765591131783,14.5080526863039,13.7121877446771,4.54307343502969,17.9333193521202,17.9150894396007,0.101546785930338,26.1499954100698,26.1334235481918,0.115380635648813,1309.28638277918,1297.73173091002,25.4398329938481,17.956077523157,17.9539564661682,0.0670354026526106,18.3126830552518,18.3013195563108,0.104774494558596,18.2171610144526,18.1486517116427,0.389244442840589,323.185641316623,320.824265548959,4.66505808430163,528.34846531868,534.086668137461,10.6414992189731,1800,1800,0,306.343541343287,301.822505988181,6.95934756753363,354.214939362705,354.877934237942,2.62929182899517,367.618396589533,370.491365434602,9.02802363279512,,,,,,,,,,,,,,,,,,,,,,,
/Smarch/pati,35,34,1248,16.4160670939088,16.4737327042967,5.15269774623381,18.4087598834187,18.0768227614462,5.54743851685691,1800,1800,0,16.3066958194971,16.3917216323316,5.09616023005304,15.4450569396466,15.2616716194898,4.92208273190166,11.4102329900861,11.166059454903,3.75273863011792,13.077902103588,12.9254707079381,0.236094276478178,17.7352082006633,17.7224366161972,0.127453592801993,1800,1800,0,13.284056847021,13.2767605707049,0.0546472481360944,13.9435797791928,13.8286702800542,0.222598118049306,12.9803211072832,12.9872427452356,0.0569978653327935,86.8777621149272,86.5184020735323,0.777013168753679,148.80453870751,148.198690347373,2.87903805736797,1800,1800,0,90.6851274677366,90.7156161479652,0.433228570956595,95.2386462827027,96.4572098851204,2.00232277082589,99.0998217175156,99.4614534992725,1.82692158193518,13.8286702800542,0.222598118049306,12.9803211072832,12.9872427452356,0.0569978653327935,86.8777621149272,86.5184020735323,0.777013168753679,148.80453870751,148.198690347373,2.87903805736797,1800,1800,0,90.6851274677366,90.7156161479652,0.433228570956595,95.2386462827027,96.4572098851204,2.00232277082589,99.0998217175156,99.4614534992725,1.82692158193518
/CDL/p2106,3,35,1262,14.9110655873269,13.1002310179174,7.44764730790629,17.1012987176329,15.2376571781933,8.21936323829342,1800,1800,0,14.898127668947,13.2192263174802,7.41401116700822,14.5408720479161,12.8420255910605,7.23408857622282,10.0484581581503,8.87314547412098,4.98297333182528,10.2929955556989,10.2854430302978,0.0497760731394693,16.9757882082462,16.9657137133181,0.0678170843398225,901.199979887009,890.235868772492,20.5369528574006,9.94848077267408,9.94297169335187,0.0396424677515659,10.9749742045999,10.8380055520684,0.916054481524575,11.279766260609,11.1651755273342,0.289996652539284,19.6665914112329,19.5913590658456,0.217144587910367,35.1416743057966,35.1629145219922,0.264828146510589,1800,1800,0,19.3513759236783,19.3339146282524,0.111315663405843,21.0609024052322,21.0513379145414,0.117492518331627,22.9848479118943,22.7286580838263,0.425422882004062,,,,,,,,,,,,,,,,,,,,,,,
/Smarch/integrator_arm9,31,36,1267,32.6239658906311,21.3564723115414,40.2157600169828,35.3354651013762,24.2746220324188,43.8682563590364,1800,1800,0,31.8749996320158,21.5787860713899,39.5561175998342,30.4060800879449,20.6427210532129,37.3994308277456,22.1251057310402,14.9137276262045,28.6219851032363,7.24359174519777,7.2456625290215,0.0295773308414967,12.2254769752175,12.2216212190688,0.050890241336887,480.013856737241,479.726755410433,2.97588901960642,7.53287789061666,7.5253949444741,0.0475353506199371,7.93629209548235,7.93421283550561,0.0406132004904498,8.6217585580796,8.62068969942629,0.0583575852799344,170.911632713452,170.561233056709,2.86556568584351,277.815578305349,278.846838636324,3.21512428775221,1800,1800,0,170.080867150947,169.147790996358,3.22118805046509,184.356222130656,184.351844931021,0.547206997246703,186.884286771193,185.267681185156,3.21830767470246,7.93421283550561,0.0406132004904498,8.6217585580796,8.62068969942629,0.0583575852799344,170.911632713452,170.561233056709,2.86556568584351,277.815578305349,278.846838636324,3.21512428775221,1800,1800,0,170.080867150947,169.147790996358,3.22118805046509,184.356222130656,184.351844931021,0.547206997246703,186.884286771193,185.267681185156,3.21830767470246
/Smarch/olpce2294,34,37,1274,20.4046231753379,18.8779004327953,9.23623850615157,22.4895940384269,21.0511531382799,9.59445360381814,1800,1800,0,20.234946224615,18.6205745600164,9.19280385527095,18.9241258203983,17.6192667037249,8.62543249166295,13.7828245493025,12.844793939963,5.91907232135409,16.7718167697638,16.784182375297,0.316493825219897,23.9197407458723,24.0978974029422,0.422809310774785,1800,1800,0,16.9601901208609,16.9458963982761,0.113549724131777,18.6410328663886,18.6387649644166,0.085350171245223,17.2826725084335,17.2712875753641,0.0761066359355532,166.336307302117,166.017124624923,1.2114656777509,288.641889258102,287.879599943757,4.699648679303,1800,1800,0,171.22715779677,172.049730183557,2.16829307443336,185.575721272975,185.726925700903,0.730693420838724,196.273857167736,199.115354811773,4.01048670128841,18.6387649644166,0.085350171245223,17.2826725084335,17.2712875753641,0.0761066359355532,166.336307302117,166.017124624923,1.2114656777509,288.641889258102,287.879599943757,4.699648679303,1800,1800,0,171.22715779677,172.049730183557,2.16829307443336,185.575721272975,185.726925700903,0.730693420838724,196.273857167736,199.115354811773,4.01048670128841
/Smarch/adderII,20,38,1276,17.263144261539,17.2254532966763,8.34327772572444,18.9545564120263,18.3629215341061,8.51263263144617,1800,1800,0,16.7959485945851,16.7893975805491,8.04655004029751,15.9257737250626,15.6580020021647,7.68221064688095,11.7398020502925,11.5467949192971,5.40922837716783,19.5558170836419,19.3446043431759,0.327321432593495,30.8870780421048,31.0680976137519,0.478800970816395,1800,1800,0,19.8489199288934,19.8880239166319,0.287709201114137,21.1491558071226,20.8922382127494,0.389847079713603,21.2044910449535,21.31970314309,0.497441916874086,131.223834617585,132.301919601858,1.86090199215354,218.751947502196,218.555897029117,0.668333126936125,1800,1800,0,127.218650371358,127.047538310289,3.06208843055503,140.51588968955,141.72297414951,2.06882811397548,150.469954940826,150.780379034579,1.54837742399984,,,,,,,,,,,,,,,,,,,,,,,
/Smarch/at91sam7sek,21,39,1296,13.8436794070154,13.4228414222598,5.60845179143094,16.1705688931048,15.9418905843049,6.15043146150882,1800,1800,0,13.5648161625117,13.1647927220911,5.55520858389446,13.1254691518098,12.8005817346275,5.42775407866029,9.70847765862942,9.37875650264323,3.79282818877204,9.59184187941253,9.51935519650579,0.153401696813502,15.2001621797681,15.1938118394464,0.0640070574313445,910.897524949387,907.618444859982,14.8398417870604,9.83055965811014,9.83522206731141,0.0334925707853292,10.5642855226994,10.4951643422246,0.168709090848271,10.9139950820804,10.9064822755754,0.0553795319495153,142.52141675435,141.718912091106,1.94719452207286,248.859874488637,248.683467119932,0.837243293963839,1800,1800,0,142.463390844166,142.858022153378,2.25039155632675,155.015787715539,155.06964821741,0.399020204473459,172.993111720756,172.935455877334,0.476097379562854,,,,,,,,,,,,,,,,,,,,,,,
/Smarch/se77x9,38,40,1319,22.1425521866232,19.1013552322984,10.0909224738825,25.220450021103,21.2787473145872,11.4223109956761,1800,1800,0,22.6196132627875,19.7203911989927,10.3181904110956,21.0808984922618,18.2962393630296,9.67372749854068,15.0424392515421,12.6951949987561,6.9510017402868,18.3594343771785,18.3405327256769,0.10050558995738,27.0987783334404,27.0892687495798,0.103515555517828,1800,1800,0,18.3636507573724,18.3633731324226,0.069270564517333,19.9995515886694,20.0124235469848,0.131582379034826,18.7830957508832,18.6767683271319,0.286952693088223,142.64805507645,142.8671705015,1.05125914708865,242.834670399874,242.702159654349,4.33320519789821,1800,1800,0,143.495350201502,143.475964596495,0.871001432498399,155.961406094655,156.382991485298,1.61530084069196,166.23623297222,166.408336546272,1.97993842834851,20.0124235469848,0.131582379034826,18.7830957508832,18.6767683271319,0.286952693088223,142.64805507645,142.8671705015,1.05125914708865,242.834670399874,242.702159654349,4.33320519789821,1800,1800,0,143.495350201502,143.475964596495,0.871001432498399,155.961406094655,156.382991485298,1.61530084069196,166.23623297222,166.408336546272,1.97993842834851
/Smarch/m5272c3,33,41,1323,22.0977476451546,20.9330845382065,8.61078018214473,24.184785829559,23.2652418892831,8.85261265771008,1800,1800,0,21.2675498317182,20.0960792768747,8.3183808065573,20.6196168866754,19.4507296737283,8.07611447026337,15.0064448743314,14.6485610026866,5.76919317630051,18.3220580614358,18.481458036229,0.333500352414059,29.5606293203682,29.6099823713303,0.200868848241097,1800,1800,0,18.5749992515892,18.5636517014354,0.0551728863832398,19.8545986141264,19.7254267297685,0.282902278618147,19.9667209041119,20.1204496920109,0.373357378529706,119.711934651211,118.690351208672,2.01569231454271,202.561950278953,202.000397451222,3.16726901220976,1800,1800,0,123.617526837438,123.849433621392,1.03887303988592,131.776314012036,132.523061677814,1.82100967018572,142.393426775485,142.229599798098,0.741379132570672,19.7254267297685,0.282902278618147,19.9667209041119,20.1204496920109,0.373357378529706,119.711934651211,118.690351208672,2.01569231454271,202.561950278953,202.000397451222,3.16726901220976,1800,1800,0,123.617526837438,123.849433621392,1.03887303988592,131.776314012036,132.523061677814,1.82100967018572,142.393426775485,142.229599798098,0.741379132570672
/Smarch/phycore229x,36,42,1360,19.5040834332258,17.8140570204705,9.40086247123501,22.5964040737599,20.6627613771707,10.8002931311784,1800,1800,0,19.4391416591406,17.8068410418928,9.34746825623779,18.8472151537985,17.1673625707626,9.06596046036011,13.5179541898519,12.2258691340685,6.66173021770716,28.4064420436323,28.3929856624454,0.126955142749145,43.6247549378872,43.6226692106575,0.103996779464221,1800,1800,0,28.4452379052341,28.4487537126988,0.0643916963399181,29.7956067228317,29.7912353146821,0.184874862273224,30.9489116532356,30.8949286844581,0.718351290595079,162.821837103739,163.313641013578,1.49122237674948,284.673367647827,284.884387958795,1.02913427688444,1800,1800,0,169.790488306209,169.596612855792,1.04701670297326,175.541149818823,176.09492768161,1.77113586415232,190.504614220634,189.844523081556,1.9052062293292,29.7912353146821,0.184874862273224,30.9489116532356,30.8949286844581,0.718351290595079,162.821837103739,163.313641013578,1.49122237674948,284.673367647827,284.884387958795,1.02913427688444,1800,1800,0,169.790488306209,169.596612855792,1.04701670297326,175.541149818823,176.09492768161,1.77113586415232,190.504614220634,189.844523081556,1.9052062293292
Smarch/freebsd-icse11.dimacs,30,43,1396,1800,1800,0,1800,1800,0,1800,1800,0,1800,1800,0,1800,1800,0,1800,1800,0,21.605591154471,21.8127970453352,0.360229531396893,28.0017452011257,27.9884128328413,0.168713897795849,1800,1800,0,21.6558816835284,21.6662205848843,0.178138743771772,21.7964636991173,21.7954618092626,0.0639854112505401,19.8553962566704,19.9196025766432,0.198667797927564,312.65940915443,309.007100399584,5.69026842137551,617.959606098309,616.043490020558,9.66316993825662,1800,1800,0,310.588553900197,312.918109387159,4.74473952352213,338.994291013926,338.978658035398,3.16082404941294,436.515698536262,439.504937035963,7.72729793941999,21.7954618092626,0.0639854112505401,19.8553962566704,19.9196025766432,0.198667797927564,312.65940915443,309.007100399584,5.69026842137551,617.959606098309,616.043490020558,9.66316993825662,1800,1800,0,310.588553900197,312.918109387159,4.74473952352213,338.994291013926,338.978658035398,3.16082404941294,436.515698536262,439.504937035963,7.72729793941999
/CDL/ea2468,2,44,1408,18.8758834595978,16.3192564565688,10.5362292941989,21.1292648684979,18.7550857886672,10.6160615029304,1800,1800,0,18.6993863587081,16.2466332893819,10.3927564500471,17.9585805261135,15.7588634192944,9.72084094902227,12.6700610692799,11.1972872130573,6.63853321490888,29.1086332155764,29.0875247698277,0.147317260177709,46.1864275036752,45.9200915805995,0.71853774117886,1800,1800,0,28.9206172695756,29.0903709139675,0.391436330574098,31.4088372606039,31.1651177033782,0.484967857005817,31.4735636749119,31.4240709319711,0.339090071610487,41.5039792264253,41.5466014835984,0.29723690712582,68.2746268946678,68.2228579036892,0.344253848646904,1800,1800,0,39.9757069988549,40.0067657548934,0.265528155989464,43.4755184242874,43.4891881067306,0.164218459421227,45.5764982566983,45.5393421668559,0.161200432173041,,,,,,,,,,,,,,,,,,,,,,,
/KConfig/uClinux-distribution,9,45,1580,0.0441263584047556,0.0442981570959091,0.00113954030393385,0.136882519870996,0.135505571961403,0.00501367899791702,0.363437860459089,0.361800044775009,0.026111739132569,0.0455666316300631,0.0458729416131973,0.00126750054136245,0.0507842910289764,0.0506502352654934,0.00158492429548928,0.096646378338337,0.0955136548727751,0.00493295650001046,0.0446591699868441,0.0445807073265314,0.0011826302794718,0.130764952152967,0.129999238997698,0.00378829778957634,0.156594522669911,0.154450135305524,0.00703106949674832,0.0444388242810965,0.0443489607423544,0.00175446899824986,0.0488291216641665,0.0485655497759581,0.00172205165300575,0.109821012020111,0.109645195305347,0.00482582778086771,0.0398052954673767,0.04057702049613,0.00296013324617017,0.121224613562226,0.120655270293355,0.0036664586392601,0.154996032342315,0.154708275571466,0.0017945374793445,0.0410473667830229,0.040866682305932,0.00130734125716218,0.0458604215085506,0.0458983946591616,0.000893568015079964,0.0846748146414757,0.0829467289149761,0.00547916676895456,,,,,,,,,,,,,,,,,,,,,,,
/Smarch/fiasco,28,46,1638,0.027290865406394,0.0269379708915949,0.00214811849597342,0.0729605650156736,0.0727970954030752,0.00466692902224136,0.217741919308901,0.212590921670198,0.0321403989495979,0.0303757327795029,0.0303958486765623,0.00192445546255816,0.0294924928992987,0.029470793902874,0.00260914898823227,0.0557044063508511,0.0560796167701483,0.00266904031834888,0.0313803961873055,0.0314710829406977,0.00211133165482302,0.0789541463553906,0.0772314462810755,0.00463834882892074,0.160468973740935,0.158325279131532,0.00735575711706339,0.0340915634483099,0.0337883476167917,0.00199460199690396,0.0367800421267748,0.0358110386878252,0.00340383020613376,0.0645726679265499,0.064561428502202,0.00121876853135782,0.0357422386109829,0.0357006248086691,0.00151810609755177,0.113631379455328,0.110998867079616,0.00693424033397153,0.167621446922421,0.166357660666108,0.005435698651078,0.03784732632339,0.0380075313150883,0.00323961231063467,0.0408197106420994,0.0396404527127743,0.00450069235179263,0.0911721849441528,0.091690719127655,0.00615327321514785,,,,,,,,,,,,,,,,,,,,,,,
/Smarch/uClinux,43,47,1850,0.0233019649982452,0.0232819765806198,0.00214617154092288,0.0668752917647362,0.0656143873929977,0.00387295361584462,0.0702745448052883,0.0689756609499455,0.00468036449835816,0.0295005168020725,0.0291959624737501,0.00213114088818214,0.0239525955170393,0.0232815686613321,0.00259649730442264,0.0458806680142879,0.0449784640222788,0.0038517389942952,0.024930679127574,0.0250587277114391,0.00224892025298783,0.0694546531140804,0.0687521100044251,0.00419139969094316,0.0724724048376083,0.0708108730614185,0.00457373832345347,0.0302630973607302,0.0297103524208069,0.00185158192487696,0.032587855681777,0.032338485121727,0.00281928709936666,0.0521860643476248,0.0505230184644461,0.00499142931825902,0.0351211803406477,0.0349008981138468,0.000761896787532506,0.117206411510706,0.11440740711987,0.00840576806569265,0.098923479989171,0.0959717892110348,0.00869772428062982,0.0393123178929091,0.0392147786915302,0.0022102696633015,0.042257144972682,0.0405961703509092,0.0040044243512477,0.0921011867374182,0.0943891294300556,0.00595066221935156,0.032338485121727,0.00281928709936666,0.0521860643476248,0.0505230184644461,0.00499142931825902,0.0351211803406477,0.0349008981138468,0.000761896787532506,0.117206411510706,0.11440740711987,0.00840576806569265,0.098923479989171,0.0959717892110348,0.00869772428062982,0.0393123178929091,0.0392147786915302,0.0022102696633015,0.042257144972682,0.0405961703509092,0.0040044243512477,0.0921011867374182,0.0943891294300556,0.00595066221935156
/automotive01/automotive01,44,48,2513,0.135518733561039,0.132091835141182,0.0151882602160882,0.434797909557819,0.434657758101821,0.0176378603189809,109.307503545508,101.046578560025,48.3382633681334,0.140228102952242,0.137668065726757,0.016319757129717,0.129494764655829,0.12688341550529,0.0141566322183528,0.285063212737441,0.284792467951775,0.0120632827721764,0.236835908293724,0.235362125560641,0.00763368533902293,0.750354827642441,0.748837966471911,0.00540693708167542,49.1126132796705,49.0756653044373,0.295733339742216,0.244447940140963,0.241101266816258,0.00969198902045005,0.255109127983451,0.252438427880406,0.0100780809624152,0.510213465243578,0.507465707138181,0.00839074811203409,0.672163655161858,0.673195829614997,0.00945061940149476,2.00387132294476,2.00447314791381,0.0140205331857864,1800,1800,0,0.666136471480131,0.663923075422645,0.00971710417768578,0.934703000187874,0.932531025260687,0.0129880944269662,1.38461795240641,1.38653814420104,0.0131434280933859,0.252438427880406,0.0100780809624152,0.510213465243578,0.507465707138181,0.00839074811203409,0.672163655161858,0.673195829614997,0.00945061940149476,2.00387132294476,2.00447314791381,0.0140205331857864,1800,1800,0,0.666136471480131,0.663923075422645,0.00971710417768578,0.934703000187874,0.932531025260687,0.0129880944269662,1.38461795240641,1.38653814420104,0.0131434280933859
/confidential/automotive03/automotive03b,50,49,4902,0.03533328384161,0.0354856103658676,0.00119644292137093,0.114331844598055,0.111173996701837,0.00801044630451668,0.525215400904417,0.518158676102758,0.0487303626874043,0.0466519603133202,0.0467536319047213,0.00078929529080135,0.0362934412807226,0.0359210912138224,0.00151295167592954,0.0822916955500841,0.0818942096084356,0.00223420133314509,0.0585677701234818,0.0587236247956753,0.0015401891250847,0.155110552310944,0.153637254610658,0.00594336535645812,0.527353547811508,0.527292028069496,0.0016432680194423,0.0695208743214607,0.0693137161433697,0.0018336649661701,0.0770372025668621,0.0769351851195097,0.00150232893003287,0.126820495128632,0.126507014036179,0.00151468585632411,0.0881451094895601,0.0877083744853735,0.00144121707186783,0.287738119289279,0.286963356658816,0.00335861807896726,0.488689605742693,0.486325897276402,0.00953422077747067,0.088273786008358,0.0875481832772493,0.00213890872588517,0.106383851021528,0.106426170095801,0.00066105172820889,0.205855524018407,0.203593708574772,0.00773607039293769,0.0769351851195097,0.00150232893003287,0.126820495128632,0.126507014036179,0.00151468585632411,0.0881451094895601,0.0877083744853735,0.00144121707186783,0.287738119289279,0.286963356658816,0.00335861807896726,0.488689605742693,0.486325897276402,0.00953422077747067,0.088273786008358,0.0875481832772493,0.00213890872588517,0.106383851021528,0.106426170095801,0.00066105172820889,0.205855524018407,0.203593708574772,0.00773607039293769
/confidential/automotive06/automotive06b,53,50,5571,0.0337011145800352,0.0338198393583298,0.00125274694459959,0.117218417450786,0.117090359330177,0.00208805120660168,0.345355480909348,0.338797817006707,0.0278144519620899,0.046853067278862,0.0455546546727419,0.00254488233073076,0.0341487815976143,0.0340187456458807,0.00164806796601756,0.07450454197824,0.0745195038616657,0.00206525082765896,0.0420503650605679,0.0420717168599367,0.00127362123381324,0.122897224053741,0.123073061928153,0.00347550580310251,0.188327881172299,0.18732538446784,0.00429124824967652,0.0531411700695753,0.0531999599188566,0.00111484174055313,0.0538513904064894,0.0537576600909233,0.00182670472544753,0.0825795197486877,0.0825541131198406,0.00122417451382095,0.0867322940379381,0.0863440595567226,0.00222917233380258,0.287834080308676,0.28325180336833,0.0169639086893178,0.293423614427447,0.291956964880228,0.00873397578353928,0.0854396253824234,0.08496886305511,0.00168842374680218,0.100969375222921,0.0998991969972849,0.00330885657515923,0.198199011608958,0.19627864472568,0.00760705620916801,0.0537576600909233,0.00182670472544753,0.0825795197486877,0.0825541131198406,0.00122417451382095,0.0867322940379381,0.0863440595567226,0.00222917233380258,0.287834080308676,0.28325180336833,0.0169639086893178,0.293423614427447,0.291956964880228,0.00873397578353928,0.0854396253824234,0.08496886305511,0.00168842374680218,0.100969375222921,0.0998991969972849,0.00330885657515923,0.198199011608958,0.19627864472568,0.00760705620916801
/Smarch/busybox-1.18.0,24,51,6796,0.101092515960336,0.0876460336148739,0.0289726797260632,0.323354337885976,0.301063695922494,0.0481398126462341,33.8887715601176,11.2583321817219,53.3873160164254,0.101557211726904,0.0875268410891295,0.0303640421245845,0.0979237808287144,0.0855730921030045,0.0243913019348324,0.219029251858592,0.204617662355304,0.0318697628136666,0.0919052950292826,0.0918245483189821,0.00146160978828119,0.29462941609323,0.291003724560142,0.0121238713428149,0.835020615831018,0.833353724330664,0.00755828746292385,0.104357010126114,0.104121459648013,0.00102668819607884,0.112626783549786,0.111892834305763,0.00271647198861253,0.211859047338367,0.208029296249151,0.00991760625153649,0.122194314673543,0.121535882353783,0.00260456028488054,0.430173904597759,0.425633234903216,0.0186676724204616,1.00342445231974,1.00191551446915,0.00674652599117135,0.11928369872272,0.119065009057522,0.00104718780047477,0.130829915180802,0.12685970403254,0.0085633885850772,0.301114695742726,0.297925669699907,0.0103340389769405,,,,,,,,,,,,,,,,,,,,,,,
/confidential/automotive07/automotive07b,55,52,8649,1.18866783775389,1.21050898358226,0.176241348802166,3.89825999937952,3.94749563932419,0.614833921853533,1753.44728435174,1800,117.884297770874,1.2097318328172,1.21339355222881,0.176798189528516,1.18228407785296,1.19089552946389,0.18486853661385,2.17345405250788,2.20883621834219,0.328343173326221,2.22194985114038,2.21957563608885,0.0232556988988896,7.20557540208101,7.09575052559376,0.726091884062722,591.224869340733,588.833279155195,7.08420620891478,2.25644671976566,2.256207998842,0.00970259702871921,2.56377061650157,2.55910287611187,0.0236303307934485,4.65852549597621,4.65324620716274,0.0219135578156657,3.071478625983,3.07169011048973,0.0153369261509439,13.6267950305343,13.6204678397626,0.0305621617276178,310.487328919843,309.70021093823,2.76061539070442,3.1204812001437,3.11968284845352,0.0191065605876839,3.53656923361123,3.53796369768679,0.0130819702705376,8.74544428229332,8.73395993746817,0.0707726145058781,2.55910287611187,0.0236303307934485,4.65852549597621,4.65324620716274,0.0219135578156657,3.071478625983,3.07169011048973,0.0153369261509439,13.6267950305343,13.6204678397626,0.0305621617276178,310.487328919843,309.70021093823,2.76061539070442,3.1204812001437,3.11968284845352,0.0191065605876839,3.53656923361123,3.53796369768679,0.0130819702705376,8.74544428229332,8.73395993746817,0.0707726145058781
/Smarch/uClinux-config,42,53,11254,0.161443453207612,0.136949123814702,0.070723294465039,0.624837664291263,0.536254126578569,0.19391627303951,127.139565607384,35.745216563344,276.247104840624,0.18916061244905,0.154051607474685,0.0807595836875197,0.151199559941888,0.127471571788192,0.0585800117474289,0.369487537518144,0.332794826477766,0.0797260662176604,0.125372008308768,0.122203903272748,0.00674686322726088,0.45943584471941,0.456670457497239,0.0090744115441181,1.19724033720791,1.19601451046765,0.00374726803879028,0.141553431674838,0.138407617807388,0.00758490470228148,0.158390738740563,0.155595140531659,0.00773673838487019,0.320452256426215,0.316968241706491,0.00900488707654972,0.174451006501913,0.169995836913586,0.00870766346288279,0.708575685322285,0.706674363464117,0.00730918230317189,2.81206583917141,2.80544773861766,0.0191478553333696,0.172210611626506,0.168823819607496,0.00854855449560438,0.212289392277598,0.209845177829266,0.00830229056882758,0.501910919845104,0.495691915974021,0.0264786612475467,0.155595140531659,0.00773673838487019,0.320452256426215,0.316968241706491,0.00900488707654972,0.174451006501913,0.169995836913586,0.00870766346288279,0.708575685322285,0.706674363464117,0.00730918230317189,2.81206583917141,2.80544773861766,0.0191478553333696,0.172210611626506,0.168823819607496,0.00854855449560438,0.212289392277598,0.209845177829266,0.00830229056882758,0.501910919845104,0.495691915974021,0.0264786612475467
/automotive02/automotive2_4,45,54,18616,15.4269274525344,0.0202176850289106,41.4584653459449,65.0971190916002,0.0202774293720722,173.222687048992,289.008341661543,0.0183408465236425,666.181722275295,16.1048966087401,0.019887512549758,44.1198634082255,15.4340244351327,0.0201016217470169,41.2697591227464,40.7266600193828,0.0188474040478468,107.201589483581,0.956764682680368,0.956339310854673,0.00430595535839551,4.85609793506563,4.85572909750044,0.0131974264976022,103.488561296761,103.092926517129,1.49083073611602,0.979846696928144,0.979099983349443,0.00549193355659654,0.980950852707028,0.97935195080936,0.00741955308475728,3.01499698877335,3.00535673648119,0.0311469899377758,0.947380385771394,0.94630036316812,0.00394756931540885,6.07693933270872,6.07059325650334,0.0253683243951463,472.587528823018,471.929021622986,2.6026858851929,0.961035494804382,0.958854254335165,0.00616603704649106,1.01657302379608,1.0152283757925,0.00559607601955914,3.7043177536875,3.68057663552463,0.145735276322223,0.97935195080936,0.00741955308475728,3.01499698877335,3.00535673648119,0.0311469899377758,0.947380385771394,0.94630036316812,0.00394756931540885,6.07693933270872,6.07059325650334,0.0253683243951463,472.587528823018,471.929021622986,2.6026858851929,0.961035494804382,0.958854254335165,0.00616603704649106,1.01657302379608,1.0152283757925,0.00559607601955914,3.7043177536875,3.68057663552463,0.145735276322223
/Smarch/embtoolkit,27,55,23516,28.5836701597273,0.0211814660578966,39.1571900138255,33.6568176084012,0.0222276318818331,45.9149226755349,756.010104092509,0.0195907261222601,897.416201925181,27.7353540185839,0.0204848479479551,37.8337713173972,24.9094152572751,0.022316999733448,34.1558432210138,22.6883378314972,0.0208488460630178,30.8442828008815,1.50494398757815,1.50503225624561,0.0166229375536851,5.70706369452179,5.70068133808672,0.032843572460559,166.376078444794,166.00236508064,1.62675793099168,1.53536369241774,1.53697788529098,0.00999439148238787,1.96608132772148,1.96893855370581,0.0148100501918112,4.337047502473,4.3394563999027,0.0228850854218438,2.31819527432323,2.31891611032188,0.017864289615195,11.3212570013106,11.320055635646,0.0351082393855595,1800,1800,0,2.22811835810542,2.22617355175316,0.00963752295287589,2.94082911804318,2.96541719138622,0.0463653476035007,8.06592114962638,8.10408975742757,0.115282222098281,,,,,,,,,,,,,,,,,,,,,,,
