Model,OriginalIndex,Index,Features,C2d-all-avg,C2d-all-med,C2d-all-stdev,C2d-recdag-avg,C2d-recdag-med,C2d-recdag-stdev,C2d-rectree-avg,C2d-rectree-med,C2d-rectree-stdev,C2d-wocore-avg,C2d-wocore-med,C2d-wocore-stdev,C2d-wofold-avg,C2d-wofold-med,C2d-wofold-stdev,C2d-womark-avg,C2d-womark-med,C2d-womark-stdev,d4-all-avg,d4-all-med,d4-all-stdev,d4-recdag-avg,d4-recdag-med,d4-recdag-stdev,d4-rectree-avg,d4-rectree-med,d4-rectree-stdev,d4-wocore-avg,d4-wocore-med,d4-wocore-stdev,d4-wofold-avg,d4-wofold-med,d4-wofold-stdev,d4-womark-avg,d4-womark-med,d4-womark-stdev,Dsharp-all-avg,Dsharp-all-med,Dsharp-all-stdev,Dsharp-recdag-avg,Dsharp-recdag-med,Dsharp-recdag-stdev,Dsharp-rectree-avg,Dsharp-rectree-med,Dsharp-rectree-stdev,Dsharp-wocore-avg,Dsharp-wocore-med,Dsharp-wocore-stdev,Dsharp-wofold-avg,Dsharp-wofold-med,Dsharp-wofold-stdev,Dsharp-womark-avg,Dsharp-womark-med,Dsharp-womark-stdev
/Smarch/LLVM,16,1,11,0.0155533769726753,0.0147586893290281,0.00270967847638632,0.0151786737889051,0.0145567264407873,0.00276242482319166,0.0158202631771564,0.0155888460576534,0.00233697204696909,0.0160274112224579,0.0148317907005548,0.00228666837096066,0.0170015577226877,0.017991604283452,0.00194177427163811,0.0154587093740702,0.0150718595832586,0.00295636502294817,0.00486992821097374,0.00484399497509003,0.000231382245987265,0.00502226710319519,0.00508496351540089,0.00022813946325156,0.00469355590641499,0.00470485351979733,0.000116020950877063,0.00507103860378265,0.00507583282887936,0.000206188270886877,0.00500112697482109,0.00504561327397823,0.000218024898941201,0.00480765879154205,0.00478346645832062,0.000166888454017815,0.00487358137965202,0.004907650873065,0.000188441397802246,0.00402969479560852,0.00417820736765862,0.000352735725523317,0.00449032001197338,0.0045029167085886,0.000118306387181284,0.00429205723106861,0.00433604046702385,0.000333234750699342,0.00468846693634987,0.00466720014810562,0.000150288451621421,0.00587120203540371,0.00469101142138243,0.0055652763865118
/Smarch/X264,19,2,16,0.00494225531816483,0.0049821063876152,0.000255704767644884,0.00487238146364689,0.00484992191195488,0.0002229949140021,0.00427329450845718,0.00441341660916805,0.000340991080110774,0.00468483157455921,0.00467605143785477,0.000168346415889136,0.00443636015057564,0.00448331609368324,0.000205131532141422,0.00499653890728951,0.00500836968421936,0.000119631458709245,0.00502316989004612,0.0050300844013691,0.000220342643830173,0.00514936782419682,0.00517183542251587,0.000202020000505037,0.0048114475607872,0.00485623255372047,0.000213267132703013,0.00519907973706722,0.00524167902767658,0.000203959839100772,0.00509491123259068,0.00515743903815746,0.000290535330606528,0.00489590860903263,0.0048928540199995,0.000241031060073037,0.00453809916973114,0.00474636629223824,0.000479444313900475,0.00431909866631031,0.00439464300870895,0.000225821774158545,0.00464338421821594,0.00467015989124775,0.000124473577287469,0.00434536531567574,0.00433764979243279,0.000105358976784574,0.00472466982901096,0.00470529682934284,0.000203831324941995,0.00322896434402975,0.00451070763170719,0.0021911904607942
/Smarch/Dune,12,3,17,0.00492133051156998,0.00489727966487408,0.000201473122314465,0.00486973904073238,0.00487160496413708,0.000275058982226233,0.00469341412186623,0.00468708574771881,9.26950728432741E-05,0.00478379867970943,0.00478627532720566,0.000151171799274133,0.00462496966123581,0.0046416912227869,0.000164839513070326,0.00511912159621716,0.00514855794608593,0.000203198085989175,0.00520500272512436,0.00523649714887142,0.000185360263453931,0.00544316567480564,0.00546468980610371,0.000245987400553755,0.00509973756968975,0.00516635552048683,0.00022594650494682,0.00533358350396156,0.00534884259104729,0.000240320007840103,0.00532900579273701,0.00534689240157604,0.000260373990573863,0.00501324757933617,0.0051463320851326,0.000471857759786761,0.00500987470149994,0.00503110140562058,0.000155830023326629,0.00463151700794697,0.00462971813976765,6.6844952183214E-05,0.00483768500387669,0.00485582835972309,0.000119656219735996,0.00446142166852951,0.00448180735111237,0.000103643483100462,0.00485363952815533,0.00483438372612,0.000160898982680773,0.00334418046855388,0.00473860640078783,0.0022948242435688
/Smarch/BerkeleyDBC,11,4,18,0.00484694324433804,0.0048053003847599,0.000249698624947717,0.00483560755848885,0.00478063151240349,0.000287812593572457,0.00449872680008411,0.00455182045698166,0.000226331449796177,0.00470987796783447,0.00466254539787769,0.00025814970631703,0.00450172394514084,0.00461799092590809,0.000418849672703461,0.004930130392313,0.00500688515603542,0.000332174342050823,0.00498248249292374,0.00503136031329632,0.000354105461720709,0.00525945708155632,0.00534174032509327,0.00027379969645551,0.00460331834852696,0.00473995134234428,0.000563580261258066,0.00521116487681866,0.00522986613214016,0.000287789793869343,0.00525840722024441,0.00527192838490009,0.000205976060651221,0.0050398825854063,0.00506311282515526,0.000220924625101356,0.00496093057096004,0.00497058220207691,0.000174605902363768,0.00435776196420193,0.00449054874479771,0.000312397428150166,0.00472211174666882,0.00475270301103592,0.000182714604459793,0.00446056894958019,0.00444516353309155,0.000155275203779396,0.00474920637905598,0.00476169399917126,0.000228972326492428,0.00328676682561126,0.00461065463721752,0.00219338834534443
/Smarch/lrzip,32,5,20,0.00432442747056484,0.00429497100412846,0.000619926726812866,0.00419281490147114,0.00421051308512688,0.000672642528285322,0.00394230529665947,0.00392473675310612,0.000694188921609407,0.0043317736685276,0.00452498160302639,0.000652549332520859,0.00407048478722572,0.00419463589787483,0.000621460993282979,0.00449011757969856,0.00470957718789578,0.000736004386156088,0.0039978014677763,0.00382274575531483,0.000610175738362209,0.00471163846552372,0.00471655279397965,0.000768024048929533,0.00399299427866936,0.00402431190013886,0.000756407697436898,0.00514865383505821,0.00528449192643166,0.000500726339800784,0.0048230716586113,0.00507978163659573,0.000748422274127661,0.00414007425308228,0.00388219580054283,0.000830160451828672,0.00382649019360542,0.00370210409164429,0.00053751414679332,0.00422866933047772,0.00444937869906426,0.000507407296065903,0.00448870323598385,0.00468190759420395,0.000467024970638485,0.00414117507636547,0.00427549704909325,0.000703796362413345,0.00379638768732548,0.00369199737906456,0.000695792472715673,85.9662051563171,0.00436243787407875,354.708467440784
/Smarch/HiPAcc,13,6,31,0.00535196229815483,0.00533852726221085,0.000296774075516559,0.00599323585629463,0.00601422600448132,0.000430259459200316,0.00641761153936386,0.00637469440698624,0.000641517043272909,0.00510234452784061,0.00509678199887276,0.000184351853590594,0.00504386000335217,0.00504572875797749,0.000200417677397911,0.00578188963234425,0.00576014816761017,0.00035860909847764,0.00562391765415668,0.00558660924434662,0.000360675985493617,0.00609806075692177,0.00608882494270802,0.000502872737885969,0.00675393827259541,0.00673245266079903,0.000759100158884047,0.00566167414188385,0.00571449473500252,0.000462645717226614,0.00561735339462757,0.00567243434488773,0.000321783872688312,0.00567779570817947,0.00576246716082096,0.000523525314615451,0.00512903690338135,0.00520065426826477,0.000471889010890597,0.00546787463128567,0.00550482794642448,0.000409228571517341,0.00619956165552139,0.0062178373336792,0.000559402557822755,0.00492765516042709,0.0049220621585846,0.000174742738536757,0.00516353160142899,0.00519237294793129,0.000233903359823308,0.00387552370028067,0.00517795227468014,0.00255103855236546
/Smarch/JavaGC,15,7,39,0.00519473291933537,0.00523353926837444,0.000262695136187615,0.00539069920778275,0.00544384680688381,0.000350574405463311,0.00516028165817261,0.00513141788542271,0.00029452721480742,0.00484205015003681,0.00484484061598778,0.000157619603198606,0.00481788977980614,0.00481815449893475,0.000212893610464283,0.00538893833756447,0.00540041550993919,0.000319672593497985,0.00534091547131538,0.00539505109190941,0.000287946967626646,0.00582859449088573,0.0058730710297823,0.000396853008952203,0.00566391617059708,0.00571064464747906,0.000431093973632658,0.0054772724211216,0.00551196001470089,0.00025815673135774,0.0054772324860096,0.00550354644656181,0.000333897120455535,0.00560243241488934,0.00560239888727665,0.000277272450908828,0.00520653836429119,0.00527771003544331,0.000274220535881621,0.00498425044119358,0.0050391610711813,0.000390993893226205,0.00530330054461956,0.00534851849079132,0.00035948007092988,0.00466047070920467,0.00464081764221191,0.000136478338405415,0.00495132625102997,0.00494199432432652,0.000241039628657711,0.00357597224898763,0.00496778834611177,0.00239532866374866
/Smarch/Polly,17,8,40,0.00496630601584911,0.00509888492524624,0.000487513086584074,0.0050197721272707,0.00518423318862915,0.000789092029421314,0.00442006796598434,0.00466345623135567,0.000830526618539165,0.00401920989155769,0.00408235564827919,0.000726145251485235,0.00409395128488541,0.00415054522454739,0.000518004730089096,0.00521936871111393,0.0053897462785244,0.000564959311784675,0.00535504661500454,0.0053844265639782,0.000246120225804758,0.00591685101389885,0.00598114915192127,0.000466260057300397,0.0056482345610857,0.00567246600985527,0.000411066867420804,0.00547092378139496,0.00549322180449963,0.000304670791160842,0.00545383974909782,0.00546161644160748,0.000309567335602761,0.00556158609688282,0.00554515793919563,0.000264236810129207,0.00522939138114452,0.00524319149553776,0.000151467061726373,0.00517973318696022,0.00524062290787697,0.000247877982768098,0.00534535922110081,0.0053620170801878,0.000286547388111925,0.00466964207589626,0.0046529695391655,0.000144314358341483,0.00495613254606724,0.00497425720095635,0.000249380529048498,0.00352274356552057,0.00481288731098175,0.00229773135550843
/Smarch/VP9,18,9,42,0.00522455133497715,0.00525038130581379,0.000268703790867635,0.00549345545470715,0.00550207681953907,0.000331619820851599,0.00527642637491226,0.00533710978925228,0.000403944397371945,0.00492036171257496,0.00491387955844402,0.000155589405950468,0.00480045355856419,0.00482719019055367,0.000272326293692568,0.00533290408551693,0.00542393699288368,0.000515125269732782,0.00533413149416447,0.00538983196020126,0.000280859176673626,0.00598683141171932,0.0060283225029707,0.000411904130534057,0.00579942032694817,0.00576780177652836,0.000473183049769254,0.00549850381910801,0.0054748672991991,0.000265889692199058,0.00552294835448265,0.00556403584778309,0.000356141183125456,0.00567392870783806,0.00568964704871178,0.000354326742888182,0.00464148953557015,0.00492559932172298,0.000691983515650409,0.0051946122944355,0.00520565360784531,0.00030565704639911,0.00540467768907547,0.0054444707930088,0.000372780371571319,0.00475954368710518,0.00475500524044037,0.000150598799047603,0.00500290974974632,0.00500597804784775,0.000182735627957466,0.00361883509346995,0.00496425453573465,0.00239596618370238
/Smarch/7z,10,10,44,0.00520045034587383,0.00524361617863178,0.000370021030346904,0.00569655030965805,0.00569204613566399,0.000763810690744663,0.00621011555194855,0.00628202967345715,0.00110136978385552,0.00492145359516144,0.00496146827936173,0.000319974965308914,0.00437108315527439,0.00446227006614208,0.000670085066443167,0.00533391706645489,0.00537077523767948,0.000716462448915946,0.00545863926410675,0.00558743067085743,0.000499171655117562,0.0066093585640192,0.00648497045040131,0.000765044822121132,0.00600026033818722,0.00581135787069798,0.000990706897864198,0.0053044468909502,0.00549612566828728,0.000646552827346475,0.0056298541277647,0.00568896345794201,0.000466134005039826,0.00553008772432804,0.00555754266679287,0.000776332962770731,0.00524266801774502,0.0053182877600193,0.000302195935398971,0.0052565710246563,0.0053685624152422,0.000676588166135161,0.00544451773166657,0.00581279210746288,0.00129823656167298,0.00448745369911194,0.00464664958417416,0.000564087904800932,0.00509039677679539,0.00515454821288586,0.000391250186672263,0.00381689672368167,0.00519860811531544,0.00233043232595966
/Smarch/JHipster,14,11,45,0.00554180234670639,0.0055722538381815,0.000247924731684627,0.00602421313524246,0.00608130358159542,0.000428352702387465,0.00626738987863064,0.00622182339429855,0.000622935814666333,0.00513717107474804,0.00516864843666554,0.000175134591528429,0.00495113529264927,0.0049956887960434,0.000207702806874378,0.00583032585680485,0.0058300718665123,0.000338085999138482,0.00562577486038208,0.0056274626404047,0.000445775328721014,0.00643837064504623,0.0064658634364605,0.000625412259789066,0.00690014727413654,0.00663752667605877,0.000873712240752468,0.00578514888882637,0.00573408417403698,0.000277632341802702,0.00577184416353703,0.00583751127123833,0.000376709623957003,0.0060649049282074,0.00602740608155727,0.000425872648512422,0.00530868746340275,0.00542309321463108,0.000409400841352878,0.00565871439874172,0.00566499121487141,0.000434159179227974,0.00621029712259769,0.00627065822482109,0.000518891503914738,0.0050853742659092,0.00510432198643684,0.000199933867273295,0.00517961010336876,0.00520969368517399,0.000252092203927252,0.00393942481113458,0.00525919057428837,0.0025982709621494
/featureide_examples/berkeleydb,46,12,76,0.00545237712562084,0.00552922114729881,0.000859222717211803,0.00788632534444332,0.00745529495179653,0.00159703204795941,0.0121420154720545,0.0122376829385757,0.00246476906645674,0.00528725139796734,0.00542062520980835,0.000659127488676757,0.00547109715640545,0.00556950271129608,0.000670053882003316,0.00748550929129124,0.00752783566713333,0.00122605737022036,0.00597917020320892,0.0058954656124115,0.000830655805505004,0.0102140721678734,0.0102592073380947,0.00192539246724769,0.0135513117164373,0.014296468347311,0.00251856911068929,0.00619466744363308,0.00613676570355892,0.000811016375862626,0.00612263210117817,0.00604577362537384,0.000950441695816413,0.00885885126888752,0.00881378166377544,0.00145651739626427,0.00571174293756485,0.0057049598544836,0.000594201711755682,0.00984729669988155,0.00977473147213459,0.00176672670475602,0.0170694666355848,0.0172485467046499,0.0020255216703134,0.00510564967989922,0.00530632026493549,0.00123281581537869,0.0050829641520977,0.00508132949471474,0.000878437907765657,0.786301161571644,0.0196055766567588,2.20309361909063
/Smarch/axtls_2_1_4,23,13,94,0.00612689502537251,0.0061594657599926,0.000542615045674502,0.0101376686245203,0.0102956909686327,0.00148460778072177,0.016608494669199,0.0168293230235577,0.00269959741698149,0.00562073767185211,0.00553195178508759,0.000525442768536224,0.00569854155182839,0.00574355572462082,0.000453927976317724,0.0079148842394352,0.00743464380502701,0.00121596314552434,0.00646889537572861,0.00640899315476418,0.000664397457870768,0.0113593086600304,0.0108852926641703,0.00217700460763594,0.0156456151604652,0.0153293758630753,0.00206866498405293,0.00653351649641991,0.00635725818574429,0.00081220134910237,0.00670981049537659,0.00667165592312813,0.000739132007313582,0.0100325527787209,0.0103341359645128,0.0019167216904345,0.0060140148550272,0.00598325207829475,0.000474717553788765,0.0103182356059551,0.0101687368005514,0.00126701347397656,0.0172279629856348,0.0173613801598549,0.00249282929392622,0.00567250996828079,0.00564536638557911,0.000463844363791906,0.00576083734631538,0.00573289953172207,0.000530198517997112,0.00642250887393504,0.00587204471230507,0.0049979856635019
/KConfig/axTLS,4,14,96,0.00526379287242889,0.00541266798973084,0.0005144084001575,0.00719363108277321,0.00701200403273106,0.00115450608561669,0.00734201237559319,0.00706900656223297,0.00161144807756918,0.00461307771503925,0.00485977157950401,0.000757235233013739,0.00451008230447769,0.00469538383185864,0.000742528282154407,0.00634811870753765,0.00630480609834194,0.00105482595058971,0.00520492143929005,0.00531679019331932,0.000867383072300546,0.00775072060525417,0.00750611163675785,0.00118335678620058,0.00806174516677857,0.00788049399852753,0.0014157191040573,0.00573411509394646,0.00584316626191139,0.000566861348769682,0.00561707675457001,0.00564891286194325,0.000724115738398261,0.00692017905414104,0.00673985294997692,0.00110105262399852,0.00517595998942852,0.00525750406086445,0.000635397439303456,0.00762907184660435,0.00709741935133934,0.00141822139879768,0.00868298187851906,0.00879249908030033,0.00169189321288528,0.00462973639369011,0.00475900247693062,0.000643087072521008,0.00500517494976521,0.00515072792768478,0.000612940007439671,0.00444919412170274,0.00516334395855665,0.00272708760373542
/Smarch/fiasco_17_10,29,15,234,0.00998779155313969,0.00980919785797596,0.00139142408900329,0.0360300732403994,0.0368731394410133,0.00276191192730772,0.110979542136192,0.111296804621816,0.0142246004335836,0.010390065535903,0.0101095642894506,0.00153176348963837,0.0100896824896336,0.00999558530747891,0.00155856509725633,0.0265948291867971,0.0263572614639997,0.00264292872933936,0.0140073799341917,0.0137949958443642,0.00174897226870843,0.0560721024870873,0.0551988333463669,0.00470429060646246,0.155385693907738,0.154451392591,0.00295588213275603,0.0147503183037043,0.0139821581542492,0.00209958054184505,0.017326468154788,0.0164167303591967,0.0020406519001659,0.0355168743431568,0.0343883782625198,0.00256690039131223,0.00926333695650101,0.00931487791240215,0.00111828810420895,0.033480941131711,0.0337064750492573,0.00315587950685504,0.0785587480664253,0.0768266282975674,0.00766533470435653,0.00857992328703404,0.00887090340256691,0.00110523689929027,0.0098297505825758,0.00984659232199192,0.00115566027116092,0.0262504623872061,0.0100996233895421,0.0372569308753153
/Smarch/uClibc-ng_1_0_29,41,16,269,0.0142235232144594,0.0140803176909685,0.00183742324459277,0.0534797094762325,0.0534347109496594,0.00279952720654454,0.452448406368494,0.444238472729921,0.0576485460965962,0.0140497747808695,0.0137948095798492,0.00194619707138201,0.0139628425985575,0.0142297726124525,0.00224940671874918,0.0365193389356136,0.0366411544382572,0.00259116338222579,0.0161698231846094,0.0158905573189259,0.00162594679092346,0.0682132486253977,0.0680640544742346,0.00238641124487031,0.417743019983172,0.408784387633204,0.0414419961977797,0.0160133851319551,0.0154898595064878,0.00180153704348562,0.018042384237051,0.0175946783274412,0.00221936138517036,0.0460102014988661,0.0460772253572941,0.001053155765754,0.011787943020463,0.0117176175117493,0.0015920666704155,0.0593146904557943,0.0598453450948,0.00215582240782188,0.289918155670166,0.28722932189703,0.016358486900352,0.0118481505662203,0.011464037001133,0.00185859361384391,0.0109945587813854,0.0108565166592598,0.000694683927406911,62.9151860255291,0.0526959579065442,255.260483016361
/KConfig/uClibc,7,17,313,0.0154709270596504,0.0155603997409344,0.00298307737273315,0.076045276671648,0.0730965360999107,0.0160952870229472,1.21364393621683,1.14182355627418,0.32612766766512,0.0154867701232433,0.0151854641735554,0.00234218602093182,0.0147007923573256,0.0143788643181324,0.00225901004886135,0.0495769368857145,0.0481529477983713,0.00931786143246698,0.021592488065362,0.0221183709800243,0.00183264934764264,0.110270441547036,0.107249304652214,0.00660622659625504,3.47116966545582,3.4366148263216,0.233779088326813,0.0222678453475237,0.0221353434026241,0.00161436855548614,0.0228382103145123,0.0224574822932482,0.00158365915030289,0.0691873256862164,0.0674764309078455,0.00613086464182159,0.0129565705358982,0.0116167142987251,0.00238048113979363,0.0850547303259373,0.082851929590106,0.00686395317597217,0.497051113024354,0.488655464723706,0.0472843687844263,0.0142842403799295,0.0142791550606489,0.00236839173616253,0.0150337610393763,0.0153260715305805,0.00215788850282419,0.239637319913274,0.0188438875441546,0.706855902297652
/Smarch/toybox_0_7_5,40,18,316,0.00677241884171963,0.00688452087342739,0.000828323906195833,0.0271504660695791,0.0276728086173534,0.00219183752187729,0.0367284119129181,0.036447249352932,0.00556976700096672,0.00663179904222488,0.00657854415476322,0.000763650349174053,0.00776012696325779,0.00792866200208664,0.00124749879392126,0.020127055644989,0.0197407379746437,0.00221395662835299,0.00703305490314961,0.00672357343137264,0.000982234606266516,0.0274562153965235,0.0265414826571941,0.00203143852704916,0.0293571151793003,0.0296645443886518,0.00257722731519044,0.00688759095966816,0.00688416510820389,0.000938374290149494,0.00889651477336884,0.00877148285508156,0.00129563126405736,0.0208184767514467,0.0199300926178694,0.00223524796315642,0.00665904879570007,0.00657229870557785,0.000652650651586126,0.0279015882313251,0.027680991217494,0.00223008201693889,0.0283463823050261,0.0279286056756973,0.00333761815862939,0.00664213560521603,0.00663534738123417,0.000776583830220549,0.00752115353941917,0.00712763145565987,0.00120195296636741,0.0317238021480952,0.00732439249753952,0.0871648713808095
/KConfig/uClinux-base,8,19,380,0.0183005944639444,0.0181313753128052,0.00237710418770093,0.0987617284059525,0.0964599438011646,0.00872364580361636,2.5596381533891,2.60123081505299,0.603359449922403,0.0185967078059912,0.0182808451354504,0.00243044893473357,0.0181022684276104,0.0179168563336134,0.00213891495204217,0.0705432570725679,0.0698355883359909,0.0072688819396756,0.0161708030104637,0.0159753002226353,0.00169686691784819,0.0851518919318915,0.0851734913885593,0.000770555294254144,0.390084493234754,0.389303354546428,0.0034346345938863,0.0161501844227314,0.0158051382750273,0.00181171071578747,0.0172296169400215,0.0171065591275692,0.000702203705914274,0.0651266723126173,0.0651906970888376,0.0012237122768292,0.0155454309284687,0.0154958423227072,0.00173141410184459,0.108149909079075,0.104708207771182,0.00840558986849779,0.799725790992379,0.796582389622927,0.010967205632004,0.0146319898217916,0.0141805242747068,0.00204111892877134,0.0188692504167557,0.0188591610640287,0.00210361326015491,0.186678026178095,0.0171680880337954,0.526780851651571
/confidential/automotive03/automotive03a,49,20,384,0.00742853403091431,0.00733745656907558,0.000962690939609581,0.0328606491535902,0.0330120027065277,0.00318883022525287,0.112594143748283,0.105347981676459,0.0241023479950375,0.00719404734671116,0.0070822611451149,0.00091970986952628,0.00707826897501946,0.00703621469438076,0.000840070961166833,0.0259820209443569,0.0258210767060518,0.0024442845092534,0.0102568611502647,0.0101085267961025,0.00158534887074453,0.045006503239274,0.0450757648795843,0.00420170096640276,0.116282304003835,0.11300047300756,0.0111477354478626,0.00985261470079422,0.00960963033139706,0.00149413197077079,0.011320151463151,0.0106573849916458,0.00192147121448516,0.0340827883780003,0.0340208634734154,0.00291099775809231,0.00856184266507626,0.00870092771947384,0.00116155481779957,0.0447272600978613,0.0457685329020023,0.0028371410380604,0.215741680264473,0.214586365967989,0.00824053543425388,0.00820762179791927,0.00829083286225796,0.0011262765791242,0.0102062040567398,0.0101630333811045,0.00120359579160125,1.42401096324825,0.0290666900202632,4.15265376503422
/confidential/automotive06/automotive06a,52,21,449,0.00743256695568562,0.00722777098417282,0.000839891548572404,0.0456287345290184,0.0454396232962608,0.00391796894274553,0.1047350654006,0.106074983254075,0.0106750644406684,0.00734142184257507,0.00704914145171642,0.0010649131594226,0.00746496297419071,0.00728935934603214,0.00106754009584421,0.0338275189697743,0.0338980592787266,0.0042139303356127,0.0102130772173405,0.0096204299479723,0.00180675343874556,0.0660554376989603,0.0645815432071686,0.00749005962414853,0.125672200471163,0.122669205069542,0.00707308815636596,0.0111866043508053,0.010891180485487,0.00166067973474581,0.0119419108331203,0.0117249488830566,0.00181373858134585,0.0471780562400818,0.0453590545803309,0.00408458031828451,0.0146141408383846,0.0140546001493931,0.00206257538614432,0.0817072349786758,0.0790347810834646,0.00976330948120202,0.850064513385296,0.844527881592512,0.0123737532656735,0.0144912249594927,0.0138946250081062,0.00173032018220917,0.0185241045057774,0.0183214377611876,0.00202037248391626,1.56335439517121,0.0662309661135078,5.44562603410001
/confidential/automotive04/04,51,22,531,0.0285025719553232,0.0283453818410635,0.00393766422324162,0.184507945105433,0.189324235543609,0.0193868779131981,16.9143136938661,20.6826310493052,10.6105896992556,0.0287697347998619,0.0293636452406645,0.00428432582695907,0.0273495269566774,0.0272706057876349,0.00394579412934269,0.112144276797771,0.116625914350152,0.0132963048020708,0.0215917985141277,0.0214906968176365,0.00132292325073569,0.180612903237343,0.179527508094907,0.00802422635522893,1.03663399286568,1.03307325020432,0.0108473776234541,0.0219765369594097,0.0216700006276369,0.00166427259059897,0.0238063907623291,0.0239098649471998,0.00226786457417778,0.114973989129066,0.11374638043344,0.00401533644865112,0.0141490462422371,0.013730775564909,0.00182320261974185,0.126221806108952,0.125731429085135,0.00874557808783669,0.779704023301601,0.778773354366422,0.00771195185436348,0.0144828448444605,0.0142223685979843,0.00182057656680754,0.0171444661170244,0.0171741619706154,0.00249627844440633,0.370062045386933,0.0158136554807425,1.13313234253544
/Smarch/toybox,39,23,544,0.00676078908145428,0.00677432492375374,0.000751864094893885,0.0340614081919193,0.0337497424334288,0.00221870844333057,0.0540205544233322,0.0567845571786165,0.00844053661633471,0.00643036454916,0.00626667216420174,0.00106068534064728,0.00611296348273754,0.00607969239354134,0.00101767337813195,0.0132442025095224,0.0128125641494989,0.00267967919067154,0.00668729960918427,0.00674606487154961,0.00107333903330548,0.0357720670849085,0.0343109760433435,0.00335632305546966,0.0397552820295095,0.0395069289952517,0.00528441449375877,0.00744547612965107,0.00721681863069534,0.00119721271206306,0.00808061599731445,0.00778672099113464,0.00166988517320365,0.0152509336918592,0.0154897850006819,0.00236943996732661,0.00722279042005539,0.0072102639824152,0.00105633835658352,0.0614208103716373,0.0581041350960732,0.00935194746783439,0.0637749058753252,0.0616963244974613,0.00876342409203816,0.00739592090249062,0.00732447579503059,0.00107089618064454,0.0097386509180069,0.00936827808618546,0.00213429145369763,0.0154219690762871,0.00742069851607084,0.0177382033845788
/confidential/automotive07/automotive07a,54,24,581,0.071516690403223,0.0702003948390484,0.0136258121375182,0.439949690923095,0.434173204004765,0.0724405409497169,28.8226512418687,24.6181829795241,10.8061137453156,0.0700172492861748,0.0679511558264494,0.0131325377345323,0.0645107764005661,0.0643039718270302,0.0117246971419839,0.285750628113747,0.290374474599957,0.0395836318601341,0.0784023708105087,0.0772575102746487,0.0027856817470726,0.660259575843811,0.656836379319429,0.0109884984208394,11.1248452731222,11.1254060417414,0.0465316124455629,0.0724179946631193,0.0692600328475237,0.0060238310366344,0.0885258416831493,0.0857291910797358,0.00655410537971652,0.453266503065825,0.448859283700585,0.0142749642429459,0.0649441239982843,0.0641532465815544,0.00543639012818656,0.522478855997324,0.519920008257031,0.0100066623717447,51.4249025757611,51.3049884717912,0.35154693960815,0.0628467436879873,0.0601378493010998,0.0051220633550297,0.0829570905119181,0.0830356571823359,0.00462755437111991,131.298526180487,0.519920008257031,434.206335909327
/confidential/automotive03/03,48,25,588,0.0203783130645752,0.0202064272016287,0.00309864072003725,0.157994573563337,0.15390726365149,0.019858555193305,8.16664160571992,8.17304588481784,0.779372816119939,0.0208139804005623,0.0208449978381395,0.00327666249623985,0.0194287926703692,0.0197823606431484,0.00253436321899737,0.101910162940621,0.0967302154749632,0.0146243147487694,0.0336513962596655,0.0333845615386963,0.00171928938298742,0.266256044283509,0.263380726799369,0.00813369138622113,10.3286268131435,10.317185472697,0.0401961658622007,0.0310606937855482,0.0308008342981339,0.00233972055018125,0.0343373421579599,0.0336423460394144,0.00229108647667203,0.170615244880319,0.169561652466655,0.00464932329540119,0.0230078844726086,0.0225693751126528,0.00244842201434493,0.238386697396636,0.239370200783014,0.00592267962432726,8.18965726919472,8.17572416551411,0.0731229968956363,0.0230641493201256,0.0232978668063879,0.00221518879854073,0.0270835598558188,0.0268551874905825,0.00202091817892669,0.758835727479467,0.0265691867098212,2.15548376134911
/Smarch/axTLS,22,26,684,0.0103565572947264,0.0101533364504576,0.00161521378189792,0.0772564586251974,0.0760961081832647,0.00503486055322886,0.365016483068466,0.347294377163053,0.0745666360535939,0.0100910688191652,0.0101562570780516,0.00204501442563224,0.00856520891189575,0.00864808633923531,0.00161609491537663,0.0323464515805244,0.0327217094600201,0.00270855903811888,0.0111247909814119,0.0106178373098373,0.00207017575291093,0.0955750904977322,0.095578184351325,0.00546518016721366,0.317750905901194,0.31577237136662,0.00538395961499912,0.0120576601475477,0.0113424565643072,0.00253023395241843,0.0136102700978518,0.0129323527216911,0.00225449801788674,0.0359896293282509,0.0354122091084719,0.00281488768266142,0.00980434596538544,0.0100129917263985,0.00178216161327008,0.108738625645638,0.108563972637057,0.00569449636340441,0.189655622914433,0.187837416306138,0.015966652706487,0.0100532758980989,0.00981180183589459,0.00167435959722777,0.0146506716310978,0.0145670752972364,0.00247892347843403,0.0549101402325542,0.0108713141456246,0.094917129443537
/financial_services/financialServices_2018-05-09,47,27,771,0.0793556854128838,0.0760438684374094,0.0110939409323734,1.04768861532211,1.03276420198381,0.0921367646597731,41.0368735776842,38.2534028254449,15.711644533635,0.0851088243722916,0.0835807528346777,0.00983586167979701,0.105744424164295,0.103725474327803,0.0134941870625721,0.731687183454633,0.720760414376855,0.063162661799818,0.11283947147429,0.11299529671669,0.00224456407314314,1.28628372661769,1.28338830545545,0.0134529742233172,8.05161777317524,8.03419443033636,0.0540506062027483,0.101822288259864,0.100583778694272,0.00420330214548935,0.201914856061339,0.200955590233207,0.00501001153941663,0.938570109456778,0.937586851418018,0.00684181337367618,0.162841777950525,0.160708025097847,0.00678172656816333,1.94349461808801,1.93691073730588,0.018577707563308,15.0539535664767,15.0211971905082,0.109151535314216,0.161369774118066,0.161148894578218,0.00628492718815932,0.344006874710321,0.343153698369861,0.00867577377703265,1.15227786582167,0.032936325930059,3.51994791561144
/KConfig/busybox-1.18.0,5,28,854,0.0173214361071587,0.0165383387356997,0.00210790215833386,0.267936664745212,0.266378285363317,0.00885923719669913,1.06109699331224,1.04037918336689,0.15570354345763,0.0164020789414644,0.0159661173820496,0.00215042431273274,0.0198875147104263,0.0193100292235613,0.00269389910854096,0.168069819658995,0.166634008288383,0.0060735366554245,0.0183520425856113,0.018238790333271,0.00225190944451427,0.255033238306642,0.252399319782853,0.00947011015007788,0.555537955835462,0.551071362569928,0.013255450757314,0.0180841846764088,0.0178153961896896,0.00251848743640948,0.0206431962549686,0.0200794283300638,0.00260576538839646,0.166890052631497,0.161902412772179,0.00949252434171946,0.0159497890621424,0.0153927002102137,0.00225676641655719,0.298193694800138,0.296644335612655,0.00719266488978478,0.610025173872709,0.60072891227901,0.0477280485586485,0.0151694606989622,0.0147968884557486,0.00212532624131945,0.0224967943131924,0.0217485353350639,0.0024157425150767,0.146093880753317,0.0182954164594412,0.250618274958849
/Smarch/busybox_1_28_0,25,29,998,0.0894556487351656,0.0825916230678558,0.0228136431566538,1.16583203315735,1.1478273216635,0.195569157887625,297.195942202508,222.76686902158,198.530262190566,0.0893041805177927,0.0859298352152109,0.0214626813684905,0.108573143929243,0.10268740914762,0.0240144079489386,0.800948805585504,0.78660979680717,0.1379150950016,0.0582290285080671,0.0579590164124966,0.00156782668969322,0.777994780763984,0.776644572615624,0.00618436409282085,20.4900479675829,20.5101548116654,0.414944368377942,0.0530679216235876,0.0522523000836372,0.00345980588111022,0.0716173876076937,0.0719964802265167,0.00451608195661189,0.498014295250177,0.496594088152051,0.00658942252955439,5.68902235276997,5.68906265683472,0.0361644559546703,109.536371507645,108.881570769474,4.67090357712866,1800,1800,0,5.45637792974711,5.4549466073513,0.0388610566773504,6.5054348012805,6.49807829037309,0.0464560704134282,92.5224047428956,0.305256763132783,357.264993083943
/CDL/am31_sim,1,30,1178,21.0377564397454,14.3785129543394,14.8091874283125,73.2083094704896,58.2144354395568,44.5658218941503,1800,1800,0,21.9639377637953,15.8623031824827,15.3520987794774,19.7099998804182,14.1444871947169,13.7293122619017,42.0290768202394,33.0840989705175,26.1381579106667,3.57559923432767,3.51948026753962,0.595501612186329,29.5768692100048,29.5156920254231,0.455837724080701,1196.07601229131,1186.67458853312,88.5127913089104,4.88609289370477,4.87965586036444,0.0802203288087757,5.83232485570014,5.80761892534792,0.0977898673895275,19.3149689406902,19.3267147894949,0.10412576480169,14.2968273477256,14.7389842942357,0.760980735036518,108.474842705876,108.59238771908,0.828581648838785,1800,1800,0,13.6444137390703,13.6165053732693,0.136348332466421,17.2082449992001,17.1959089338779,0.0663354910297174,210.31163971408,15.080643103895,527.58808743521
/KConfig/embtoolkit,6,31,1179,0.0397187492251396,0.025908874347806,0.0454868164589072,0.695717604905367,0.504945104941726,0.647342772573564,20.9768255213648,3.57689171098173,30.6085796027846,0.0396723838895559,0.025265745818615,0.0466683408747593,0.0425989428907633,0.0301349200308323,0.0418781183650707,0.386407326757908,0.278680048882961,0.364953304172242,0.0238941749930382,0.0235213618725538,0.00265970790763831,0.466985575929284,0.464297499507666,0.0118898999084959,1.25100161671638,1.23015274293721,0.114354630358546,0.0246551635116339,0.0240057148039341,0.00202940655468986,0.0339608066529036,0.0335247907787561,0.00225500432730604,0.248826505765319,0.247280573472381,0.00818979568053409,0.0262499099969864,0.0265470389276743,0.002571727990421,0.957698483169079,0.956147132441402,0.00700929158602509,1.09067464195192,1.06996251828969,0.114033004693197,0.0252552749216557,0.0242845881730318,0.00262782895832293,0.0397164016216993,0.0403353124856949,0.00279336405917796,1.33874697261971,0.0411067154253828,5.16949791230085
/Smarch/ref4955,37,32,1218,22.6491057874262,21.1234061010182,7.78172852064568,64.5380619694293,63.7190466932952,21.3321166714918,1800,1800,0,22.0398249361664,20.5589945800602,7.65931637992775,21.5128604704142,20.4718810711056,7.01338057936618,42.331569146812,40.511030709371,12.8258041347229,39.110806536004,39.1477750204504,0.84390461539493,221.211894487366,224.675466323271,6.2785405348596,1800,1800,0,38.6013265939802,38.8863860219717,0.565348788188922,43.1243207804114,42.9366771560162,0.532276866339584,145.742217601314,147.302403301001,2.53337986735345,95.2837794862688,95.2012939695269,1.09993336003658,622.955130155459,620.18288622424,6.58539523408359,1800,1800,0,90.9890178651363,90.9479281213135,0.945915892030071,108.41897278443,107.549040021375,1.59224682398499,286.177066078708,41.0422260882333,578.105329034628
/Smarch/ecos-icse11,26,33,1244,35.2932047103345,33.6265703774989,11.1447282327701,114.771537768468,108.458338953555,35.6935619178254,1800,1800,0,33.3813993353397,31.4950286243111,10.719765843599,32.3216409037262,30.5478795375675,10.136095057554,67.638646376282,63.5887260809541,21.0951172409019,17.5414957486093,17.5553472880274,0.134945769900997,125.921072540283,125.745710005984,1.18828186925594,1800,1800,0,17.4331066553295,17.3687120378017,0.505986493982454,19.3912248734385,19.5113984402269,0.305943950259563,77.151043381989,76.9784620963037,1.00696907582319,464.984335899428,466.630463212729,5.84839479256983,1800,1800,0,1800,1800,0,438.620086956024,426.64984424226,17.9758285229628,527.816845130399,529.023898856714,7.31416404177345,368.144451962649,32.8515201195329,648.342942688644
/Smarch/pati,35,34,1248,26.2810961253941,26.1298155542463,8.63646720263737,89.2157515868545,87.8496316485107,28.3340424511713,1800,1800,0,25.2782783197612,24.8079106397927,8.35554322448719,24.844863057062,24.204628797248,8.34897221781299,55.0363954600692,54.5335932858288,17.2525496471278,18.799193103686,18.7963528297842,0.0812297748265573,87.6907328891009,87.649448543787,0.327241565922872,1800,1800,0,18.5242357622832,18.5269859451801,0.0573733489827975,20.4252588815242,20.3713217899203,0.197874274319317,57.6460059525073,57.6293117981404,0.197254195671811,109.317144829631,109.135172201321,0.763318761069947,705.877521275654,703.812970014289,9.76732114019092,1800,1800,0,111.821317996979,111.748964436352,0.688804875706541,123.175026933625,122.225273299962,1.97264207234726,279.65809486875,30.8558234627917,583.347689381956
/CDL/p2106,3,35,1262,22.9290600168705,19.6196010969579,12.1928891423731,89.7440173190832,79.791692243889,43.6839099295151,1800,1800,0,22.5564755968004,19.1670782342553,12.0466046769653,20.8207421191782,17.8847158756107,11.2344625059095,51.3595796015859,45.0104735698551,25.4213165317721,11.2323975784332,11.2223848495632,0.0759633349758342,85.8577922499925,85.8328688982874,0.865941855379013,1800,1800,0,11.500016707629,11.4849284477532,0.104808464685541,13.612036485523,13.6617162339389,0.168734575241852,52.8305419824272,52.8854235671461,0.248378939484558,24.9259039995074,25.030051600188,0.371613319680659,181.718264387026,181.659828050062,0.848524382029812,1800,1800,0,23.5017384121567,23.5071150660515,0.0913354801334931,28.9310474489629,28.9355475809425,0.0698534906744245,242.834166316633,21.6886088579893,582.16550944569
/Smarch/integrator_arm9,31,36,1267,52.1904537575692,36.132699418813,63.3284753174116,180.857347531542,124.075434202328,221.08159002696,1800,1800,0,50.3691876021773,35.0708002224565,60.1840089386947,47.2740576522797,32.8340656533837,56.1106910620054,107.576321793571,72.4135845694691,135.151082661442,8.49807440310717,8.48052204214037,0.301958508309206,62.3783726491779,62.3389391452074,0.209949910320542,1800,1800,0,8.47669119268656,8.46935117430985,0.0724842370716375,9.98306523501873,10.0599517654628,0.180051351757554,38.4759643614292,38.4762614406645,0.135297428677428,213.75505802989,214.206355754286,1.65751488106365,1354.14111230165,1342.02078153752,39.3945997184718,1800,1800,0,208.517775353566,207.399834746495,3.2667372831033,236.969919670671,239.799947878346,4.45373360042878,230.44342378571,2.46212608208347,539.161292064663
/Smarch/olpce2294,34,37,1274,33.5308992295712,26.6355328895152,15.75686826291,116.603718264997,109.420595373958,50.5937523077787,1800,1800,0,32.2532906954736,25.4750488381833,15.4498575958647,31.849760883525,26.2099096216261,15.1643570683019,69.8656416466832,65.7884425427765,30.6646951865751,23.2569639229029,23.233813546598,0.153285034337403,118.3094768022,118.809751709923,1.99985029171901,1800,1800,0,23.0314445199072,23.044601643458,0.0974210026581361,26.2572274470329,26.2482271827757,0.0702338712449221,76.4403477242589,76.3133490029723,0.572197379155603,223.853460082263,223.496177136898,1.9164685069061,1413.55986158937,1408.77102423273,15.5131909439541,1800,1800,0,227.750117972568,227.522754956037,1.47518755022408,254.165090615675,254.532157305628,4.7295493306789,321.559033487934,26.189021368511,617.029904427527
/Smarch/adderII,20,38,1276,27.844418862462,25.6177597232163,14.6650403159009,98.6096539033949,94.0783613156527,44.1870674414709,1800,1800,0,27.0679597367346,24.8619814086705,14.2845358533374,25.1612170492858,23.4119055215269,13.3209482343664,59.6121424999088,57.4787323754281,27.3327056746414,25.6731212041527,25.7901288829744,0.361801922468327,154.994889935106,154.728635272011,5.78607833132794,1800,1800,0,25.4213260227442,25.403720472008,0.141231756633111,29.5524636567384,29.5119675789028,0.141253196781924,98.3605262493342,99.3443389460445,1.72717328196244,173.872001308724,174.280417302623,2.00542547875745,1130.04967664033,1124.83461959101,13.0484301236121,1800,1800,0,171.065898494646,171.860144723207,2.83630202624305,198.963328468129,199.707707360387,2.34849940097384,307.830022373627,28.4223366267721,598.419392642199
/Smarch/at91sam7sek,21,39,1296,20.5362654993683,18.9565470665693,8.31394800754115,84.9284473225474,84.1476156245917,33.595154639681,1800,1800,0,19.4606301759928,18.1819620318711,7.89771267122106,19.5009155996889,17.9233796186745,7.87718203529098,49.6806592430919,49.0358360651881,19.7004702576726,12.4913082452863,12.4927145708352,0.0476382453222388,80.3116339145601,80.2261600587517,0.607673657873553,1800,1800,0,12.3071413446218,12.3067750651389,0.0800064494333725,14.7111814701557,14.7068286426365,0.0567498241106207,50.9630845379084,50.9689354915172,0.118166340791094,199.603103038371,199.680610110983,0.870868737762228,1290.8319152125,1291.3202227708,6.30673266599767,1800,1800,0,192.25732902132,191.60146699287,3.45781745887195,223.65323152177,225.005465092137,3.3150181873418,308.190004780586,19.4807728878409,611.464896452815
/Smarch/se77x9,38,40,1319,35.3109129552543,30.118110826239,15.3712266712986,124.020961265638,104.531904185191,59.8592601915437,1800,1800,0,34.25684902668,29.1047047935426,14.9484873789172,33.7497812557966,28.7519527748227,14.9062020495596,80.429534496516,68.778167527169,36.7818970606761,22.001116495207,21.799538044259,0.362012242669714,143.358879138902,144.977083683014,3.13319943323322,1800,1800,0,22.2143826112896,22.2208951804787,0.0680083792210462,26.5481126809865,26.4354386478663,0.907234435038159,92.9813814423978,93.4425263237208,1.74721317647576,202.311792538464,202.805264538154,2.50023903572958,1233.61103330553,1230.37293951027,10.2507440860341,1800,1800,0,186.740708798692,186.759824195877,0.917215980741133,222.31223738052,220.776571398601,3.93924553051711,230.514946888147,2.8167192344814,527.82131993833
/Smarch/m5272c3,33,41,1323,34.4339295509458,33.6495012957603,13.8569364458705,130.922100171223,126.842958319932,48.5317686928982,1800,1800,0,34.0019132985175,32.9742751512677,13.7978502614823,32.9714234742522,32.2432857640088,13.3617247743212,78.9480999773741,76.3514821510762,29.7549059619616,20.7918049887568,20.6122747547925,0.368453806266467,157.4569740922,157.356236105785,0.642414487798563,1800,1800,0,21.0862408696115,21.0792317911983,0.0959143452389119,24.7803325807303,24.3968568537384,0.98795390166725,98.5962930679321,98.4636895619333,0.680998654265618,171.213890034407,170.758759196848,1.36692986570167,1038.70074035309,1031.44492375851,16.9546043853916,1800,1800,0,174.029687671438,174.074899623171,0.653972426647236,202.234281714335,202.854300376028,1.53732052231436,305.299029019359,31.2572280350501,593.138107813601
/Smarch/phycore229x,36,42,1360,31.4759723050892,28.2676630429924,15.986782285012,124.800926270261,113.619472971186,59.8161255772803,1800,1800,0,30.8244249815494,28.1354330405593,15.7222273648741,30.8872219440341,28.3189009521157,15.6365386466029,72.2042064089328,66.1505363360047,35.3089851233066,35.933972292915,35.8892120104283,0.140326174831597,235.80476676248,235.588317617774,1.49953506865239,1800,1800,0,35.6786185202748,35.5667264591903,0.753484675883466,40.2822274399549,40.0953608825803,0.50514979531839,147.7630292961,148.687152678147,2.01389041888528,218.676437807083,215.588734190911,5.47436741766293,1487.66438433848,1485.28825905919,11.461494510831,1800,1800,0,217.377809241116,213.82627209276,6.12593724319279,259.229779450446,259.100895462558,1.04899939132195,331.009683245256,35.9115921516717,620.742594925336
Smarch/freebsd-icse11.dimacs,30,43,1396,1800,1800,0,1800,1800,0,1800,1800,0,1800,1800,0,1800,1800,0,1800,1800,0,31.3927583176643,31.0938728433102,0.515869348394925,157.787707474306,157.702987136319,0.762661243480183,1800,1800,0,31.4699814727157,31.4408348333091,0.149252699222604,34.2102250062674,34.2192227747291,0.0793418999323616,100.815698953569,100.373678753152,0.966398688591421,362.361145419478,363.544356264174,6.65482474281316,1800,1800,0,1800,1800,0,358.204341327846,360.988140264526,5.62552817526989,416.344366117939,416.085801523179,3.02593335955465,372.565485505846,61.7562421280532,640.087781626664
/CDL/ea2468,2,44,1408,32.4072382333875,27.7053166832775,20.888952821492,123.264918497726,110.246958199888,60.8869471650281,1800,1800,0,32.5317111383379,28.0343836490065,20.9153642392868,29.1955786619335,24.8399743922055,18.1635815666404,68.039167349264,60.1200085543096,35.628176238056,36.2062560085207,36.2298149783164,0.163535102705215,257.513734755665,255.967464411631,4.13015321068466,1800,1800,0,36.7280715312064,36.726828251034,0.122524394637094,43.3484084284306,42.9696446675807,0.760090491720155,157.986685936004,158.83029589057,2.54992321636351,54.4058438508958,54.6515115611255,0.694883188052009,395.04050982751,395.489155648276,2.03442972909557,1800,1800,0,51.9991525989771,52.0128084737808,0.444967517744052,62.3792381188273,62.3748673051596,0.3124176699652,273.250685118419,39.8488580993935,576.322949409282
/KConfig/uClinux-distribution,9,45,1580,0.0317618364095688,0.0306198485195637,0.00240143333762033,0.743156132698059,0.740302173420787,0.0368054621322885,2.02276083290577,1.99863553792238,0.174991736675619,0.0320211386680603,0.0330185070633888,0.0028938549631503,0.0645926058292389,0.0652073230594397,0.00253564956358963,0.462758816182613,0.460095481947064,0.0102981525878994,0.030362661704421,0.0295689851045609,0.00230143271039636,0.66356585085392,0.663164203986526,0.0087644755031488,0.803181472420693,0.801360780373216,0.00852046241218706,0.0330648797750473,0.0335678923875093,0.00189228969138657,0.0532289465516806,0.0533834304660559,0.00346183277187199,0.42283624202013,0.42034231685102,0.00784529936750828,0.026326314881444,0.0270220283418894,0.00191753774611972,0.642445136830211,0.643069263547659,0.00924916907759344,0.721512279286981,0.717206321656704,0.012595024050218,0.027290678024292,0.0284411441534758,0.00273689541763273,0.0592152623087168,0.059115182608366,0.00393820377239907,0.27811177168263,0.0333163860812783,0.456088585659149
/Smarch/fiasco,28,46,1638,0.0165136468410492,0.0169095285236835,0.00315346015569915,0.354228373989463,0.353598386049271,0.0204179259880419,1.14706476688385,1.12771302647889,0.156097481125835,0.018828664124012,0.0193193163722754,0.00283903255546433,0.0191828042268753,0.0193553995341063,0.00278690732631074,0.109607425555587,0.109646234661341,0.0106600039008594,0.0200823727250099,0.0200332123786211,0.00246974664768032,0.391268309056759,0.38940261118114,0.007599619470961,0.789088547304273,0.771511362865567,0.0982632178837587,0.021187797114253,0.0211461428552866,0.00284241393860601,0.0331555199623108,0.032227786257863,0.0027327283228299,0.120294024795294,0.117358336225152,0.00718362883182175,0.0213460502773523,0.02149279974401,0.00213964127334735,0.578042672127485,0.574384361505508,0.0112461395281745,0.797499718591571,0.796074708923698,0.00886449866537415,0.0204594635218382,0.0201038643717766,0.00217513820520295,0.0446732779592276,0.0433929841965437,0.00370533338085201,0.185697135350814,0.0211669699847698,0.308672962986625
/Smarch/uClinux,43,47,1850,0.0113327591866255,0.0112798269838095,0.00198889951369053,0.321004611179233,0.317821357399225,0.00936677439842538,0.35954214528203,0.35568823851645,0.00999636006824299,0.0145138873904943,0.0141241997480392,0.00214428817777024,0.0108468918502331,0.0108858197927475,0.00146552218709133,0.0878561621904373,0.0853316932916641,0.00775667963711462,0.0135853668302298,0.013258496299386,0.001926289450951,0.336008351817727,0.336052963510156,0.00223142538359732,0.348236079961062,0.345819616690278,0.0113173902920441,0.016647172793746,0.0158950462937355,0.00224266011705419,0.0290387602895498,0.0282375514507294,0.00262831818393901,0.0982256197929382,0.10200709104538,0.00755369283189198,0.0193459904193878,0.0190008487552404,0.00208657228162992,0.574410048350692,0.570727745071054,0.0120527322898919,0.565216333568096,0.563269723206759,0.0114409758465595,0.0190332642197609,0.0188033822923899,0.00206081851492955,0.0487023700773716,0.0471280440688133,0.00533252876352691,89.9530637648833,0.214951489008963,184.038992727196
/automotive01/automotive01,44,48,2513,0.206352789923549,0.204046355560422,0.0544972146262519,4.09926946289837,4.08619732223451,0.178313273934848,913.281334680393,846.16155150719,395.690476417011,0.21581239014864,0.21384110674262,0.0547216162930753,0.193771966248751,0.188670035451651,0.0451837066851458,2.56151562266052,2.54911489412189,0.118722414032104,0.214895828291774,0.213839147239923,0.00676415045677746,7.64420641489327,7.63561985827982,0.0827714384855005,421.542446458042,417.054551100358,39.2676865767672,0.215007149726152,0.212407164275646,0.00809633368054976,0.300218349993229,0.296545572578907,0.0108592557120578,4.53422302573919,4.51044204831123,0.184867209634694,1.49361698947847,1.49561560340226,0.023372012561075,16.6504918325692,16.6364004705101,0.0824155561925195,1800,1800,0,1.39777314923704,1.40010099485517,0.0182427851745674,2.1847713971138,2.18650694563985,0.0150996181850403,168.90977315959,0.0528937843767972,492.824380282936
/confidential/automotive03/automotive03b,50,49,4902,0.0269836916029453,0.02628318592906,0.00216672781779185,1.46370206922293,1.45866539515555,0.0449648062019199,7.7096157078445,7.57698375359178,0.735932304590574,0.0465837427228689,0.0466356109827757,0.00263813978706446,0.0308184995502234,0.0318661853671074,0.00248538810250984,0.597899756655097,0.594868844375014,0.0223944419747859,0.0662322495132685,0.066366782411933,0.00165387057095812,2.16764476560056,2.16573668457568,0.00914144661703826,7.36628929935396,7.36213762126863,0.0315450620755054,0.0855966148525477,0.0846186205744743,0.00279560547854125,0.14158829331398,0.137384336441755,0.00934546611692267,0.952358026504517,0.949610695242882,0.0148926407787705,0.0875600560754538,0.0875073987990618,0.00274672005632055,4.26710930690169,4.25313844531775,0.0987842580681592,7.72643393479288,7.70577667653561,0.0698155341097795,0.0872545610368252,0.087962293997407,0.00249911429771405,0.273715422153473,0.268877774477005,0.0140814900124627,0.565643484998351,0.0238581278547645,1.70134672520171
/confidential/automotive06/automotive06b,53,50,5571,0.0236197923123837,0.0242312867194414,0.00215210843721563,1.45182235196233,1.4524767883122,0.0289508108993599,5.685216056481,5.57064325734973,0.473350176341146,0.0503807739168406,0.0495756100863218,0.00285981860238873,0.0282559262961149,0.027973048388958,0.00239391596484385,0.578334651067853,0.576710028573871,0.0128212473358619,0.0509651532769203,0.0508939567953348,0.00203482531529938,1.38897084370255,1.38533262908459,0.00914776214326574,2.7478832167387,2.74256144836545,0.0185108084268076,0.0743427938222885,0.076002961024642,0.00431621644716776,0.121084317937493,0.113893155008554,0.0102178264403475,0.602397710978985,0.601508669555187,0.00578385608228962,0.089772834032774,0.0903174430131912,0.00612580017426987,4.65122719965875,4.62672643736005,0.128895347651295,5.40168336823583,5.39721257612109,0.0290125381684743,0.0871212264895439,0.0865415092557669,0.00611546308105514,0.319223262146115,0.310399854555726,0.0161765498859972,79.3761332872146,0.302376133304151,355.474188703844
/Smarch/busybox-1.18.0,24,51,6796,0.144650164991617,0.0816037319600582,0.137803534322406,7.38161467321217,6.7818315345794,1.23041695231402,581.753682830706,271.195491069928,619.000943420758,0.178179436400533,0.11866407841444,0.132347860187803,0.116435927227139,0.0693474430590868,0.0945228943798105,2.10481368012726,1.94921688362956,0.338591061699432,0.0993817584216595,0.0991882272064686,0.00169261718428988,6.43165335148573,6.42939527705312,0.0258925707118552,18.7340388993919,18.7030221894383,0.110515747654116,0.131119362339377,0.128732960671186,0.00589974582254929,0.31434968277812,0.308817742392421,0.0123822699003518,1.84044097535312,1.833929521963,0.0149225409980551,0.124696538075805,0.122125653550029,0.00584098398437991,9.6916500197351,9.65529565513134,0.188363095096903,20.6764448890835,20.6525236014277,0.120218855096369,0.121466725543141,0.119995750486851,0.00768561440672148,0.58133920095861,0.577609838917851,0.0212624327681509,32.2111480261587,0.15799148536147,123.322335366562
/confidential/automotive07/automotive07b,55,52,8649,1.88962622895837,1.90980778448284,0.294352412052576,108.170424452201,108.847426684573,23.7004117534568,1800,1800,0,1.73886175334454,1.77048470638692,0.267748634012444,1.67991480007768,1.71298776939511,0.291583313018868,33.3296766021103,33.9127371106297,4.9054704837328,3.1348936765641,3.11979424767196,0.0800872490592473,232.405302084088,230.265347968787,4.07231876606586,1800,1800,0,3.14581214994192,3.1357047278434,0.0650993607428832,4.77650609254837,4.84081950411201,0.111074014799301,69.3010542429239,69.3161406479776,0.514304990049307,3.61610590875149,3.60977104119957,0.0367402903362681,419.671987122297,419.11048046872,3.65102724186252,1800,1800,0,3.81881326705217,3.81817143969238,0.0244501359992164,5.44600344918668,5.44407455995679,0.0276697848320451,297.885019647326,3.81817143969238,626.832957682108
/Smarch/uClinux-config,42,53,11254,0.412705410346389,0.198659602552652,0.519809054543178,21.5179993467033,19.0982660483569,5.14688245773575,1142.79637248792,1290.54506917298,646.696644113204,0.502539976015687,0.293449208140373,0.50928608903423,0.318535581305623,0.172664346173406,0.344654873532522,7.04885541282594,6.15665403939784,1.9007022421535,0.196336523517966,0.193481164053082,0.00663719506940704,17.4208289188892,17.4260873384774,0.0768326971050244,43.0602949659526,43.3370632063597,0.87934310670682,0.291943994313478,0.283609369769692,0.0136373513281797,0.949640243276954,0.946055689826608,0.0148342829220449,5.4994404887408,5.48936336301267,0.0296116616966844,0.28035647392273,0.279884368181229,0.00726937067303182,24.6558820589632,24.632076498121,0.0950542997678222,105.73490647383,105.51531779021,0.903669239959884,0.278605687767267,0.277693809941411,0.00758885519574936,1.76977769128978,1.76820526458323,0.0183233716254129,8.07922532345315,0.278149748854339,22.4403165005061
/automotive02/automotive2_4,45,54,18616,64.4582603485137,0.0143730193376541,209.751390909032,289.072303937376,0.0139459855854511,666.158614097583,289.042165901363,0.0137798115611076,666.169527826038,63.0699940030277,0.0142749678343534,205.237710771208,59.681570019275,0.0144048798829317,187.738264485791,289.074610819966,0.0145030040293932,666.157695345084,1.44080072566867,1.44639113917947,0.0230140836682724,365.171957069635,365.753681199625,5.64938824616097,1800,1800,0,1.42562688946724,1.42435520514846,0.0152294429836825,4.04522344350815,4.05212507024407,0.0209231976962761,222.118834323436,224.301033752039,4.92617821227517,1.38257100872695,1.38696623593569,0.0147920720733012,409.243544000164,407.92919261381,5.20204653807501,1800,1800,0,1.34819898426533,1.34781158715487,0.0223735483542578,5.24325110688806,5.24443120695651,0.0175921012395318,90.7534475975172,0.0427681050770379,361.560227233925
/Smarch/embtoolkit,27,55,23516,539.069217420071,0.014814805239439,721.636203987219,747.547023630068,0.014447346329689,889.332450387317,756.00765153192,0.0144676323980093,897.418310151831,525.231200714782,0.0146352294832468,705.370846910522,459.870890990645,0.014490632340312,630.367967711216,713.69140394859,0.0145472940057516,871.699389888329,5.28897922068834,5.23645608685911,0.101403212544773,551.611042427048,543.543955899775,14.08746230201,1800,1800,0,5.53768418200314,5.53828096948564,0.0267068715631447,22.4878712897003,22.2419199813157,0.484159189089596,277.25635719344,275.399152290076,3.92758665464535,7.91609451629221,7.91214464791119,0.0634576829447127,1070.6245580098,1072.56773076206,8.26106276234104,1800,1800,0,7.74599743381143,7.74469917826355,0.0328137210449023,24.862011937201,24.8361871708184,0.161662558994414,381.675163618879,18.1646911416629,546.361492150095
