CDL/am31_sim;3.2561268527060747;3.282846771851182;3.2392904851585627;3.5661202892661095
CDL/ea2468;26.49450875353068;26.56196789212525;26.270990047603846;27.872579120099545
CDL/p2106;8.792245700024068;8.789440226890147;8.621651204302907;8.909720562398434
KConfig/axTLS;0.04780912399291992;0.045465123727917674;0.04068421572446823;0.0511721633374691
KConfig/busybox-1.18.0;0.1096213972195983;0.10989769440144301;0.10739611648023129;0.11494293250143528
KConfig/embtoolkit;0.18913284316658974;0.19206958692520856;0.18763004802167416;0.2212227750569582
KConfig/linux-2.6.33.3;1800.0;1800;1800;1800
KConfig/uClibc;0.12934675347059965;0.12605833441019057;0.10743813030421734;0.13295260816812515
KConfig/uClinux-base;0.13772889971733093;0.13784152943640948;0.13642027601599693;0.13969622366130352
KConfig/uClinux-distribution;0.12069247011095285;0.12057695489376784;0.11850414052605629;0.1222720555961132
Smarch/2.6.28.6-icse11;1800.0;1800;1800;1800
Smarch/2.6.32-2var;1800.0;1800;1800;1800
Smarch/2.6.33.3-2var;1800.0;1800;1800;1800
Smarch/7z;0.04438608139753342;0.04456370424479246;0.0386581365019083;0.05095438286662102
Smarch/BerkeleyDBC;0.04277440533041954;0.04304715789854527;0.04063088446855545;0.04800020344555378
Smarch/Dune;0.043013875372707844;0.043382449522614476;0.04084230028092861;0.04799723066389561
Smarch/HiPAcc;0.044823248870670795;0.044873698763549325;0.0431683175265789;0.04738956317305565
Smarch/JHipster;0.04417249467223883;0.04410623800009489;0.042509280145168304;0.045407190918922424
Smarch/JavaGC;0.045139528810977936;0.04523105308413505;0.043051328510046005;0.04793184623122215
Smarch/LLVM;0.04232903476804495;0.04235637493431568;0.03947394900023937;0.04707550257444382
Smarch/Polly;0.04542558453977108;0.045542110912501814;0.04405653290450573;0.047124626114964485
Smarch/VP9;0.04502714704722166;0.04521184958517552;0.04372466541826725;0.047521283850073814
Smarch/X264;0.04232101980596781;0.042384837307035926;0.040360571816563606;0.04457695409655571
Smarch/adderII;15.542630745097995;15.569016968570649;15.474818091839552;15.864804377779365
Smarch/at91sam7sek;7.66730481851846;7.668681613914669;7.6417592372745275;7.7086572758853436
Smarch/axTLS;0.07640770357102156;0.07703042924404144;0.0737647507339716;0.09808011539280415
Smarch/axtls_2_1_4;0.043424331583082676;0.04330458220094442;0.0408523753285408;0.04580463096499443
Smarch/buildroot;1800.0;1800;1800;1800
Smarch/busybox-1.18.0;0.4929380575194955;0.4943879334628582;0.4890972599387169;0.5360685661435127
Smarch/busybox_1_28_0;0.19620619341731071;0.1977194181829691;0.193849990144372;0.22483509220182896
Smarch/ecos-icse11;12.524223178625107;12.527012747488916;12.478710459545255;12.612263416871428
Smarch/embtoolkit;26.888235345482826;26.893499924317002;26.777143843472004;27.60864705964923
Smarch/fiasco;0.13157425541430712;0.1315788321942091;0.12901237048208714;0.1344217285513878
Smarch/fiasco_17_10;0.06037340499460697;0.06051067765802145;0.058104678988456726;0.06313731148838997
Smarch/freebsd-icse11;26.666597640141845;26.676127019301056;26.508839471265674;26.986422708258033
Smarch/freetz;1379.2018041219562;1377.422049781084;1350.919787408784;1393.964187912643
Smarch/integrator_arm9;6.108512739650905;6.11338304322213;6.094948422163725;6.1528480891138315
Smarch/lrzip;0.03425608202815056;0.03440421853214502;0.03266666829586029;0.03724571503698826
Smarch/m5272c3;13.055174484848976;13.078913196623326;12.996170865371823;13.509207252413034
Smarch/olpce2294;10.818054703995585;10.84147919792682;10.783318201079965;11.7323009185493
Smarch/pati;8.371396692469716;8.41364837858826;8.28733680024743;8.682623099535704
Smarch/phycore229x;23.21178487315774;23.30892918549478;22.997142421081662;24.051372902467847
Smarch/ref4955;23.651368260383606;23.631359032802283;23.202619072049856;24.14592794328928
Smarch/se77x9;13.570023147389293;13.564436651356518;13.228492431342602;14.035571912303567
Smarch/toybox;0.047801059670746326;0.04789605379104614;0.04465068690478802;0.05100979469716549
Smarch/toybox_0_7_5;0.04107065498828888;0.04108559884130955;0.039974410086870193;0.042650867253541946
Smarch/uClibc-ng_1_0_29;0.07070804014801979;0.06991735842078924;0.06671855971217155;0.07179031893610954
Smarch/uClinux-config;1.0315932612866163;1.0335683254152537;1.0167320240288973;1.0807625818997622
Smarch/uClinux;0.08296049479395151;0.08291692763566971;0.07838253863155842;0.08679182268679142
automotive01/automotive01;1.0840672180056572;1.0844996074587108;1.079730411991477;1.0985233206301928
automotive02/automotive2_4;111.19189244974405;115.97000088822097;108.79846256412566;151.93023498356342
featureide_examples/berkeleydb;0.04660602752119303;0.046625595986843106;0.043851375579833984;0.04964333400130272
financial_services/financialServices_2018-05-09;0.42753890343010426;0.42932731300592425;0.42237614654004574;0.5157650616019964
confidential/automotive03/03;0.1689387559890747;0.16964590132236482;0.16748369857668877;0.2021919172257185
confidential/automotive03/automotive03a;0.05972437560558319;0.05981214802712202;0.05589187704026699;0.07375413179397583
confidential/automotive03/automotive03b;0.168661929666996;0.16990834336727859;0.1653607040643692;0.1995407361537218
confidential/automotive04/04;0.19403206836432219;0.19525915686041118;0.1919629480689764;0.22988816536962986
confidential/automotive05/05;1800.0;1800;1800;1800
confidential/automotive06/automotive06a;0.076643206179142;0.07038182161748409;0.059090182185173035;0.08023674041032791
confidential/automotive06/automotive06b;0.13284172117710114;0.13633321363478898;0.13071542419493198;0.1724946741014719
confidential/automotive07/automotive07a;0.23661804664880037;0.2373570716381073;0.2347208671271801;0.2706940118223429
confidential/automotive07/automotive07b;4.0675995126366615;4.086749687492848;4.057385327294469;4.655086567625403
