Smarch/LLVM,11,0.040612850338221,0.042447503656149,0.041919749230147,0.047075502574444,0.04343282058835,0.043788585811854,0.044971391558647,0.043670395389199,0.041487012058497,0.042327659204602,0.042315451428294,0.041861640289426,0.041727241128683,0.042330410331488,0.040677879005671,0.041825549677014,0.043839199468494,0.043083196505904,0.039473949000239,0.042521461844444,0.040360938757658,0.043383812531829,0.043331895023584,0.042173920199275,0.040688320994377,0.042388064786792,0.041141334921122,0.04195561632514,0.043548347428441,0.042679082602263,0.040914902463555,0.042355762794614,0.044071706011891,0.042672123759985,0.040719036012888,0.04202395118773,0.043082332238555,0.041458273306489,0.040990591049194,0.042312121018767,0.040878105908632,0.041749145835638,0.04391566850245,0.042813319712877,0.041688343510032,0.042636932805181,0.044280715286732,0.042716098949313,0.040983529761434,0.042515303939581,,0.042356374934316,0.042329034768045,0.001335440662076
Smarch/X264,16,0.041192647069693,0.04166728630662,0.042295457795262,0.040977653115988,0.041972266510129,0.044576207175851,0.042346581816673,0.04118931107223,0.042393948882818,0.043873943388462,0.042743815109134,0.040688775479794,0.041927676647902,0.044576954096556,0.043174453079701,0.040838059037924,0.042449520900846,0.044108521193266,0.042887995019555,0.041416568681598,0.042050268501043,0.041741140186787,0.043916899710894,0.042682662606239,0.041464298963547,0.042105637490749,0.043751571327448,0.042558580636978,0.041566606611013,0.042737932875753,0.04333389364183,0.042771937325597,0.042215256020427,0.040360571816564,0.043564816936851,0.04386749304831,0.042740698903799,0.041239714249969,0.042351715266705,0.042068760842085,0.042182452976704,0.042605187743902,0.042424343526363,0.041242234408856,0.042150503024459,0.043383199721575,0.042037442326546,0.040771637111902,0.04382810369134,0.042228661477566,,0.042384837307036,0.042321019805968,0.001029285024797
Smarch/Dune,17,0.043651040643454,0.04183685593307,0.043580191209912,0.044831983745098,0.042896723374724,0.040842300280929,0.043371984735131,0.044169852510095,0.042109496891499,0.042324667796493,0.043997913599014,0.04302166774869,0.042121818289161,0.047997230663896,0.043039672076702,0.047769360244274,0.046723136678338,0.044824087992311,0.042056581005454,0.047936484217644,0.044146910309792,0.043903827667236,0.047768415883184,0.043785512447357,0.042887426912785,0.042900102213025,0.041587708517909,0.042307013645768,0.042755333706737,0.042979273945093,0.04166341945529,0.042384602129459,0.041758384555578,0.042484516277909,0.043094098567963,0.042954051867128,0.043006082996726,0.042002763599157,0.042489908635616,0.042302263900638,0.043025823310018,0.043078735470772,0.043032679706812,0.043133808299899,0.044449046254158,0.04310136474669,0.042736304923892,0.043405985459685,0.042623175308108,0.042270885780454,,0.043382449522615,0.043013875372708,0.001655715701187
Smarch/BerkeleyDBC,18,0.041585875675082,0.042947672307491,0.042256990447641,0.042441926896572,0.042451979592443,0.043526086956263,0.047593425959349,0.046606319025159,0.046029549092054,0.044720884412527,0.048000203445554,0.044098431244493,0.043731965124607,0.042033955454826,0.043024219572544,0.043989388272166,0.044744662940502,0.043258989229798,0.042260428890586,0.041359884664416,0.044063746929169,0.042526161298156,0.042987879365683,0.041843004524708,0.042949974536896,0.04175003990531,0.041689967736602,0.043353857472539,0.042771318927407,0.040630884468556,0.042223719879985,0.04413278028369,0.043125864118338,0.042204055935145,0.043295217677951,0.042001044377685,0.042138637974858,0.042004246264696,0.041598772630096,0.043735766783357,0.042921045795083,0.042165372520685,0.042807795107365,0.042336480692029,0.042955923825502,0.042057421058416,0.042639173567295,0.041766887530685,0.042777491733432,0.042240522801876,,0.043047157898545,0.04277440533042,0.001488416028792
Smarch/lrzip,20,0.037245715036988,0.03266666829586,0.036560151726008,0.034951210021973,0.033229015767574,0.03404832072556,0.033185973763466,0.03409100137651,0.0346076823771,0.034762090072036,0.033694008365274,0.034613735973835,0.034416312351823,0.035344501957297,0.036930900067091,0.034966137260199,0.033545637503266,0.034061808139086,0.033982075750828,0.033200599253178,0.033365651965141,0.03397648781538,0.034523012116551,0.034214284271002,0.033685844391584,0.034011034294963,0.034251444041729,0.034471144899726,0.033571183681488,0.034576511010528,0.036661515012384,0.034840825945139,0.03449672088027,0.034926287829876,0.033663235604763,0.034123249351978,0.033372746780515,0.033862976357341,0.034647395834327,0.034829610958696,0.03362968750298,0.034260720014572,0.033563334494829,0.034596662968397,0.033284733071923,0.03445103764534,0.033213326707482,0.034370945766568,0.03687159344554,0.035794176161289,,0.034404218532145,0.034256082028151,0.0010350876374
Smarch/HiPAcc,31,0.046813210472465,0.044899823144078,0.045329468324781,0.044630650430918,0.04582261480391,0.044997341930866,0.045075684785843,0.045473098754883,0.044702142477036,0.045903243124485,0.044787589460611,0.046266777440906,0.047389563173056,0.045761806890369,0.044732911512256,0.044796712696552,0.044630857184529,0.045121107250452,0.043531952425838,0.046471299603582,0.046462008729577,0.045089848339558,0.045442264527083,0.045000400394201,0.045045420527458,0.044733010232449,0.045262802392244,0.046062348410487,0.04398262873292,0.045599030330777,0.04377805441618,0.044033041223884,0.043406389653683,0.045122107490897,0.043326823040843,0.045638363808394,0.043488491326571,0.044778259471059,0.043404338881374,0.044617528095842,0.043893735855818,0.044849785044789,0.043316755443812,0.044686948880553,0.044370485469699,0.044650621712208,0.043168317526579,0.044887943193317,0.043901532888413,0.04454779624939,,0.044873698763549,0.044823248870671,0.000955930880046
Smarch/JavaGC,39,0.046028764918447,0.045020928606391,0.046771660447121,0.046532858163118,0.044984476640821,0.0442587826401,0.047079861164093,0.047374051064253,0.045342503115535,0.045746136456728,0.045543888583779,0.046775000169873,0.047931846231222,0.045112503692508,0.044695589691401,0.044459279626608,0.046093745157123,0.047702465206385,0.046147208660841,0.045933064073324,0.045758003368974,0.045589854940772,0.047104747965932,0.046166511252523,0.045418268069625,0.044733729213476,0.045242121443153,0.045166553929448,0.045561520382762,0.045198095962405,0.043051328510046,0.04357216693461,0.044339705258608,0.044240843504667,0.044090224429965,0.045299300923944,0.044747484847903,0.043696038424969,0.044839190319181,0.043993247672916,0.044312760233879,0.043275885283947,0.045168302953243,0.044626101851463,0.044510513544083,0.04456789419055,0.044212009757757,0.044486839324236,0.044508203864098,0.044540591537953,,0.045231053084135,0.045139528810978,0.001120634667106
Smarch/Polly,40,0.04696380160749,0.045496055856347,0.045428860932589,0.045337723568082,0.045187648385763,0.045685902237892,0.045058971270919,0.046638188883662,0.046063795685768,0.045320477336645,0.046588096767664,0.045512698590756,0.045423001050949,0.046430330723524,0.044779704883695,0.045943049713969,0.045785496011376,0.04532764852047,0.046775098890066,0.045164953917265,0.045428168028593,0.045233683660626,0.045084265992045,0.046734355390072,0.045668695122004,0.046229796484113,0.046757381409407,0.045457595959306,0.045174796134234,0.045359563082457,0.045235188677907,0.046715267002583,0.045916577801108,0.045466156676412,0.047124626114965,0.045255901291967,0.044959779828787,0.045346066355705,0.044755531474948,0.045866204425693,0.044269677251577,0.044344566762447,0.044056532904506,0.044462775811553,0.04414027184248,0.044987287372351,0.045184884220362,0.04589500837028,0.045802203938365,0.045281231403351,,0.045542110912502,0.045425584539771,0.000737598561183
Smarch/VP9,42,0.04635550826788,0.044560447335243,0.04453813098371,0.044704848900437,0.044772457331419,0.044731188565493,0.044887535274029,0.044882964342833,0.04577973112464,0.045462558045983,0.045470666140318,0.046916384249926,0.04599878937006,0.04570977203548,0.044514775276184,0.044895399361849,0.045794297009707,0.046064116060734,0.044690037146211,0.044562729075551,0.044254204258323,0.045158894732595,0.044100297614932,0.044769946485758,0.04415375739336,0.044554783031345,0.044021127745509,0.044405622407794,0.043724665418267,0.044866921380162,0.046048192307353,0.046068817377091,0.047521283850074,0.04637841694057,0.045563181862235,0.046924201771617,0.045174730941653,0.045765664428473,0.04592177644372,0.044683972373605,0.045695051550865,0.045510072261095,0.044735491275787,0.04537483677268,0.045541819185019,0.045807980000973,0.045561572536826,0.044521892443299,0.04440562799573,0.044085340574384,,0.045211849585176,0.045027147047222,0.000830337246882
Smarch/7z,44,0.038658136501908,0.04006358794868,0.050954382866621,0.048442726954818,0.045891832560301,0.045075628906489,0.046112813055515,0.044837385416031,0.046367958188057,0.047779716551304,0.047720776870847,0.045161414891481,0.044537253677845,0.04438635148108,0.04412480071187,0.043936435133219,0.044006986543536,0.044273981824517,0.044699538499117,0.044160353019834,0.044345417991281,0.044047776609659,0.044472033157945,0.043649908155203,0.044162400066853,0.045489696785808,0.043342554941774,0.044046808034182,0.044481491670013,0.043883854523301,0.044548809528351,0.043816696852446,0.04466250911355,0.044321279972792,0.044529400765896,0.04366253502667,0.044448280707002,0.044249638915062,0.044590219855309,0.044053189456463,0.04430834390223,0.043716320767999,0.044521337375045,0.044385811313987,0.044158305972815,0.043670324608684,0.044523749500513,0.044435363262892,0.044539000838995,0.043930090963841,,0.044563704244793,0.044386081397534,0.001744065640921
Smarch/JHipster,45,0.0426523424685,0.044266697019339,0.043580576777458,0.045407190918923,0.042605694383383,0.044568860903382,0.043878713622689,0.045032843947411,0.043500225991011,0.044587699696422,0.043742157518864,0.045041481032968,0.04332953505218,0.044810766354203,0.042509280145168,0.043659357354045,0.044228607788682,0.04413272254169,0.043907623738051,0.044354364275932,0.044204453006387,0.04400678910315,0.04414976015687,0.044521555304527,0.043977091088891,0.04380333609879,0.044462172314525,0.043888363987208,0.04407174512744,0.044339440762997,0.044961227104068,0.044358663260937,0.044502653181553,0.044360535219312,0.043825579807162,0.044047519564629,0.044232860207558,0.044243695214391,0.04399061575532,0.044213468208909,0.044123020023108,0.044030915945768,0.044195229187608,0.044202947989106,0.043920926749706,0.044198051095009,0.044012796133757,0.04427245631814,0.044043388217688,0.044353902339935,,0.044106238000095,0.044172494672239,0.000551717748113
featureide_examples/berkeleydb,76,0.049643334001303,0.04786361195147,0.047487756237388,0.045806169509888,0.046063797548413,0.047190016135573,0.047675535082817,0.048014787957072,0.048259474337101,0.046981891617179,0.046517649665475,0.04822288826108,0.045280503109098,0.046198392286897,0.045937076210976,0.047040231525898,0.048076923936606,0.046914963051677,0.047176884487271,0.046139691025019,0.045444216579199,0.046214370056987,0.047605352476239,0.047484990209341,0.048224568367004,0.045944249257445,0.046423779800534,0.045372983440757,0.043851375579834,0.046585308387876,0.044117372483015,0.046317284926772,0.046954404562712,0.043967954814434,0.045701885595918,0.047682562842965,0.045403134077787,0.044906528666616,0.046626746654511,0.047445897012949,0.045908436179161,0.04822469688952,0.047422219067812,0.046529116109014,0.04785299487412,0.044243792071939,0.046212339773774,0.047116179019213,0.045734569430351,0.047268912196159,,0.046625595986843,0.046606027521193,0.001238863010257
Smarch/axtls_2_1_4,94,0.045804630964995,0.04313793964684,0.043557675555348,0.043457759544253,0.043658437207341,0.04314692877233,0.045696130022407,0.042606815695763,0.043318752199411,0.043694831430912,0.043409362435341,0.04375153593719,0.042955564334989,0.043945949524641,0.043499302119017,0.043712751939893,0.043508384376764,0.044259136542678,0.043943785130978,0.043228205293417,0.043427454307675,0.043388796970248,0.043878490105271,0.043616322800517,0.04342120885849,0.043379353359342,0.04368863068521,0.044037802144885,0.043398810550571,0.044094065204263,0.043514667078853,0.04227096773684,0.042111286893487,0.040852375328541,0.041623061522842,0.041331028565765,0.041402984410524,0.041427157819271,0.041473392397165,0.041337052360177,0.042131381109357,0.044098174199462,0.043319441378117,0.043088184669614,0.04355775564909,0.044594585895538,0.043117243796587,0.045361518859863,0.044752640649676,0.043239396065474,,0.043304582200945,0.043424331583083,0.001076287081161
KConfig/axTLS,96,0.043188706040382,0.042067719623447,0.041006082668901,0.040684215724468,0.041270667687059,0.041345020756126,0.041415587067604,0.041043423116207,0.041028656065464,0.041216146200895,0.041440803557634,0.041412705555558,0.04172401316464,0.041627679020166,0.051172163337469,0.045024994760752,0.041164891794324,0.040877463296056,0.041170388460159,0.040906412526965,0.041488580405712,0.041218502447009,0.041679412126541,0.051087943837047,0.048060230910778,0.048267994076014,0.048605222254992,0.04815573245287,0.048222402110696,0.048564523458481,0.047287859022617,0.047720760107041,0.048381501808763,0.047991491854191,0.048012342303991,0.047557137906551,0.048253001645208,0.048274794593454,0.048612952232361,0.0478974878788,0.048714730888605,0.049685847014189,0.049308951944113,0.048795472830534,0.04817308485508,0.048522247001529,0.048297518864274,0.048261051997542,0.048168260604143,0.049201406538487,,0.045465123727918,0.04780912399292,0.003622385697209
Smarch/fiasco_17_10,234,0.0621477663517,0.060668107122183,0.061645142734051,0.06028357334435,0.060765037313104,0.059980779886246,0.060178175568581,0.061021247878671,0.060836378484964,0.060594063252211,0.062152920290828,0.060174148529768,0.060369877144694,0.058104678988457,0.061874471604824,0.062268104404211,0.059314360842109,0.061833560466766,0.060844914987683,0.061948562040925,0.062163500115275,0.06313731148839,0.059257119894028,0.061892531812191,0.06092175655067,0.061706766486168,0.06054132245481,0.06037693284452,0.059217615053058,0.061572449281812,0.060133092105389,0.059292072430253,0.060309236869216,0.058958329260349,0.0602868758142,0.058253291994333,0.062497330829501,0.059562530368567,0.059605455026031,0.059006650000811,0.060222074389458,0.059070814400911,0.060500327497721,0.059176657348871,0.060551762580872,0.059724282473326,0.059336502104998,0.06079188734293,0.060114113613963,0.06034741923213,,0.060510677658022,0.060373404994607,0.001148911165266
Smarch/uClibc-ng_1_0_29,269,0.067351568490267,0.06696654483676,0.070927063003182,0.070666836574674,0.07064913213253,0.069548506289721,0.067308343946934,0.069683253765106,0.069506062194705,0.067956808954477,0.066891737282276,0.069440960884094,0.069897567853332,0.071111219003797,0.067094933241606,0.070749243721366,0.068387752398849,0.067062359303236,0.069321459159255,0.071210384368897,0.071425687521696,0.0716572124511,0.071035536006093,0.07141200825572,0.071348303928971,0.071004714816809,0.07093158736825,0.071116449311376,0.071431474760175,0.06973628140986,0.068283412605524,0.066888075321913,0.067633802071214,0.071131307631731,0.070917377248406,0.068342102691531,0.066718559712172,0.071361377835274,0.071090240031481,0.071411335840821,0.071323588490486,0.071658983826637,0.071079766377807,0.071391303092241,0.069844307377935,0.06914890371263,0.071593932807446,0.070879008620977,0.07179031893611,0.070549223572016,,0.069917358420789,0.07070804014802,0.001640828304257
KConfig/uClibc,313,0.132952608168125,0.129939932376146,0.132348887622356,0.131599167361856,0.130596101284027,0.129191935062408,0.131019704043865,0.12882729806006,0.131637258455157,0.130324648693204,0.129510391503572,0.128605514764786,0.129841815680265,0.129210306331515,0.129675131291151,0.131599200889468,0.129344262182713,0.129231760278344,0.129102228209376,0.129338815808296,0.128952417522669,0.131705699488521,0.12953912653029,0.129686197265983,0.129541624337435,0.129858231171966,0.1292495559901,0.129419026896358,0.130892392247915,0.12839518673718,0.129112228751183,0.130310332402587,0.129067003726959,0.129760719835758,0.129758812487125,0.129349244758487,0.129385037347674,0.128787215799093,0.130608107894659,0.129090284928679,0.126374235376716,0.108929794281721,0.108452377840877,0.108916506171227,0.110238896682858,0.108882773667574,0.10913710296154,0.109913114458323,0.107438130304217,0.108268374577165,,0.126058334410191,0.1293467534706,0.00819467953874
Smarch/toybox_0_7_5,316,0.042377119883895,0.040077190846205,0.041732389479876,0.040042541921139,0.041823843494058,0.040321635082364,0.042228503152728,0.040192663669586,0.041637767106295,0.040138503536582,0.04216661117971,0.040273312479258,0.041978793218732,0.040230074897409,0.04175902530551,0.040227564051747,0.041694939136505,0.040244776755571,0.042202640324831,0.040145559236407,0.041644854471088,0.040277805179358,0.041804056614637,0.04021330922842,0.042193600907922,0.04016463086009,0.041815893724561,0.040126664564014,0.04190874285996,0.040503542870283,0.041890598833561,0.040276857092977,0.042081028223038,0.03997441008687,0.041770618408918,0.040272820740938,0.040228068828583,0.042650867253542,0.04016980715096,0.041766546666622,0.040108503773809,0.041954645887017,0.040300495922566,0.042101616039872,0.040138179436326,0.042180594056845,0.040015866979957,0.042231004685164,0.040149012580514,0.041869843378663,,0.04108559884131,0.041070654988289,0.000922722954283
KConfig/uClinux-base,380,0.139102663844824,0.136645752936602,0.138049310073257,0.138107795268297,0.138602361083031,0.138958752155304,0.139153797179461,0.136649381369352,0.137758178636432,0.137426489964128,0.137918138876557,0.13688044436276,0.137744819745421,0.138767123222351,0.13771297968924,0.139310820028186,0.138161843642592,0.138062216341496,0.138185946270823,0.138776468113065,0.137651029974222,0.137596154585481,0.138803225010634,0.137170560657978,0.137183975428343,0.137129908427596,0.137204390019178,0.136957187205553,0.137888446450233,0.138941450044513,0.139696223661304,0.137414066120982,0.139218928292394,0.137357356026769,0.136936366558075,0.138329604640603,0.137055095285177,0.138199128210545,0.137615295127034,0.137457432225347,0.137439077720046,0.13803174905479,0.137135412544012,0.137482348829508,0.137268457561731,0.137888442724943,0.136420276015997,0.137285759672523,0.137053543701768,0.138290297240019,,0.137841529436409,0.137728899717331,0.000786022203111
confidential/automotive03/automotive03a,384,0.059522312134504,0.06165892072022,0.058708785101771,0.073754131793976,0.063291927799583,0.061744332313538,0.055891877040267,0.059685936197639,0.059938812628389,0.060142565518618,0.061813440173864,0.060383807867766,0.058289682492614,0.060179721564055,0.059136360883713,0.060355119407177,0.058501014485955,0.061246195808053,0.056235963478685,0.059670044109225,0.058069972321391,0.059158900752664,0.059831667691469,0.059762815013528,0.059256328269839,0.059035317972303,0.060173468664289,0.059900708496571,0.05894910171628,0.056380797177553,0.061833497136831,0.055993918329477,0.05960476025939,0.059787698090077,0.059645917266607,0.06126263178885,0.060795133933425,0.059190494939685,0.060214227065444,0.058209350332618,0.060562331229448,0.05966872908175,0.059377895668149,0.059789333492518,0.057310288771987,0.055932061746717,0.059803076088429,0.06080879457295,0.060958424583078,0.05918880738318,,0.059812148027122,0.059724375605583,0.002560710041632
confidential/automotive06/automotive06a,449,0.062984168529511,0.062519764527679,0.062163665890694,0.060220548883081,0.061998913064599,0.061747372150421,0.063627727329731,0.060253445059061,0.060994125902653,0.062688471749425,0.061312219128013,0.063542254269123,0.064051477238536,0.061288066208363,0.060941703617573,0.061663845553994,0.063303234055638,0.062260745093227,0.062341846525669,0.06066120788455,0.059090182185173,0.062507139518857,0.06159414537251,0.060401102527976,0.07964139431715,0.078742060810328,0.077674880623818,0.078960897400975,0.077568517997861,0.078367311507464,0.078246070072055,0.078938251361251,0.079300919547677,0.078147534281015,0.079149411991239,0.07726820372045,0.077376732602716,0.076728692278266,0.077469812706113,0.077414087951183,0.07831254042685,0.080236740410328,0.077939433977008,0.078396735712886,0.077216181904078,0.07870689034462,0.076557720080018,0.077395336702466,0.080216547474265,0.078960802406073,,0.070381821617484,0.076643206179142,0.008363096926783
confidential/automotive04/04,531,0.194542892277241,0.19905018992722,0.193926196545363,0.197396785020828,0.200576353818178,0.196631891652942,0.196233106777072,0.193012291565537,0.194044589996338,0.195676360279322,0.194631941616535,0.195274870842695,0.1956518124789,0.193781977519393,0.194019546732306,0.196627121418714,0.22988816536963,0.193866843357682,0.195019897073507,0.194142378866672,0.194918127730489,0.193728229030967,0.193787600845099,0.193718627095223,0.193005373701453,0.194737996906042,0.195712504908443,0.195166803896427,0.195395544171333,0.193866433575749,0.193539736792445,0.1940603479743,0.196277784183621,0.193332202732563,0.192974483594298,0.192923098802567,0.195841258391738,0.193473611027002,0.193944366648793,0.193530336022377,0.192950511351228,0.192712100222707,0.192988382652402,0.196525417268276,0.193512285128236,0.193586345762014,0.192606065422296,0.19397128559649,0.191962948068976,0.194212820380926,,0.195259156860411,0.194032068364322,0.005259114035512
Smarch/toybox,544,0.051009794697166,0.048328200355172,0.047561679035425,0.044650686904788,0.047437574714422,0.047674186527729,0.047251299023628,0.047804931178689,0.048150965943933,0.047511368989945,0.047425583004952,0.048232179135084,0.044754000380635,0.048549836501479,0.046890372410417,0.048256704583764,0.04761821217835,0.048251653090119,0.047770580276847,0.047713888809085,0.048551639541984,0.048558726906777,0.048403412103653,0.047954820096493,0.048453904688358,0.047422112897039,0.048154104501009,0.047734143212438,0.04787690192461,0.047807719558477,0.047616934403777,0.047355765476823,0.047490237280727,0.04744078591466,0.047378096729517,0.047251421958208,0.048662722110748,0.047797188162804,0.049057088792324,0.047686628997326,0.049831692129374,0.049557520076633,0.048745173960924,0.048329124227166,0.047656342387199,0.048220541328192,0.045099522918463,0.046333681792021,0.049891145899892,0.049639891833067,,0.047896053791046,0.047801059670746,0.001138331023456
confidential/automotive07/automotive07a,581,0.237960427999496,0.23716202005744,0.239579541608691,0.235362898558378,0.236735621467233,0.23619538359344,0.236702848225832,0.237464798614383,0.236574692651629,0.235453147441149,0.235872011631727,0.236582707613707,0.237251015380025,0.234762813895941,0.236107155680656,0.236665114760399,0.237294061109424,0.237035868689418,0.241107206791639,0.235728405416012,0.234787151217461,0.235965013504028,0.236093536019325,0.23779683560133,0.270694011822343,0.239162366837263,0.23650430701673,0.236017912626266,0.236584942787886,0.23649394698441,0.23472086712718,0.235831184312701,0.236315220594406,0.234961856156588,0.236713277176023,0.236651150509715,0.237712074071169,0.236716592684388,0.236706467345357,0.236070904880762,0.236721236258745,0.237162934616208,0.23725208081305,0.237255066633224,0.237414717674255,0.236334692686796,0.237382715567946,0.236382536590099,0.235698504373431,0.236151736229658,,0.237357071638107,0.2366180466488,0.004947147098959
confidential/automotive03/03,588,0.169639071449637,0.169219484552741,0.168940654024482,0.17058364674449,0.168841142207384,0.169303139671683,0.168507112190127,0.169600429013372,0.169424906373024,0.168879602104425,0.168854324147105,0.168832173570991,0.168716087937355,0.169039215892553,0.169029142707586,0.168224018067122,0.170048888772726,0.202191917225718,0.171140711754561,0.169610114768148,0.167821150273085,0.168595183640718,0.169363897293806,0.169976644217968,0.170018929988146,0.168811690062285,0.169214505702257,0.167788732796907,0.169330758973956,0.168251778930426,0.1699512116611,0.169073110446334,0.168994275853038,0.170541604980826,0.167740657925606,0.17021568864584,0.168011570349336,0.168923247605562,0.168936857953668,0.169417638331652,0.168731620535254,0.167617047205567,0.168107643723488,0.167483698576689,0.168564179912209,0.168215876445174,0.167614324018359,0.169310729950666,0.168590856716037,0.168454170227051,,0.169645901322365,0.168938755989075,0.004766575364613
Smarch/axTLS,684,0.098080115392804,0.081092709675431,0.075712045654655,0.076834594830871,0.075626097619534,0.073764750733972,0.077899008989334,0.0778366047889,0.075538909062743,0.077729230746627,0.075488338246942,0.0776138715446,0.076118420809507,0.076114190742374,0.077505780383945,0.077474448829889,0.076262276619673,0.077803630381823,0.076100932434201,0.077729716897011,0.076407024636865,0.077452661469579,0.076928060501814,0.077671656385064,0.075475981459022,0.07713151909411,0.076055614277721,0.077752199023962,0.07625081576407,0.077277621254325,0.07616263255477,0.077753396704793,0.075617726892233,0.077538406476379,0.076401362195611,0.07746853120625,0.075938833877444,0.074797941371799,0.076815819367766,0.076809721067548,0.076408382505179,0.075470685958862,0.074966218322516,0.076917009428144,0.075971901416779,0.075241096317768,0.075489996001124,0.07566468603909,0.077157778665423,0.076200507581234,,0.077030429244042,0.076407703571022,0.003250674557541
financial_services/financialServices_2018-05-09,771,0.515765061601996,0.425070568919182,0.430395361036062,0.427018851041794,0.425375891849399,0.427418075501919,0.42698473110795,0.430111851543188,0.427951654419303,0.425899928435683,0.426325028762221,0.427971139550209,0.427570259198546,0.430313477292657,0.4256702195853,0.431092908605933,0.429741155356169,0.42600273527205,0.427507547661662,0.424966840073466,0.425595788285136,0.427113642916083,0.426170326769352,0.42727873660624,0.428484536707401,0.424815282225609,0.428234927356243,0.428182179108262,0.430177371948957,0.428042976185679,0.428135367110372,0.430084286257625,0.430987775325775,0.425937945023179,0.423608286306262,0.427686216309667,0.426655620336533,0.424550913274288,0.430751653388143,0.428879491984844,0.431263845413923,0.434683717787266,0.425202598795295,0.426016245037317,0.427962221205234,0.428893128409982,0.425319220870733,0.42576296068728,0.428358955308795,0.422376146540046,,0.429327313005924,0.427538903430104,0.012683975388816
KConfig/busybox-1.18.0,854,0.109968991950154,0.11060624755919,0.109714800491929,0.109096942469478,0.109366359189153,0.10888073220849,0.108040006831288,0.110830448567867,0.110488092526793,0.109184607863426,0.109540313482285,0.108442164957523,0.111140144988894,0.110389828681946,0.109290586784482,0.109263157472014,0.109824502840638,0.109213452786207,0.109774315729737,0.110805999487638,0.109401507303119,0.110027486458421,0.107396116480231,0.109514435753226,0.109256111085415,0.110427847132087,0.111126586794853,0.10961813852191,0.109517818316817,0.108147703111172,0.112756552174687,0.111907284706831,0.111046709120274,0.114942932501435,0.112105110660195,0.110482547432184,0.109396886080503,0.10927171446383,0.108913967385888,0.111445318907499,0.109613452106714,0.109169643372297,0.109503492712975,0.107926968485117,0.10986826941371,0.108287908136845,0.109624655917287,0.109783137217164,0.11054988950491,0.109992831945419,,0.109897694401443,0.109621397219598,0.001292995335802
Smarch/busybox_1_28_0,998,0.197914263233542,0.19671368971467,0.196637790650129,0.224835092201829,0.224709624424577,0.193874219432473,0.194535369053483,0.194002874195576,0.195915890857577,0.194403037428856,0.193849990144372,0.1948067471385,0.195663839578629,0.193887609988451,0.196284687146544,0.222978254780173,0.19767195917666,0.198146399110556,0.197476966306567,0.196345657110214,0.19624450430274,0.194331806153059,0.195410506799817,0.195698337629437,0.195231718942523,0.197449404746294,0.198671815916896,0.195360193029046,0.196837486699224,0.195881770923734,0.197453616186976,0.197575978934765,0.198178974911571,0.195394529029727,0.196096353232861,0.195683317258954,0.196285014972091,0.195618899539113,0.196678476408124,0.196095751598477,0.196651056408882,0.19421866722405,0.194936322048306,0.19512239843607,0.196167882531881,0.197110407054424,0.196420772001147,0.197064362466335,0.194462047889829,0.196984574198723,,0.197719418182969,0.196206193417311,0.006866161575065
CDL/am31_sim,1178,3.28723475150764,3.24926797114313,3.25654853880405,3.24578886479139,3.2514038067311,3.2466034386307,3.24589095450938,3.24719561263919,3.24555662088096,3.24547161534429,3.43081158399582,3.24931279197335,3.25071029551327,3.24891724810004,3.24849073588848,3.25017867051065,3.24782048352063,3.25109593942761,3.25008819252253,3.2557051666081,3.26934908516705,3.25235693156719,3.24847549572587,3.24768324010074,3.25061807595193,3.24626321904361,3.25675399973989,3.3965533785522,3.28418617323041,3.24544354528189,3.24868951365352,3.23929048515856,3.39752351120114,3.56612028926611,3.29591451957822,3.26176272518933,3.26184807159007,3.32021132484078,3.32337323203683,3.31203984841704,3.27350499667227,3.30611623451114,3.28065342456102,3.30805662274361,3.28703224845231,3.30492788366973,3.28561952523887,3.33209624141455,3.31345212459564,3.32232934236526,,3.28284677185118,3.25612685270607,0.059153631674774
KConfig/embtoolkit,1179,0.21797957457602,0.1910738684237,0.188325818628073,0.188507318496704,0.189501263201237,0.189003756269813,0.189112979918718,0.188851863145828,0.188760964199901,0.189152706414461,0.189605446532369,0.188929054886103,0.18874835409224,0.189426567405462,0.187931934371591,0.188741242513061,0.188974749296904,0.189041556790471,0.189405621960759,0.188615139573812,0.190914338454604,0.19003438949585,0.221222775056958,0.193685129284859,0.189946683123708,0.1930644903332,0.187694223597646,0.188670676201582,0.213675701990724,0.189769044518471,0.21979072317481,0.187630048021674,0.188075294718146,0.189013162627816,0.188838528469205,0.188696200028062,0.190215365961194,0.190005458891392,0.188752826303244,0.189045356586576,0.188677944242954,0.189233280718327,0.18869854323566,0.188851976767182,0.18991438858211,0.195635365322232,0.192100329324603,0.195236107334495,0.193428657948971,0.193272555246949,,0.192069586925209,0.18913284316659,0.008024045204131
Smarch/ref4955,1218,23.6522115319967,23.851495206356,23.7767669390887,23.3344949875027,23.5147259272635,23.7340101227164,23.9890972282737,23.2026190720499,23.4257116895169,23.6948367208242,23.9671975597739,23.6138179879636,23.6238814871758,23.3731373455375,23.8359312079847,23.9620963875204,23.245937788859,23.4849388878793,23.7321565598249,23.9015557784587,23.4163044188172,23.3979991897941,23.5979863312095,23.7856524214149,23.9179032742977,23.289623901248,23.4857527464628,23.6903150770813,23.9916938096285,23.2867827992886,23.3712026663125,23.6190373357385,23.9282417707145,23.789645915851,23.2641026563942,23.5037857368588,23.7405765037984,23.9765668194741,23.7026149332523,23.4178205337375,23.6505249887705,23.9734003394842,23.7771132364869,23.2689239438623,23.482978399843,23.795169999823,24.1459279432893,23.2196013666689,23.4758124072105,23.6882697567344,,23.6313590328023,23.6513682603836,0.248133257403684
Smarch/ecos-icse11,1244,12.5410106051713,12.5575192719698,12.4796691592783,12.5179241579026,12.5526148080826,12.5252922922373,12.5463699288666,12.5147451683879,12.5308832395822,12.5088895969093,12.5103580020368,12.4977657906711,12.5177660118788,12.497929405421,12.4787104595453,12.5455720871687,12.5732931345701,12.5566071812063,12.5385900456458,12.545560548082,12.6122634168714,12.5040838327259,12.4940261226147,12.5010712407529,12.5249327775091,12.5308207590133,12.5492067951709,12.5371419433504,12.555427884683,12.5708284210414,12.5469617079943,12.53089514561,12.5235135797411,12.527311861515,12.5125983785838,12.5364215560257,12.5200700759888,12.5181222297251,12.484756378457,12.5032261926681,12.5231670886278,12.5758011080325,12.5036258306354,12.5105923060328,12.4942477829754,12.5092273484916,12.4989817626774,12.5802827365696,12.5431809388101,12.4907792769372,,12.5270127474889,12.5242231786251,0.028251912771773
Smarch/pati,1248,8.28733680024743,8.3207453340292,8.29825872369111,8.31160797551274,8.30676567927003,8.29325973987579,8.31619556434453,8.32790569216013,8.29974797926843,8.29976129345596,8.30891486816108,8.31268845498562,8.31607592105866,8.30871534906328,8.52591714262962,8.48638924397528,8.39792014285922,8.40781801752746,8.37363439612091,8.61984799802303,8.40119430050254,8.35456707701087,8.67834577336907,8.30015685409308,8.30501725897193,8.34799601137638,8.35953734815121,8.39819186553359,8.4308098629117,8.46198389492929,8.53940092772245,8.56983755901456,8.60433134809136,8.63388618268073,8.54044039174914,8.3769579641521,8.31061724200845,8.31856336817145,8.3334956150502,8.36915898881853,8.44037640653551,8.46756907738745,8.50415113754571,8.53701822645962,8.58402336202562,8.61834535375237,8.6826230995357,8.44215482287109,8.30454687960446,8.3476144131273,,8.41364837858826,8.37139669246972,0.118446789249278
CDL/p2106,1262,8.85242447629571,8.82251742109656,8.8192883245647,8.84386682696641,8.75623667426407,8.8346310891211,8.76443893276155,8.82726741395891,8.75774194486439,8.837203072384,8.82985837943852,8.81258114054799,8.74710233137012,8.8234978877008,8.7666377350688,8.8135992269963,8.62165120430291,8.77072029933333,8.79816024005413,8.79314990527928,8.82341706380248,8.7887207120657,8.85572880133987,8.76452231965959,8.78299559280276,8.80511531606317,8.90972056239843,8.77255567535758,8.79245457611978,8.7736286111176,8.80642491579056,8.78409820981324,8.79203682392836,8.78567926958203,8.79774425365031,8.81219208613038,8.68655802495778,8.67404702864587,8.76068258285522,8.82170589268208,8.79582753404975,8.79256106354296,8.76155627146363,8.7830566726625,8.76952660642564,8.81711449846625,8.78103125654161,8.78708806447685,8.76173119619489,8.7399153355509,,8.78944022689015,8.79224570002407,0.046447083557321
Smarch/integrator_arm9,1267,6.10268398933113,6.1026031691581,6.09494842216373,6.11951810866594,6.13962647877634,6.14203991927207,6.14752042293549,6.1306325122714,6.11492914892733,6.12438835203648,6.15284808911383,6.11404291540384,6.14601585641503,6.11367287673056,6.11028675734997,6.10123311169446,6.13346983864903,6.1004594527185,6.10613655298948,6.107994902879,6.10478080436587,6.10831694304943,6.11315437220037,6.11266111396253,6.10612481087446,6.10653507895768,6.11855043098331,6.10860713757575,6.10088555887342,6.10400280170143,6.10036037303507,6.10268845595419,6.10244839079678,6.10396058671176,6.11142574623227,6.10276451334357,6.1230031400919,6.13164319656789,6.10673045739532,6.10841834172607,6.12170775048435,6.10972512327135,6.09621689468622,6.10733661055565,6.10732798837125,6.10176181420684,6.11529986746609,6.10634863004088,6.11048329435289,6.11083105579019,,6.11338304322213,6.10851273965091,0.013841413511894
Smarch/olpce2294,1274,10.8329178616405,10.78331820108,10.8067176621407,10.812448952347,11.7323009185493,10.8352094069123,10.7915761042386,10.8445719368756,10.8371205683798,10.8053828384727,10.8304298780859,10.8393173143268,10.8452003989369,10.8165811207145,10.8082981854677,10.8174643963575,10.8001833949238,10.9096304923296,10.8186450116336,10.8151270803064,10.7928478028625,10.8006844352931,10.8213683906943,10.8005013745278,10.8001914992929,10.8202279433608,10.8297050278634,10.8216239083558,10.8524750098586,10.8220145124942,10.8304283022881,10.7924962006509,10.8006125483662,10.810329252854,10.8158007338643,10.8302088323981,10.8152474146336,10.8057335354388,10.815359313041,10.8117891438305,10.8202778995037,10.802118845284,10.8681605830789,10.8246693462133,10.9664923083037,10.8194950018078,10.8126843944192,10.8375176209956,10.8342062868178,10.8162507042289,,10.8414791979268,10.8180547039956,0.131890046206205
Smarch/adderII,1276,15.8648043777794,15.6954591087997,15.6842031218112,15.6737355366349,15.6916718222201,15.6719773355871,15.6528228130192,15.6788709796965,15.6611775252968,15.5171270743012,15.5134441442788,15.5326768122613,15.5045510493219,15.5076271742582,15.6726762503386,15.5511513277888,15.5550234541297,15.5537460129708,15.5709925591946,15.501930333674,15.5086508765817,15.5419983752072,15.5432631149888,15.5187261793762,15.5465286672115,15.5224478468299,15.540809487924,15.5402473472059,15.5033860914409,15.5006796643138,15.4932545684278,15.5250442624092,15.4748180918396,15.5330405756831,15.5404719877988,15.5095852203667,15.5391587670892,15.5661562345922,15.5410186741501,15.6152836102992,15.5674298126251,15.5698357950896,15.5268671885133,15.5508448947221,15.5331789776683,15.5586475767195,15.5542157460004,15.5938818156719,15.6061549093574,15.5295532550663,,15.5690169685706,15.542630745098,0.073692070054079
Smarch/at91sam7sek,1296,7.66414426825941,7.67727267369628,7.64991887845099,7.67863842472434,7.64321122504771,7.66401487216353,7.65870415046811,7.67075472697616,7.64175923727453,7.66787908039987,7.65177773497999,7.67300642468035,7.6471305731684,7.65140162408352,7.67518083006144,7.68059289455414,7.64842626079917,7.66090286150575,7.6740006506443,7.70865727588534,7.66147030703723,7.66464912518859,7.69659028016031,7.69554925709963,7.69343031384051,7.67530794814229,7.66729887761176,7.66636981256306,7.65150179341435,7.65164672397077,7.65852856822312,7.66874537616968,7.65831994824111,7.67428848333657,7.67177026905119,7.66348794475198,7.68327403627336,7.69306085631251,7.65680119581521,7.67432014830411,7.67438061349094,7.66199153847992,7.66655241884291,7.67243620567024,7.69752020388842,7.65294061787427,7.66441032849252,7.66731075942516,7.68970479629934,7.67304727993906,,7.66868161391467,7.66730481851846,0.015069402374755
Smarch/se77x9,1319,13.8868337236345,13.9773374907672,13.7913821358234,13.3509246129543,13.4898891244084,13.5747815128416,13.6898447908461,13.7592963911593,13.8887511342764,14.0056084915996,13.7289613131434,13.4372295197099,13.596477592364,13.6336159761995,13.743451250717,13.8324814494699,13.9536326527596,13.9377216920257,13.3934430573136,13.4477493520826,13.565264781937,13.6667891219258,13.7896231096238,13.9063639417291,14.0355719123036,13.7786746192724,13.3756806626916,13.4913056567311,13.6159472316504,13.6703630238771,13.80031962879,13.8854784760624,13.9666428491473,13.3378487545997,13.2877417337149,13.2502350322902,13.263630758971,13.3099569585174,13.2437213603407,13.2351713627577,13.255250075832,13.3050738163292,13.258793560788,13.2688222061843,13.2306164763868,13.2776883933693,13.2605651598424,13.2284924313426,13.2885817904025,13.2522044163197,,13.5644366513565,13.5700231473893,0.269082744246969
Smarch/m5272c3,1323,13.0034706033766,13.045926945284,13.0773495398462,12.9961708653718,13.079026248306,13.067035285756,13.0290520917624,13.0508255511522,13.0510230474174,13.509207252413,13.0139873027802,13.0284903086722,13.0635265596211,13.0367074348032,13.0664820037782,13.0163045804948,13.0430934876204,13.0538644697517,13.0367154795676,13.0708605088294,13.067317225039,13.0229259412736,13.1351315416396,13.199407402426,13.2274173628539,13.059107189998,13.0573816057295,13.1208537500352,13.04100385122,13.055379524827,13.054969444871,13.0920659191906,13.0663519725204,13.0664368513972,13.0178177803755,13.0103742685169,13.0054643619806,13.0252622496337,13.0039237830788,13.0114974416792,13.0193011984229,13.0599519442767,13.0236514639109,13.0119834784418,13.0922111403197,13.2305933758616,13.2265547178686,13.2029418479651,13.1833336055279,13.215928023681,,13.0789131966233,13.055174484849,0.089966990752123
Smarch/phycore229x,1360,23.203419059515,23.4689343608916,23.3309015762061,23.2722378317267,23.206860139966,23.1666592918336,23.9750788230449,23.6695501841605,23.0204245336354,23.2356234099716,23.4627576731145,23.8265448193997,23.1577600613236,23.126175859943,23.3038574103266,23.5062887817621,24.0513729024678,22.9971424210817,23.2476635240018,23.429894277826,23.6583386380225,23.152292188257,23.1195077951998,23.2901499737054,23.5336822252721,23.6025334242731,23.0039784964174,23.2287199012935,23.2725057639182,23.1508240457624,23.1888782437891,23.1511080469936,23.15607813932,23.181662471965,23.1852257065475,23.1135858260095,23.1800596192479,23.1761345304549,23.1616545431316,23.1875040717423,23.2416366375983,23.150108942762,23.3195633925498,23.3679515030235,23.2060306426138,23.1676990557462,23.507598746568,23.8157539516687,23.0998362023383,23.2167096063495,,23.3089291854948,23.2117848731577,0.241003856332398
Smarch/freebsd-icse11,1396,26.6822394151241,26.6430584993213,26.9312177784741,26.6202885620296,26.6547692064196,26.6603687480092,26.6121060717851,26.6800751872361,26.6999736633152,26.6494027655572,26.6879801005125,26.7100797984749,26.7412275113165,26.7229693066329,26.6356578990817,26.6268123649061,26.7771107908338,26.7411345634609,26.7413810063154,26.6825166679919,26.6578130796552,26.6651064530015,26.6875022929162,26.6464244481176,26.9104358758777,26.7319767102599,26.6858209520578,26.8190059885383,26.6605299618095,26.6523843128234,26.7980128321797,26.7144023664296,26.6326707992703,26.6451596394181,26.7134734224528,26.986422708258,26.6736540496349,26.7592276670039,26.5978955272585,26.7944701500237,26.5274100489914,26.5345549080521,26.5164418611675,26.5088394712657,26.5175014659762,26.6680888272822,26.5658885799348,26.5354930534959,26.5893749799579,26.5099986251444,,26.6761270193011,26.6665976401418,0.102872283433658
CDL/ea2468,1408,26.5332205425948,26.3434185571969,26.7083394508809,26.4968773592263,26.5408042110503,26.3442881722003,26.5186038259417,26.3488202020526,26.4139316193759,26.2802317161113,26.4790647961199,26.2709900476038,26.4674313161522,26.492140147835,26.3238290827721,26.5332581792027,26.3384022954851,26.5026610996574,26.3384946361184,26.5158904809505,26.3670679125935,26.4720626436174,26.4616976082325,26.4987523239106,26.5028179064393,26.4892230499536,26.4845518060029,26.4731828421354,26.4768100604415,26.4731131382287,26.4742856733501,26.4917690716684,26.4911273159087,26.4561054073274,26.5219962727278,26.5833898261189,26.7972202897072,26.8341831099242,26.7778740152717,26.7920670732856,26.8299683798105,26.700048673898,26.9178607948124,26.8260500878096,26.7757875602692,27.8725791200995,26.7919262964278,26.5863430798054,26.4764555376023,26.6113799903542,,26.5619678921252,26.4945087535307,0.247885471832255
KConfig/uClinux-distribution,1580,0.118605216965079,0.11956450343132,0.119855787605047,0.121562948450446,0.121162148192525,0.120576541870832,0.121416667476296,0.120087271556258,0.120691647753119,0.120996607467532,0.119543032720685,0.122246652841568,0.120480995625258,0.120119346305728,0.120693292468786,0.120087249204516,0.121554460376501,0.120909413322806,0.120846286416054,0.120988650247455,0.120528224855661,0.119996255263686,0.120963256806135,0.121154366061091,0.120307367295027,0.12138706445694,0.120779393240809,0.118504140526056,0.119081292301416,0.120589541271329,0.121197700500488,0.120862565934658,0.120224356651306,0.120306381955743,0.120652262121439,0.119343036785722,0.11873971670866,0.121377261355519,0.120392585173249,0.122272055596113,0.121053712442517,0.11912813782692,0.121095964685082,0.121887786313891,0.120064267888665,0.121372535824776,0.120795771479607,0.12028363533318,0.121569596230984,0.120948791503906,,0.120576954893768,0.120692470110953,0.000871636789637
Smarch/fiasco,1638,0.131536832079291,0.13101583532989,0.130941798910499,0.13052910938859,0.130828132852912,0.132064424455166,0.131520221009851,0.134421728551388,0.132204096764326,0.132524259388447,0.133875831961632,0.13163935765624,0.133329391479492,0.130326986312866,0.133555758744478,0.130233313888311,0.129162937402725,0.129012370482087,0.13004394993186,0.131660584360361,0.130715355277061,0.132739601656795,0.131276661530137,0.133110471069813,0.13049990683794,0.131472088396549,0.131952416151762,0.131252728402615,0.132566660642624,0.132016982883215,0.133334491401911,0.132117297500372,0.129837486892939,0.131611678749323,0.133891088888049,0.132197849452496,0.129986364394426,0.13324274495244,0.131860423833132,0.132478935644031,0.130106303840876,0.129272572696209,0.132448378950357,0.132472956553102,0.130738954991102,0.132504511624575,0.131454676389694,0.130217976868153,0.131245460361242,0.129891661927104,,0.131578832194209,0.131574255414307,0.001303768666755
confidential/automotive05/05,1663,1800,1800,1800,1800,1800,1800,1800,1800,1800,1800,1800,1800,1800,1800,1800,1800,1800,1800,1800,1800,1800,1800,1800,1800,1800,1800,1800,1800,1800,1800,1800,1800,1800,1800,1800,1800,1800,1800,1800,1800,1800,1800,1800,1800,1800,1800,1800,1800,1800,1800,,1800,1800,0
Smarch/uClinux,1850,0.083955528214574,0.082221684977412,0.083753211423755,0.084080427885056,0.08160936832428,0.08218701556325,0.083349347114563,0.084189731627703,0.082797199487686,0.082104029133916,0.082980712875724,0.083616435527802,0.083736496046186,0.081980796530843,0.083259753882885,0.083330241963267,0.082724504172802,0.083646919578314,0.082312481477857,0.08258973620832,0.085029389709234,0.081840554252267,0.081005603075028,0.08452770113945,0.083180652931333,0.08193008042872,0.083175292238593,0.0837721247226,0.082492889836431,0.082334304228425,0.083604469895363,0.083930036053062,0.084981201216579,0.081672884523869,0.086791822686792,0.078382538631559,0.08113101683557,0.084357507526875,0.082590844482184,0.08240294829011,0.083913559094071,0.082940276712179,0.083158131688833,0.082490656524897,0.083386836573482,0.079158511012793,0.081929966807366,0.084728635847569,0.082524845376611,0.082055477425456,,0.08291692763567,0.082960494793952,0.00139381029853
automotive01/automotive01,2513,1.08144104108214,1.08330721408129,1.08774210512638,1.08436801098287,1.08335994929075,1.08530643768609,1.08389051631093,1.08795459195972,1.0819972269237,1.08113449439406,1.08182669617236,1.08339726179838,1.08682108297944,1.08509972505271,1.08850040473044,1.08405504561961,1.08287712931633,1.08439849875867,1.08489350788295,1.08247154019773,1.08335155248642,1.07999573647976,1.0808092802763,1.07973041199148,1.08064507320523,1.08222689665854,1.08511873334646,1.08502992428839,1.08398940041661,1.08355483785272,1.08573687076569,1.08388893865049,1.08354555629194,1.08560163341463,1.08485530689359,1.08539690636098,1.08794583752751,1.08583755232394,1.0860987007618,1.08510837890208,1.08407939039171,1.08327748999,1.08536914363503,1.08345193974674,1.08976827189326,1.08518546819687,1.08300020173192,1.086166318506,1.09852332063019,1.08284881897271,,1.08449960745871,1.08406721800566,0.002955124235221
confidential/automotive03/automotive03b,4902,0.166855160146952,0.168693780899048,0.168002799153328,0.170541988685727,0.168650383129716,0.168558340519667,0.168318407610059,0.168204512447119,0.170106496661902,0.167120518162847,0.169224597513676,0.166780238971114,0.170426730066538,0.168471517041326,0.168181322515011,0.169152643531561,0.169016119092703,0.168197169899941,0.169593837112188,0.167863693088293,0.168533444404602,0.170127397403121,0.168903090059757,0.168398274108768,0.167994504794478,0.170036271214485,0.169544599950314,0.167613865807653,0.168255431577563,0.170057222247124,0.168047390878201,0.167062286287546,0.168673476204276,0.169033784419298,0.168693633750081,0.168225433677435,0.166699951514602,0.169623956084251,0.168799901381135,0.170905260369182,0.19830210506916,0.170495646074414,0.199540736153722,0.171555632725358,0.167626745998859,0.168387467041612,0.168536972254515,0.165360704064369,0.169739153236151,0.168682573363185,,0.169908343367279,0.168661929666996,0.006098497187951
confidential/automotive06/automotive06b,5571,0.170755419880152,0.172494674101472,0.168921845033765,0.135088443756104,0.130959343165159,0.132942454889417,0.132599135860801,0.132366571575403,0.132849307730794,0.132834134623408,0.132663322612643,0.132201459258795,0.133032616227865,0.133077127858996,0.133001638576388,0.130715424194932,0.133170956745744,0.161800432950258,0.132953362539411,0.134929001331329,0.132327219471335,0.166270608082414,0.13658382371068,0.133021283894777,0.132428096607327,0.132051093503833,0.133621729910374,0.132704168558121,0.132353516295552,0.132714319974184,0.133838184177876,0.132486818358302,0.134416561573744,0.132305579259992,0.133321791887283,0.132045498117805,0.132708042860031,0.131241731345654,0.13205892778933,0.132972540333867,0.131712015718222,0.13302718475461,0.132447859272361,0.132035303860903,0.13431890308857,0.131938479840755,0.130841922014952,0.133783537894487,0.132604291662574,0.1331229750067,,0.136333213634789,0.132841721177101,0.010795566579096
KConfig/linux-2.6.33.3,6467,1800,1800,1800,1800,1800,1800,1800,1800,1800,1800,1800,1800,1800,1800,1800,1800,1800,1800,1800,1800,1800,1800,1800,1800,1800,1800,1800,1800,1800,1800,1800,1800,1800,1800,1800,1800,1800,1800,1800,1800,1800,1800,1800,1800,1800,1800,1800,1800,1800,1800,,1800,1800,0
Smarch/busybox-1.18.0,6796,0.536068566143513,0.519879639148712,0.492940464988351,0.493260974064469,0.492137961089611,0.490916823968291,0.49110377766192,0.490798456594348,0.489097259938717,0.492887081578374,0.490463808178902,0.491808334365487,0.489727530628443,0.490198243409395,0.492783419787884,0.493618732318282,0.493954980745912,0.493775771930814,0.493512410670519,0.493865331634879,0.493153505027294,0.492909617722034,0.494206385686994,0.494091099128127,0.492166379466653,0.493088683113456,0.496424984186888,0.496275721117854,0.492869766429067,0.494012132287026,0.49112381786108,0.492741446942091,0.49293565005064,0.490929747000337,0.497762247920036,0.496357500553131,0.489212496206164,0.496960664168,0.496886299923062,0.491618733853102,0.493061691522598,0.492457594722509,0.493993185460568,0.494250139221549,0.490976095199585,0.491187522187829,0.497463084757328,0.491062540560961,0.493643982335925,0.4927743896842,,0.494387933462858,0.492938057519496,0.007408526898368
Smarch/2.6.28.6-icse11,6888,1800,1800,1800,1800,1800,1800,1800,1800,1800,1800,1800,1800,1800,1800,1800,1800,1800,1800,1800,1800,1800,1800,1800,1800,1800,1800,1800,1800,1800,1800,1800,1800,1800,1800,1800,1800,1800,1800,1800,1800,1800,1800,1800,1800,1800,1800,1800,1800,1800,1800,,1800,1800,0
confidential/automotive07/automotive07b,8649,4.05889761075377,4.06333862990141,4.07066993415356,4.06474586389959,4.06895225308836,4.06659867614508,4.6550865676254,4.06833595409989,4.06783013790846,4.06348973885179,4.06466691754758,4.07611022144556,4.07476678863168,4.07961576059461,4.0659977030009,4.06204984895885,4.06501817703247,4.06865589879453,4.07289430499077,4.06645957753062,4.06231198087335,4.06699441932142,4.07002118229866,4.07457143440843,4.10108510404825,4.06938050501049,4.05857823230326,4.06447784788907,4.06043383479118,4.06777604110539,4.06655052304268,4.06579753756523,4.06742298416793,4.11706033907831,4.05990442074835,4.06069206632674,4.07066383212805,4.07088760845363,4.06799670867622,4.0613478589803,4.07548766769469,4.06895029731095,4.05738532729447,4.05931043997407,4.06464190222323,4.07516449317336,4.06248635984957,4.36697085574269,4.07119136489928,4.08776064030826,,4.08674968749285,4.06759951263666,0.092760639765876
Smarch/uClinux-config,11254,1.02571105398238,1.03207499533892,1.0226760096848,1.03357092663646,1.02662916108966,1.04997691884637,1.02485422231257,1.04098444245756,1.02851917594671,1.03703140094876,1.03433370403945,1.04144003801048,1.03419353999197,1.02929230220616,1.0270957108587,1.03106137365103,1.04251157492399,1.03111152723432,1.02751166373491,1.04239699617028,1.02898765355349,1.02443760447204,1.04388052783906,1.08076258189976,1.0293840225786,1.02906518615782,1.0379807241261,1.03872539661825,1.06112474389374,1.02539910748601,1.0167320240289,1.02540471591055,1.02568466030061,1.03528188727796,1.02346024848521,1.04024574533105,1.02584992349148,1.02625857666135,1.03356223739684,1.03336409665644,1.03647045791149,1.02684138342738,1.03654010780156,1.02618191577494,1.04201052337885,1.03567910194397,1.03340815939009,1.03561501577497,1.02885434776545,1.02824685536325,,1.03356832541525,1.03159326128662,0.010369656196871
Smarch/buildroot,14910,1800,1800,1800,1800,1800,1800,1800,1800,1800,1800,1800,1800,1800,1800,1800,1800,1800,1800,1800,1800,1800,1800,1800,1800,1800,1800,1800,1800,1800,1800,1800,1800,1800,1800,1800,1800,1800,1800,1800,1800,1800,1800,1800,1800,1800,1800,1800,1800,1800,1800,,1800,1800,0
automotive02/automotive2_4,18616,109.254005743191,110.407071322203,112.367446769029,110.445094883442,112.245787320659,113.242980584502,111.062297504395,111.495615916327,113.16698720865,108.961095815524,145.831447638571,149.639140935615,151.930234983563,148.135022591799,146.350089246407,145.151707597077,145.432264920324,112.444172296673,111.365506427363,110.083319693804,109.536779550836,110.341237595305,109.171667119488,108.873404009268,109.07553801313,109.180365527049,109.16352127865,109.699975684285,109.47029514797,110.41029153578,109.299698341638,109.858650356531,108.798462564126,111.733604326844,111.823262857273,112.898608362302,111.247295165434,109.399066505954,111.601016903296,110.197287980467,109.005505407229,109.338275784627,110.209282454103,111.136489734054,112.799553979188,113.673155384138,111.571430163458,113.40571699664,114.533271733671,112.036044549197,,115.970000888221,111.191892449744,12.9610626392431
Smarch/embtoolkit,23516,26.901974670589,26.898070788011,26.8026258144528,27.6086470596492,26.7982714772224,26.8629321102053,26.9024118073285,26.8580896146595,26.8438864126801,26.9194523058832,26.8513109013438,26.8648367505521,26.8345315884799,26.8507968634367,26.9777904041111,26.7809005454183,26.8927212022245,26.8912319783121,26.9108531530946,26.8865328822285,26.9178388752043,27.0010992288589,26.8438178449869,26.777143843472,26.8509827870876,26.8863132093102,26.8418755661696,26.9239895027131,26.9027645476162,26.8998840115964,26.8945331592113,26.9537716880441,26.8445041999221,26.9064876455814,26.8083529472351,26.8689767979085,26.9647419322282,26.9045585356653,26.9292866960168,26.9482553824782,26.9593640677631,26.8589039035141,26.8899378087372,26.8215030319989,26.9243457000703,26.8100383356214,26.861087474972,26.9246581885964,26.7893165443093,26.8287944290787,,26.893499924317,26.8882353454828,0.115643559553241
Smarch/freetz,31012,1362.90207395703,1383.54850790463,1372.98136812449,1372.54046101309,1390.92610585503,1384.74814851955,1392.41451852955,1386.37439346872,1383.22554109991,1360.83603174612,1382.76482849568,1386.59569772705,1393.96418791264,1364.7696436923,1366.85887396894,1381.26538427919,1386.23972976021,1350.91978740878,1384.76184884645,1382.59492576309,1383.09291883931,1389.59702823125,1373.79460131936,1384.47659430653,1359.4906299822,1365.4365953505,1380.88797483966,1383.35823877156,1385.46333766542,1365.09548138082,1381.90932190791,1374.20268857852,1377.51563340425,1373.50291979685,1392.46847127937,1374.31321015768,1364.97732524388,1374.77706094459,1375.33202972449,1369.90352440067,1388.97798369266,1370.51952216774,1377.46326859668,1376.09501081891,1383.28581991978,1363.7864298448,1374.16668866575,1369.08590762503,1381.81377948262,1385.08043404296,,1377.42204978108,1379.20180412196,9.80785632476136
Smarch/2.6.32-2var,60072,1800,1800,1800,1800,1800,1800,1800,1800,1800,1800,1800,1800,1800,1800,1800,1800,1800,1800,1800,1800,1800,1800,1800,1800,1800,1800,1800,1800,1800,1800,1800,1800,1800,1800,1800,1800,1800,1800,1800,1800,1800,1800,1800,1800,1800,1800,1800,1800,1800,1800,,1800,1800,0
Smarch/2.6.33.3-2var,62482,1800,1800,1800,1800,1800,1800,1800,1800,1800,1800,1800,1800,1800,1800,1800,1800,1800,1800,1800,1800,1800,1800,1800,1800,1800,1800,1800,1800,1800,1800,1800,1800,1800,1800,1800,1800,1800,1800,1800,1800,1800,1800,1800,1800,1800,1800,1800,1800,1800,1800,,1800,1800,0
