CDL/am31_sim.dimacs,21.0817922344431,21.0450162682682,20.952590636909,21.0074655348435,20.961001010146,20.9424626803957,20.9969954816625,20.9431813065894,21.0706253927201,21.0899933953769,21.685098380316,21.7843480692245,21.6897901031189,21.7364860358648,21.6098782923073,21.6742010000162,21.7563390368596,21.6922863000072,21.6436530235224,21.7171417879872,21.7270994503051,21.7771334205754,21.6429352457635,21.9673302620649,21.6319515686483,21.6609968016855,21.6377389947884,21.6366942939348,21.5858780569397,21.557636176236,21.7101478339173,21.8852475173771,22.0905290772208,21.8022149270401,21.7740538567304,21.7230270509608,21.7867864589207,21.7420802069828,21.8340684552677,21.8296684389934,21.6471171616576,21.7859118063934,22.2452122350223,21.6738365860656,21.75249103643,21.7038845652715,21.6565876030363,21.7344206264243,21.7491023461334,21.6748985769227
CDL/ea2468.dimacs,71.364063297864,71.7151779420674,71.8766999151558,71.6567904856056,71.605304199271,71.3974818140269,71.5641133412719,71.4697351572103,71.4113828805275,71.4502994241193,70.7073361449875,71.4932970721274,70.6441847970709,71.2295387401246,70.981066252105,72.2998776929453,70.8240224970504,70.719035484828,71.6803327412344,70.5276371720247,70.6457161172293,71.3904760959558,70.7001463240012,72.0233319588006,70.8329629288055,70.7877695569769,70.6945356135257,71.8431540811434,70.0726103261113,70.2391768894158,70.663967161905,71.378625229001,70.7113488488831,71.3431232566945,70.9337807227858,70.8083150046877,71.413171841763,70.8594541200437,71.0623486316763,70.9972405270673,70.9622105904855,70.8218654822559,70.9966724072583,70.9987908229232,71.0179940629751,70.7434546048753,71.0358470007777,70.7341305315495,70.9078131467104,70.9061901359819
CDL/p2106.dimacs,34.5170114631765,34.5943972771056,34.5911926329136,34.4537199549377,35.2952342336066,34.515335066244,34.5862267869525,34.8128679888323,34.3530725161545,34.4500490031206,34.2393391006626,34.6126911235041,34.3796784840524,34.67501702765,34.703349461779,34.5250429762527,34.4828019868582,34.3708516960032,34.576234492939,34.637533203233,34.3321261978708,34.7697696015238,34.4884853716939,34.264528229367,34.2725825989619,33.9385684230365,33.901570764836,33.8624178520404,33.9144104849547,34.3614630238153,34.6182113336399,34.652530125808,34.5782272974029,34.5499189575203,34.5049965232611,34.5124848317354,34.4010892417282,34.6187244080939,34.4298231997527,34.1832546573132,34.651080366224,34.7157536186278,34.3602912710049,34.3318114280701,34.2057474469766,34.2475131447427,34.3299403591081,34.2737811980769,34.1432668990456,34.3437464609743
KConfig/axTLS.dimacs,0.035075943917036,0.030511935707181,0.031408710405231,0.032797075808048,0.030960510019213,0.03358259703964,0.027569428086281,0.028987143654376,0.029480116907507,0.035725092049689,0.028669954277575,0.026578580029309,0.030746145173907,0.032214587088675,0.029198806732893,0.028324236627669,0.030282832682133,0.027208243962377,0.02721746172756,0.026420684531331,0.024878699798137,0.027897669002414,0.026274125557393,0.029318649321795,0.029809528961778,0.029655832797289,0.031032377388329,0.03129472117871,0.026140150148422,0.021086749620736,0.032942814752459,0.027292161248625,0.031388148665429,0.031408864073455,0.02587737608701,0.028829059097916,0.030199831351638,0.031839818693697,0.032405782025308,0.030586414970458,0.030489577446133,0.025895055849105,0.031514617614448,0.030875092837959,0.027614118997008,0.030415141023695,0.029641824774444,0.025732220616192,0.025876070838422,0.023070921190083
KConfig/busybox-1.18.0.dimacs,0.09733964689076,0.087881189770997,0.088590967003256,0.10060649830848,0.097461841534824,0.099239007569849,0.092606643214822,0.098666604142636,0.099605023860932,0.093034130055458,0.09914318099618,0.100756502244622,0.095630068797618,0.104388802312314,0.096429353114217,0.105580059811473,0.097450045868754,0.101015501189977,0.094374069944024,0.098642564378679,0.095480819232762,0.096120801754296,0.098043382167816,0.103284785058349,0.100614873226732,0.096123359166086,0.102660807780922,0.095318031962961,0.092430059798062,0.09684068383649,0.091079733800143,0.097426618915052,0.095377381891013,0.098690853454172,0.093556589446962,0.090088509954512,0.091101659461856,0.08759059663862,0.097863822244108,0.093434620182962,0.096333896741271,0.09990002727136,0.094609527848662,0.097026051487774,0.09330962318927,0.096081456169486,0.093574253842234,0.093165149446577,0.095927824731916,0.090174460317939
KConfig/embtoolkit.dimacs,0.243362165987492,0.227899555116892,0.21926856925711,0.245638778898865,0.223043614067137,0.244657856412232,0.222872857004404,0.225467384327203,0.223555455449969,0.218077309429646,0.228863853029907,0.252951459959149,0.227548972703517,0.221336347982287,0.221032264176756,0.218764822464437,0.224932580254972,0.245143475942313,0.223394061904401,0.227683302946389,0.21868514502421,0.24947360996157,0.220182904042304,0.247124711051583,0.22249505110085,0.21701441379264,0.218350045848638,0.220164694357663,0.21789233898744,0.220572617836297,0.235955125186592,0.227385906036943,0.226950778625905,0.220004902221263,0.220785849262029,0.240646536462009,0.219891992863267,0.215417911764234,0.216136269271374,0.216718721669167,0.219872120767832,0.21840627072379,0.224726825021207,0.219430108089,0.225229186005891,0.218339886050672,0.249048376921564,0.231564245186747,0.242265705019236,0.230656774248928
KConfig/linux-2.6.33.3.dimacs,1800,1800,1800,1800,1800,1800,1800,1800,1800,1800,1800,1800,1800,1800,1800,1800,1800,1800,1800,1800,1800,1800,1800,1800,1800,1800,1800,1800,1800,1800,1800,1800,1800,1800,1800,1800,1800,1800,1800,1800,1800,1800,1800,1800,1800,1800,1800,1800,1800,1800
KConfig/uClibc.dimacs,0.10853115003556,0.119945181068033,0.12697193492204,0.135296331252903,0.104266323614866,0.100082382559777,0.084329126868397,0.105521459132433,0.102759453002364,0.08896855963394,0.084600960835815,0.084634322207422,0.085701182484627,0.084518468938769,0.081258629448712,0.082865993957967,0.078238647896796,0.083853689488024,0.081966882571578,0.084456509910524,0.087466572411359,0.087721589487046,0.088486182037741,0.08499703090638,0.084525631275028,0.08684318466112,0.081193787045777,0.084050845820457,0.076317477039993,0.078822935931385,0.087175473105163,0.080980016849935,0.083645177073777,0.086125083267689,0.080287948250771,0.084497374948115,0.076953917276115,0.078505608718843,0.082951029762626,0.080886425916106,0.131132082082332,0.121418143622577,0.132930655963719,0.129727719817311,0.131305844988674,0.092965118121356,0.104084327351302,0.131005479488522,0.101836046669633,0.091824834235013
KConfig/uClinux-base.dimacs,0.100907478947193,0.098949029576034,0.117947790771723,0.103502675890923,0.103275054134428,0.12022424209863,0.103387650102377,0.11263064481318,0.097791865933687,0.12601263076067,0.081001238897443,0.085879168938846,0.088554718997329,0.083550471812487,0.081713953055442,0.084292020183057,0.086602706927807,0.084107768256217,0.081705342046917,0.082941772881896,0.089132990688085,0.082182832527906,0.081808850169182,0.086176684126258,0.085420866962522,0.089760930743068,0.081779893953353,0.081445745192468,0.078123772051186,0.075768712908029,0.077283666934819,0.083428992889821,0.08798052603379,0.084831847343594,0.08513829484582,0.086075026076287,0.084650700446219,0.089398977346718,0.08392814360559,0.082462571561337,0.102292486932129,0.102814288809895,0.107544106896967,0.106681003235281,0.146719717886299,0.102387582883239,0.103056425694376,0.128195146098733,0.095134502276779,0.101607755292207
KConfig/uClinux-distribution.dimacs,0.156189129222185,0.142057801131159,0.153377305250615,0.158026353921742,0.141595364082605,0.14826127467677,0.156297975685448,0.152497372590006,0.154788260348141,0.143079498317093,0.127504526171834,0.128476152196527,0.128013349603862,0.128185647074134,0.128999102395028,0.128168847877532,0.129758060909808,0.127097377087921,0.133825690951198,0.126742978114635,0.137066738214344,0.13064019009471,0.128986871801317,0.131009346805513,0.129116029012948,0.130131409969181,0.130541548132896,0.129917131271213,0.130986833013594,0.130133227910846,0.12840242497623,0.133592730853707,0.134881171863526,0.130580777768046,0.130343395285308,0.125671973917634,0.13163485005498,0.130271214991808,0.126025240402669,0.134095910936594,0.152484756894409,0.148854423314333,0.153432498220355,0.153623714577407,0.136883724480868,0.151230397168547,0.140253521036357,0.14880887279287,0.146290387026966,0.139989954885095
Smarch/2.6.28.6-icse11.dimacs,1800,1800,1800,1800,1800,1800,1800,1800,1800,1800,1800,1800,1800,1800,1800,1800,1800,1800,1800,1800,1800,1800,1800,1800,1800,1800,1800,1800,1800,1800,1800,1800,1800,1800,1800,1800,1800,1800,1800,1800,1800,1800,1800,1800,1800,1800,1800,1800,1800,1800
Smarch/2.6.32-2var.dimacs,1800,1800,1800,1800,1800,1800,1800,1800,1800,1800,1800,1800,1800,1800,1800,1800,1800,1800,1800,1800,1800,1800,1800,1800,1800,1800,1800,1800,1800,1800,1800,1800,1800,1800,1800,1800,1800,1800,1800,1800,1800,1800,1800,1800,1800,1800,1800,1800,1800,1800
Smarch/2.6.33.3-2var.dimacs,1800,1800,1800,1800,1800,1800,1800,1800,1800,1800,1800,1800,1800,1800,1800,1800,1800,1800,1800,1800,1800,1800,1800,1800,1800,1800,1800,1800,1800,1800,1800,1800,1800,1800,1800,1800,1800,1800,1800,1800,1800,1800,1800,1800,1800,1800,1800,1800,1800,1800
Smarch/7z.dimacs,0.032355984207243,0.027420289814472,0.026632566936314,0.028076865244657,0.028484411071986,0.027788211591542,0.021880288608373,0.027136213611811,0.028403075877577,0.025918653234839,0.028431365732104,0.028211294207722,0.029462781734765,0.02509854733944,0.027989944443107,0.02922131633386,0.028480782173574,0.026508734095842,0.026001358870417,0.028169282712042,12.4921420030296,0.044918238651008,0.069758201949298,0.059532034210861,0.113404758740216,0.088042621035129,0.064794756472111,0.032642679754645,0.066492352169007,0.057758710347116,0.077368780970574,0.101915390696377,0.030046912375837,0.054810870904476,0.027483670040965,0.042354824021459,0.085281282197685,0.029926801100373,0.030718244146556,0.030312797985971,0.03425064496696,0.031758781988174,0.02991862827912,0.032970985397697,0.036118142306805,0.044504839461297,0.03848329745233,0.029845588840545,0.032700306270272,0.025262970011681
Smarch/BerkeleyDBC.dimacs,0.023925638757646,0.02432904066518,0.022858323995024,0.021662149578333,0.022604646161199,0.021883128676563,0.018461704719812,0.023117119446397,0.021165896672756,0.020080968737603,0.022816114593297,0.019653134047985,0.020401472691447,0.019998809322715,0.018565705046058,0.017816343810409,0.01964467111975,0.018729254603386,0.022882068529725,0.019904943183065,0.029679764527828,0.031267014797777,0.059385769069194,0.032749846577645,0.025320897810161,0.029434714931995,0.027035545092077,0.032631862908602,0.030631347093731,0.03070288617164,0.033293555956334,0.031436493154616,0.027142502833158,0.026879222132266,0.024984769988805,0.033193001057952,0.026841273996979,0.03023680113256,0.048559005372226,0.029096676968038,0.022413773462177,0.025889921933413,0.026708690915256,0.027009616140277,0.0263984776102,0.023809828329831,0.032578827813268,0.027190087363124,0.053327960893512,0.0371847380884
Smarch/Dune.dimacs,0.021350301802159,0.019153073895723,0.019521919544786,0.020637550856919,0.025141850113869,0.023062502965332,0.019421842414886,0.020013373345137,0.019241952337325,0.021410572342575,0.022867992520333,0.027423000894487,0.024087029974908,0.01800185535103,0.022929154802114,0.020270483568311,0.021677176933736,0.023653217125684,0.01870795385912,0.019438282120973,0.034669695887715,0.029152158182114,0.06243238504976,0.062592233996839,0.066497748717666,0.032178169116378,0.056099869776517,0.055743580218405,0.030435721855611,0.033856272231787,0.024487439077348,0.02908128593117,0.028079180046916,0.027929535135627,0.03026137733832,0.032704026903958,0.048267357517034,0.029100733809174,0.030956492759288,0.027657619677484,0.032341447193176,0.030489689670503,0.05598545446992,0.050572162028402,0.051600211765617,0.036132341716438,0.055041824001819,0.028402747120708,0.026520747691393,0.028273621108383
Smarch/HiPAcc.dimacs,0.023949431255459,0.026980711147189,0.024284354876727,0.026663388125598,0.024487712420523,0.024235552176834,0.023041260428726,0.024034602101893,0.023959019221366,0.025476931128651,0.02527223713696,0.023230466060341,0.028615659568459,0.031537584029138,0.023733771871776,0.029455957934261,0.028576207812876,0.024229461327196,0.025615552905947,0.025037795305252,0.032088414300233,0.049844398163259,0.042874380480498,0.04665254848078,0.059518801048398,0.031699165236205,0.040965449064971,0.039691444952041,0.041384081356227,0.037793044932187,0.030883761122823,0.06316739320755,0.035449215676636,0.03143727593124,0.034529369790107,0.036810857243836,0.03437958098948,0.03971859999001,0.032088428270072,0.030396603979171,0.033858383074403,0.030425194650888,0.029883624985814,0.034411175642163,0.035843364428729,0.056699401233346,0.062971319537609,0.052068035118282,0.061646696180105,0.035291481763124
Smarch/JHipster.dimacs,0.030007344204932,0.025897151324898,0.029085596092045,0.026982297189534,0.022532846778631,0.024966548662633,0.024465281050652,0.025373494718224,0.025545436888933,0.026754122693092,0.024328569881618,0.02491469681263,0.025351964868605,0.027250292245298,0.02303764410317,0.02504995604977,0.023468021769077,0.022855097427964,0.022462560329587,0.023127196822315,0.037612978368998,0.038673866074533,0.041347965598107,0.040871931705624,0.040925486478954,0.035842427052557,0.034444208256901,0.03669466264546,0.037718313280494,0.042662164662033,0.031435060780495,0.061239372007549,0.030282031279057,0.042992529459298,0.030701146926731,0.032487302087247,0.031182354316116,0.055980190169066,0.056851029396057,0.030481897760183,0.032168027013541,0.051382986828685,0.032521984074265,0.036198424175381,0.028585663996637,0.034860659856349,0.041080734226853,0.032808589283377,0.033740030135959,0.033613700885326
Smarch/JavaGC.dimacs,0.026608189567924,0.020517424214632,0.026884477119893,0.022902939934284,0.026334795169532,0.022857449483126,0.02280213823542,0.022348325233907,0.028048852924258,0.025384448003024,0.019112279172987,0.02130345767364,0.021092496812344,0.022047833073885,0.026777811814099,0.026967969723046,0.024718317668885,0.026324811857194,0.027914590202272,0.026710977312178,0.035241164267064,0.069074511062354,0.035230681765824,0.045219989959151,0.036441126372665,0.037098234985024,0.069157550577074,0.035503054969013,0.037943575996906,0.033771473914385,0.030725630000233,0.025761465076358,0.053008115384728,0.062006630003453,0.032986726146191,0.028034211136401,0.052909288089722,0.030947299208492,0.03768669301644,0.036775473039597,0.038581273984165,0.033078135922551,0.028423325158656,0.028263418003917,0.031320012174547,0.051280015148223,0.049665588419884,0.058893725741654,0.055223051924259,0.03578777005896
Smarch/LLVM.dimacs,0.016685327980668,0.016362758353352,0.017971076071262,0.023023382760584,0.021085175685584,0.020080597605556,0.019534755498171,0.022445406764746,0.018786483909935,0.018847438972444,0.020923508796841,0.020208436530084,0.016870249062776,0.020796808414161,0.018359877634793,0.018931991420686,0.017806292045861,0.018468625377864,0.019110666587949,0.019076397642494,0.032948207110166,0.036377292126417,0.039350848644972,0.036604107823223,0.058893425390125,0.034231264609844,0.062447194010019,0.03192283725366,0.069331798702478,0.063338715117425,0.025503993034362,0.03061410272494,0.027873213868588,0.034815690945834,0.056279568001628,0.027357147075236,0.02852973388508,0.046497827861458,0.026874734088778,0.044874649960548,0.028165372088552,0.024122491013258,0.024473201017827,0.030798498075456,0.02914079837501,0.024871704634279,0.03102830471471,0.028132896404714,0.026270464994013,0.03597747720778
Smarch/Polly.dimacs,0.024650934152305,0.026296011637897,0.023329901043325,0.021288760006428,0.022091443650424,0.024691245984286,0.022395831532776,0.02049311902374,0.022777458187193,0.023239634931088,0.026097783818841,0.021224565804005,0.020834061782807,0.02569554373622,0.026174968108535,0.025654268451035,0.024547062814236,0.020212927833199,0.02056029625237,0.020231720525772,0.033390203490853,0.035148406866938,0.037070815917105,0.059118430130184,0.0371571383439,0.033960151020438,0.061666908208281,0.063937226776033,0.057263114023953,0.038062930107116,0.032370345201344,0.034222615417094,0.055790091864765,0.028536010999233,0.031026029959321,0.057290450669826,0.031447496730835,0.03602516418323,0.035224692896009,0.028591470792889,0.032332909759134,0.035841179080308,0.030435048043728,0.029404409229756,0.031770076137036,0.031092167831958,0.027831065468491,0.037088766228407,0.0362094999291,0.034896099939943
Smarch/VP9.dimacs,0.020441692788154,0.027217654976994,0.026971593964845,0.025556921027601,0.025549084413796,0.025427902117372,0.023821600247175,0.025970045011491,0.026539206970483,0.025407906156033,0.021025798749179,0.021354435011745,0.020676557905973,0.021187934558839,0.021400652825833,0.021241882350296,0.028443183284253,0.024394531734288,0.025068217422814,0.025261989794672,0.03538388106972,0.036033007781953,0.033647543750704,0.035214415751398,0.032140388619155,0.036859855987131,0.036494334693998,0.02400199463591,0.023659949656576,0.021500201895833,0.033953283913434,0.032408001832664,0.0334357842803,0.03194085881114,0.030905852559954,0.066452550236136,0.110990263987332,0.058472264092416,0.03273523459211,0.032169183716179,0.030153155326843,0.054678015410901,0.028221711982042,0.029346337076276,0.036815296858549,0.031891837250442,0.031073798891157,0.02848508534953,0.039496097248048,0.029768860898912
Smarch/X264.dimacs,0.020531373098492,0.019073938485235,0.019148523919285,0.020327319856733,0.021156388800591,0.019698642194271,0.024704840499908,0.018705403897911,0.024654976092279,0.020444774534554,0.02135314559564,0.01818892126903,0.020230827387423,0.017813684418797,0.025365601759404,0.021644824650139,0.019061401952058,0.019720374140888,0.02258634287864,0.020770022179932,0.017798447981477,0.02383899083361,0.019228605087847,0.018320309463888,0.01672151312232,0.023179213516414,0.020818067714572,0.01958774542436,0.021592084784061,0.020199925173074,0.056770579423755,0.025976777076721,0.029290405102075,0.03083813097328,0.031945225317031,0.036720939911902,0.036493561230601,0.053670082241297,0.056839047931134,0.05619292287156,0.032171259634197,0.025406198110431,0.025943328160793,0.029631645884365,0.032192226964981,0.03133109305054,0.029666996560991,0.032667441293598,0.035148683935404,0.059037555940449
Smarch/adderII.dimacs,203.864846201147,221.191942180041,213.906221516896,205.914131643717,212.420968182385,204.466480056755,211.515887223184,212.013793974649,209.148605273106,204.470658849925,201.911621594336,201.433136695996,201.630041792988,222.084832162131,215.756073380355,219.469957966357,206.352263326291,198.271709857974,198.388103307691,200.811636683531,215.567176857032,206.70729280496,206.560628247913,198.923808373976,197.376007452141,200.691253951285,205.298852162436,202.017956524156,205.121124072932,212.444505522493,204.524727044161,203.257591311819,207.819561414886,212.718114738818,213.682658075355,203.337315028999,201.913135164418,201.692541434895,204.121508472134,211.394729143474,207.916241758037,201.613328812178,200.287078411318,211.22887557419,211.774377810304,201.76342211105,196.610244429205,196.146682997234,200.418222993147,202.502280733083
Smarch/at91sam7sek.dimacs,215.357539785095,213.792557577603,211.968050831464,212.346493752208,203.931809876114,217.109588799533,217.614307917189,216.899824833032,213.815820081159,212.77870611148,212.643487358932,217.071457025129,217.068837802857,209.501357072964,212.914285516832,218.630870797206,213.671540032141,212.330474028829,210.076462567783,213.688622901216,214.520373939537,218.474061676767,215.210901528132,214.695416000672,209.550880671944,209.955515628215,210.697783113923,211.678336569108,211.345129775815,210.98333895579,215.418444589711,212.511568367016,221.028011764865,216.7246291521,212.86238011811,211.980356955435,213.307308667805,212.556828557979,211.125129166991,206.129938470199,220.82424960006,211.009942774661,210.343309060671,227.218887466937,216.409730353858,211.128591117449,210.996428037993,211.764725294895,210.798152674455,211.56608059397
Smarch/axTLS.dimacs,0.143655410967767,0.078396231867374,0.121256229002029,0.135557082016021,0.084622889757157,0.106685323175043,0.112417843192816,0.080103802960366,0.08653077064082,0.088216634932906,1.37686644727364,0.133447027299554,0.118982712272555,0.118723640684039,0.141206607222557,0.092582545243204,0.082349849399179,0.087695415131748,0.137655126862228,0.087172328960151,0.073112622834742,0.073389942757785,0.071366902906448,0.074063239153475,0.073423102498055,0.068329408299179,0.065892405342311,0.067378371953964,0.075141768902541,0.071390695869923,0.072948468383401,0.072609570808709,0.072973873000593,0.072537918109447,0.075972801540048,0.069367407821119,0.065913689788431,0.074443176854402,0.072749470360577,0.06905784085393,0.073876586277038,0.072046658489853,0.069275404792279,0.074751899112016,0.073756343219429,0.077960367780179,0.072247467935085,0.073429929092527,0.074963699094951,0.074552255682648
Smarch/axtls_2_1_4.dimacs,0.063243504147977,0.062324659898878,0.061216527130455,0.068767035380006,0.046157994773239,0.060727093834431,0.047492332756519,0.063476557843387,0.041548483073712,0.042340526822955,0.045860040932894,0.078227721620351,0.0462015401572,0.072931413073093,0.068737952038646,0.068470519036055,0.040600862819701,0.047168296761811,0.042877884581685,0.075213137548417,0.032172471750528,0.028914756141603,0.03635534318164,0.030281350016595,0.031554591376334,0.039156051818282,0.033943624701351,0.034672859124839,0.033808780834079,0.035419004037976,0.034256072714925,0.03565134620294,0.031209638807923,0.030256120022387,0.033072388265283,0.030298969708384,0.032880187500268,0.033341590780765,0.029283360112459,0.031452420167625,0.027885916177184,0.03290083212778,0.036189865786582,0.036778982263059,0.030247603077441,0.033524678088724,0.034776978660375,0.034489619545638,0.029840826056898,0.029812359716744
Smarch/buildroot.dimacs,1800,1800,1800,1800,1800,1800,1800,1800,1800,1800,1800,1800,1800,1800,1800,1800,1800,1800,1800,1800,1800,1800,1800,1800,1800,1800,1800,1800,1800,1800,1800,1800,1800,1800,1800,1800,1800,1800,1800,1800,1800,1800,1800,1800,1800,1800,1800,1800,1800,1800
Smarch/busybox-1.18.0.dimacs,0.758107045199722,0.7539404919371,0.756172257009894,0.764950903132558,0.753341694828123,0.749110027216375,0.749857353512198,0.752378562930971,0.730806377250701,0.740751274395734,0.750396136194468,0.728999513667077,0.749199048615992,0.72300626616925,0.727932875975966,0.730284194927662,0.739092911593616,0.776964301243424,0.729587931185961,0.727611179463566,0.748826027847826,0.728448956739157,0.727326860651374,0.729125879704952,0.732517822645604,0.772402091883123,0.783560164738446,0.776445894036442,0.775627475231886,0.784234380349517,0.75621136603877,0.746357412077486,0.744695169851183,0.748472508043051,0.749680708628148,0.747995065990836,0.747577554080636,0.755100822076201,0.775274158455432,0.777763729915023,0.771575626451523,0.754800953902304,0.731188079807908,0.741970359347761,0.744765351060778,0.750802923925221,0.753217163495719,0.753471912816167,0.76656976621598,0.736892438028008
Smarch/busybox_1_28_0.dimacs,18.8059433838352,18.7954940130003,18.9598266351968,18.9424933306873,18.5990265295841,18.7136176698841,18.6080889711156,18.5791079858318,18.6200760174543,18.5711042685434,18.4810350383632,18.7073532817885,18.5589295481332,18.5983439548872,18.558351568412,18.5388497486711,18.4825554350391,18.6003147214651,18.6551479268819,18.6198760261759,18.540252648294,18.5810314510018,18.858557402622,18.467350340914,18.3466340494342,18.3756386102177,18.5518940198235,18.5659435247071,18.5563434436917,18.6597423828207,18.8039011335932,18.9375532385893,18.9089665752836,18.9771768008359,18.5445184195414,18.5643964926712,18.5300732790493,18.6238064710051,18.5609406810254,18.5387315237895,18.5129329469055,18.8418743098155,18.9802681514993,18.6055240239948,18.5856097997166,18.537094459869,18.466931598261,18.5900436211377,18.7708610710688,18.3591575422324
Smarch/ecos-icse11.dimacs,428.970462500118,438.14277289249,430.458970020525,430.112118700053,433.665730351582,431.543626908213,429.510708240326,431.16307019908,428.584329821169,442.077390423511,426.082523750141,433.460361487232,433.720346610062,429.527787823696,430.779378588311,431.839041327127,427.490963632241,441.665858833585,424.674110898748,431.28880321933,430.476505997591,429.412426014896,429.2734598401,433.120701966808,429.127264695242,429.104911082424,429.933638988063,430.50939674303,428.494826280046,434.837342781481,435.774063433987,432.164477094542,430.546990411356,432.27968676202,427.652069113217,438.847313211765,437.875750967302,432.052138954866,429.559987258632,428.219203591812,431.140675607138,428.594582499471,430.996019936633,428.408219660167,431.182633145712,428.636949263048,431.970859494991,438.528160722461,432.27470909385,430.743911671453
Smarch/embtoolkit.dimacs,93.4043385386468,91.687069568783,92.3349609915167,91.0011541699059,91.3277942771092,90.7799434177578,88.1229323046282,88.3081886945292,89.8477784181013,91.6085126218386,90.9684824077413,94.0561205036938,88.6191358496435,90.9715275061317,92.4123128051869,93.3983481754549,95.4970330181532,97.2855616314337,94.9641491025687,92.6533389640973,94.0127010298893,91.283109862823,91.3440844477154,90.0473905541002,96.6818868862465,95.7253176649101,89.9490055781789,91.0800998280756,88.3054717881605,90.0949392318726,94.3949068770744,91.5190322301351,94.1398739470169,95.5949937151745,97.7614692212083,93.93529829802,91.5095265852288,92.2737876279279,91.0959980390035,85.9185444097966,93.0724498494528,93.4470797521062,91.3838045792655,92.9545824271627,95.5786361931823,96.9433290730231,94.6607553418726,92.1570532354526,91.7655643098988,92.6113853133284
Smarch/fiasco.dimacs,0.179981546942145,0.1876181345433,0.175527825951576,0.174662831705064,0.172558641061187,0.179396794177592,0.169668715912849,0.178253212943674,0.168743779417127,0.16496919374913,0.1765894331038,0.161513247527182,0.175894270651042,0.170068567153067,0.172790165990591,0.172149982769042,0.174172983970493,0.169770875945687,0.170867690816522,0.161497674882412,0.178894324693829,0.175703503191472,0.162980783265084,0.169074487872421,0.152412661351263,0.152200388256461,0.157028018496931,0.151729402132333,0.173915063496679,0.155385777819902,0.170190967153758,0.175615489017219,0.174267907161265,0.168091441038996,0.17253090813756,0.159921097103506,0.171828455291689,0.177564158570021,0.169343890156597,0.17192137055099,0.183543588966132,0.186232112813741,0.165393318980932,0.168036803137511,0.164872005116195,0.183489765040576,0.175433831755072,0.18372041080147,0.173044812399894,0.163606701418758
Smarch/fiasco_17_10.dimacs,0.057077229954302,0.063350507058204,0.059532342944294,0.059163671918213,0.062340251170099,0.063143390696496,0.062852120958269,0.064139343332499,0.066997622139752,0.062190441880375,0.065826293081045,0.061188473831863,0.066338281147182,0.063138511031866,0.065097293816508,0.057777341920883,0.065425676293672,0.061423815786839,0.062272001057864,0.06009204685688,0.056607321370394,0.062483639456332,0.06281742779538,0.084236004855484,0.060023571830243,0.0644744457677,0.054424447007478,0.054754554759711,0.055835583712906,0.056409518234432,0.06234276201576,0.063926982693374,0.062306762207299,0.059808916877955,0.061183180194349,0.065930529963226,0.057764098979533,0.062101725954563,0.060574582777918,0.065629818476736,0.057828936725855,0.063974035438151,0.062077886424959,0.059194790199399,0.060290297027678,0.068006373476237,0.062347928062081,0.064673294778914,0.063384578563273,0.061510927043856
Smarch/freebsd-icse11.dimacs,737.421993081457,740.948300215416,741.231912583113,728.070446207188,734.184720280581,722.315943981055,725.089185951277,715.548773431219,721.318199066445,713.868727153167,734.387188144494,733.801324772183,732.517471490428,725.08271599235,723.594408056698,723.72111668298,711.508470284287,714.276895991061,717.668663307093,722.961454440839,730.128328526393,731.604508412071,741.956951627042,743.388430973049,732.875741849654,713.62776509719,715.693569808733,719.798598772846,711.861848161556,728.43591537932,739.898070905358,732.775207384955,726.952665783931,722.57424427243,720.663176228758,715.447524630465,717.526319854893,715.882717155851,721.151832794771,718.010506888851,737.701180026867,734.086479584686,728.955952792428,737.746340394951,721.338639974129,721.8654715335,716.3507821979,717.505964193028,716.977645406034,708.429172948468
Smarch/freetz.dimacs,1800,1800,1800,1800,1800,1800,1800,1800,1800,1800,1800,1800,1800,1800,1800,1800,1800,1800,1800,1800,1800,1800,1800,1800,1800,1800,1800,1800,1800,1800,1800,1800,1800,1800,1800,1800,1800,1800,1800,1800,1800,1800,1800,1800,1800,1800,1800,1800,1800,1800
Smarch/integrator_arm9.dimacs,237.328225994482,238.691394324415,255.299875590018,246.989875906147,238.042013923172,235.206220285967,236.484240931458,238.832931997254,236.497674705926,240.735152204987,230.58369091712,234.040906844195,250.37740765186,237.851475100033,235.567371270154,240.123599924147,253.561018867419,244.070301471744,238.11678456841,237.637141370215,243.561426414642,263.268882429227,258.309390471317,242.084639803972,238.718250587117,237.705148265232,247.733287225943,262.25101580983,259.447493689601,254.438685313799,255.553366465029,240.661741350777,236.79729363136,238.786402520724,239.217362849973,239.162040060851,236.507895008661,245.250328814145,251.614573008846,268.272273385897,234.805869759992,242.062696392648,251.953651742544,245.388052782975,235.905083640944,236.22892898554,238.700036747847,237.651738687418,236.920084265992,237.55678690644
Smarch/lrzip.dimacs,0.094722873065621,0.062213238328696,0.088544998783618,0.087043688632548,0.071710078977049,0.063032840378582,0.069825544953347,0.059973461087793,0.038896792102606,0.034116646274925,3.06742305587978,0.025301837362349,0.025288617238402,0.023707882035524,0.019248566590249,0.025764449499548,0.024991979822516,0.020740941166878,0.023807979188859,0.024164619855583,0.066186151467263,0.113594735972583,0.057138645090163,0.066166039090603,0.059074664954096,0.065491744782776,0.055709192994982,0.040229868143797,0.055767752230168,0.036829576827586,0.065541509073228,0.052552328910679,0.072949916124344,0.094220621977001,0.024277324322611,0.028415699023753,0.02843692433089,0.05716899689287,0.030269201844931,0.027903995476663,0.023447951301933,0.025004036258906,0.023677113000304,0.023654428310693,0.020172925665975,0.022676861379296,0.019939254038036,0.018443991895765,0.020827875006944,0.020097265485674
Smarch/m5272c3.dimacs,211.786359124817,212.537278715987,209.768598797731,196.460748414044,193.905446985736,194.48029260384,192.248364924453,194.801270782017,189.544490225147,203.438714518212,200.352180643007,200.969912286382,188.685670058709,196.938216517214,213.787050441839,205.194635563995,192.980748673901,197.452725993004,193.299732649234,193.468418005854,200.282474181149,195.94164591981,197.819121041335,194.773923590314,194.220578793437,191.746277757454,206.515307250898,201.243401101325,200.748214034829,212.972654510755,195.622468418441,191.411939078476,194.659314704128,194.226395022124,194.512559842784,192.763768138364,198.722220749129,205.436487595551,201.676259971223,210.623765079304,223.365608212073,213.596099668182,214.365033571143,200.23708379874,194.232860927935,198.866024411283,192.411361624487,211.944029848091,194.384480122943,199.072146670893
Smarch/olpce2294.dimacs,246.638206174132,245.831799221691,268.772122472059,254.646196274087,244.031023384538,256.996461946052,257.649438103196,247.980159305036,244.266666134819,242.742343971972,247.512536558789,244.73718463676,256.337761782575,260.700328001753,255.18484837329,251.936085402965,275.84304688219,247.686972431373,246.002322959248,243.700027990155,269.5329102166,257.328255787958,262.054363497999,248.030124422162,250.786953360308,262.953873527237,269.745715611149,273.116781073157,272.716122368816,251.667591845151,258.76355897123,256.40164069226,242.476862508804,263.599526656792,253.812491357326,248.30143561447,243.484992133454,242.706596226431,256.778689665254,260.745084448718,258.020726260729,255.71228241222,258.120158067439,255.756710937246,244.894045059103,243.123794157058,241.318706088699,259.418232033029,269.599151668604,254.487827751785
Smarch/pati.dimacs,173.34803964477,156.5250697718,145.083587439265,150.867726713885,148.586216548923,171.644762004726,147.989012533333,152.28403582098,168.714167078026,163.635582036804,165.422857675236,169.569138194434,144.456843843684,158.693336143158,151.155965853017,158.558765831404,189.857986073941,190.217191716191,162.841469652019,146.099572058301,160.327386799268,181.243355573155,169.426143680234,148.569916730281,145.638998995069,169.174692731816,152.364344437141,156.90844763862,155.507411920931,172.117207395844,146.827499345876,170.152288298123,168.945186807774,145.049254775047,154.821010579821,166.023511143867,173.642595896032,144.871575276833,161.340554356575,153.736241640523,145.008514504414,186.471692836843,159.174872882664,143.971064177807,177.053892010823,182.305623200722,166.732172290329,145.819433060009,159.645177104045,148.465037177783
Smarch/phycore229x.dimacs,270.663202683907,243.667501585092,241.775669043883,241.63578444114,245.597996560857,242.40727314027,260.951399852056,259.39363124175,256.525164340157,253.38961415505,247.830116762779,254.334275182803,266.837241150439,248.247858922929,246.462248385419,252.920119066723,274.206099871081,261.146697767079,262.968165265396,262.638241066132,272.452356374357,255.046021860093,239.157019501086,239.622751654126,252.559759030119,262.059070687741,279.959083259105,247.45166503964,244.168351185508,257.113036406692,258.432998084929,250.597576125991,243.431096086278,242.0980895916,249.454855851829,260.219142595306,255.872317208908,241.876480069011,238.701361137908,263.395482535474,246.258577134461,248.573093102313,242.301561504137,240.634895918891,252.476444002241,264.077494500205,271.854266952723,272.0849048011,286.034722128883,257.635695792735
Smarch/ref4955.dimacs,143.316027812194,168.769876913633,137.05673888512,162.749889527447,155.457879796624,155.401130939834,137.208796116989,146.261402777396,149.445369241294,147.02047925489,142.101078837179,172.730832865928,137.296623718925,152.876124216244,158.239417385776,163.497467234265,147.789986948017,144.885550244246,165.773632752709,142.021875659935,147.875408434775,154.423026566859,146.101222002879,145.918004707899,142.809084614739,162.010739496443,152.750079998281,136.172956837807,164.225663358346,134.179309738334,138.45364471525,149.84850890236,147.381886955351,149.873536387924,138.885802779347,145.758924945258,160.170035291929,180.84963942226,182.091598802246,135.024323993828,138.859080784954,145.540545424447,158.142554136925,148.471213528887,145.418141675647,145.02520208573,135.988975113723,139.720189477317,153.182060230989,180.543764309026
Smarch/se77x9.dimacs,225.297712402884,217.834607020952,232.96606479818,236.009238977917,215.803808723111,217.151493145619,223.490089734085,239.032761754002,236.441947822925,218.327664455865,227.467688336037,227.023483776022,218.309985444881,221.797097676434,219.084652107675,216.810766889714,217.169511607383,224.049064658582,218.93189825397,216.3616220681,220.677807976957,226.694392287638,226.224940919318,222.257108377758,226.454222513828,228.720270921476,223.850747016724,216.772092030384,216.933139560744,203.139954761136,215.023886397947,226.317192583811,219.809615178965,215.248792528641,217.030412235763,224.36549614789,221.473121586721,219.52275007125,214.909068909008,217.151935988106,201.935761223547,222.169626133982,228.835755240638,227.670790595934,223.074845234863,226.390895578545,229.18568222085,232.630712468642,227.644444370642,221.114888912066
Smarch/toybox.dimacs,0.111542270053179,0.167389790061861,0.098473008722067,0.071681105066091,0.088112408760936,0.074536279309541,0.05306063266471,0.098594370763749,0.071757188998163,0.069288264028728,0.090698645915836,0.122352325823158,0.08874992793426,0.06872333586216,0.095253277570009,0.067554204259068,0.099187533836812,0.071372414939105,0.070500010158867,0.067828662693501,0.102401089854539,0.108170598745347,0.092431130819023,0.069940711837262,0.054755988530815,0.077483428642154,0.067108181770891,0.067167537286878,0.069228704553098,0.072708044666797,0.054735435172915,0.051949496380985,0.052961685229093,0.05584975797683,0.046983663924039,0.048647649586201,0.048253208864481,0.045948484446853,0.048319027759135,0.049181823153049,0.054163119755685,0.053221830166876,0.053789566271007,0.052582080941647,0.056388496886939,0.055136877112091,0.051798436790705,0.04679532814771,0.050750530324877,0.047457011416555
Smarch/toybox_0_7_5.dimacs,0.04409921169281,0.064120285212994,0.071811591275037,0.04205314302817,0.067275546025485,0.038816502317787,0.064660236705095,0.091299090068788,0.056326805613935,0.040706899948418,0.065580065827817,0.041545530315489,0.056215070653707,0.069111100398004,0.060161898378283,0.061803375836462,0.03664475120604,0.038934861775488,0.041317549534142,0.044952009338885,0.05140274995938,0.046146670356393,0.0663295481354,0.059696029871702,0.040133913978934,0.056339296046645,0.040676696226001,0.036994319409132,0.059956688899547,0.064317950978875,0.039245614316314,0.039705156348646,0.036572865210474,0.037912615574897,0.040836340747774,0.0374821620062,0.039704033173621,0.036119764205069,0.034972933121026,0.035477665718645,0.03887792211026,0.035320889670402,0.037014835514129,0.041542667895555,0.038608824368566,0.040124331600964,0.037577447015792,0.034501767717302,0.035277919843793,0.039708562195302
Smarch/uClibc-ng_1_0_29.dimacs,0.134519195184111,0.083711304701865,0.082113052718342,0.081823701970279,0.075199206825346,0.088297086302191,0.083985102828593,0.105682041496039,0.084228301886469,0.089026754721999,0.080296421889216,0.108280667103827,0.079847550950945,0.118059689179063,0.084523596335202,0.106182974297554,0.07506735669449,0.076324488967657,0.077091197948903,0.07479043211788,0.088476252742112,0.075021808035672,0.077683833427728,0.079936407972128,0.124427998438478,0.078217304777355,0.084106883499772,0.078262725379318,0.076707115862519,0.0807024682872,0.073391582816839,0.067982680629939,0.070940598845482,0.067999621387572,0.070928232744336,0.06475414801389,0.0669229272753,0.069436794146895,0.07631390541792,0.069447840098292,0.072079010307789,0.068070707842708,0.068520019296557,0.068645917344839,0.069012152962386,0.068585335742682,0.065805186983198,0.070731224492193,0.064885700587183,0.069201056845487
Smarch/uClinux-config.dimacs,1.97027045022697,1.98537513474003,1.92266513640061,1.91698599327356,1.9022119641304,1.94828449888155,1.91789998998866,1.91104372777045,1.89660953683779,1.87661072006449,1.96730744699017,1.98852154100313,1.94515355722979,1.9370213742368,1.93119719903917,1.88096517603844,1.90016949083656,1.85743036959321,1.86197863612324,1.88651708280668,1.92121558217332,1.8998747812584,1.9157439628616,1.90946746710688,1.91786467190832,1.90679425979033,1.92335079191253,1.91355976695195,1.8703777845949,1.94427829934284,1.94683425920084,1.87640834087506,1.90536669641733,1.89557031169534,1.90752110211179,1.88088768394664,1.90276968013495,1.940842715092,1.89920625463128,1.90394727885723,1.95838011614978,1.87748063681647,1.88708255812526,1.8981843390502,1.87602134654299,1.89915039250627,1.85832860786467,1.91930243792012,1.89532725187019,1.90933989966288
Smarch/uClinux.dimacs,0.127040102146566,0.127109713386745,0.141899996437133,0.132416714914143,0.140448448713869,0.133442075923085,0.127681330312043,0.128761407919229,0.141879102215171,0.134250267408788,0.168347109574825,0.158033122308552,0.169139599893243,0.15473777288571,0.157775864936411,0.150477479677647,0.16266337223351,0.159902006387711,0.147163918241859,0.169872323982417,0.129362399689853,0.146699940785766,0.135393714997917,0.128959524445236,0.14959088107571,0.141724243760109,0.136560044251383,0.137046664953232,0.134545605164021,0.132047731429338,0.12414811598137,0.125775833614171,0.137757994234562,0.132899431046098,0.126219330821186,0.12685661809519,0.127531994134188,0.122676634695381,0.12445379793644,0.123544472735375,0.149457229301333,0.139834431465715,0.148591846227646,0.156524347141386,0.144232503138483,0.138038767967373,0.139287401456386,0.147180766798556,0.136719875968993,0.13671145727858
automotive01/automotive01.dimacs,2.83624884020537,2.7572388490662,2.81661728676409,2.78132452210411,2.78617028007283,2.84348537912592,2.8446830729954,2.84858565963805,2.83411477785558,2.80410173302517,2.75779063627124,2.73606346221641,2.73850253783166,2.76094092056155,2.77429164107889,2.79743099911138,2.76854967093095,2.75351777067408,2.70524207083508,2.69849550304934,2.83889474626631,2.78908747527748,2.84963237773627,2.8399313846603,2.77710614958778,2.88062174106016,2.78618844319134,2.76441670907661,2.80116746900603,2.76511859241874,2.79521860787645,2.7664345940575,2.76527578942478,2.78179258806631,2.78711176617071,2.77095222426579,2.78527292516083,2.80558349285275,2.759091691114,2.8112540380098,2.78435071185232,2.78676574723795,2.84441540716216,2.79638389870525,2.82316994154826,2.79704658826813,2.84180655609817,2.83951356774196,2.87118147686124,2.82657239865512
automotive02/automotive2_4.dimacs,8.60269191162661,8.69725375715643,8.20518115069717,8.30979057494551,8.40048262709752,8.64592908276245,8.60882102511824,8.46905353013426,8.38817295711488,8.38087385380641,8.2380902627483,8.31907671969384,8.4658314390108,8.25010091019795,8.35301222698763,8.54520929604769,8.536331679672,8.35021789278835,8.26267715729774,8.3504822589457,8.68917269213125,8.52262173080817,8.69255717564374,8.51796830072999,8.45668135304004,8.46980620268732,8.42347362078727,8.45340399537236,8.48206576006487,8.48060732334852,9.05643594963477,8.76626246608794,8.72078421944752,8.82449118979275,8.84233119338751,8.76111655030399,8.76745689287782,8.62861669808626,8.54774509184062,8.56613086909056,8.55247637676075,8.52727288100869,8.68791888002307,8.85262302588672,8.82454496389255,8.71980878943577,8.94682307494805,8.81920871092007,8.75445092422887,8.73977976944298
featureide_examples/berkeleydb.dimacs,0.040854938793928,0.033879944588989,0.03025336144492,0.035378072410822,0.034328722860664,0.03251445107162,0.034608754329383,0.032020560000092,0.033765495754779,0.035615766886622,0.032153979875148,0.042125675827265,0.039486802183092,0.036594132892788,0.034719889517874,0.037494597025216,0.03711796272546,0.033813025802374,0.03611268196255,0.037022727075965,0.032998159527778,0.034713441506028,0.033171520102769,0.038065088447183,0.034357458353042,0.034368636086584,0.02765773748979,0.027490795124322,0.029409618582577,0.030068233609199,0.039289980195463,0.032028530258686,0.033769976813347,0.037003265693784,0.034242771100253,0.037702596746385,0.034088854212314,0.033183319028468,0.040157810319215,0.04076840216294,0.034679876174778,0.036466246936471,0.03872133884579,0.034808758180588,0.034973724279553,0.032160954084248,0.03351369779557,0.023941464256496,0.0307054114528,0.030331034213305
financial_services/financialServices_2018-05-09.dimacs,1.16100669139996,1.14951629051939,1.14380341209471,1.11590493284166,1.1157162389718,1.14171302691102,1.10731642274186,1.10736808972433,1.15081482101232,1.11189729347825,1.16478148614988,1.11625448707491,1.12121358606964,1.11310515971854,1.13628634717315,1.12147585768253,1.09104102477431,1.15168228885159,1.12935367925093,1.12781586498022,1.171514055226,1.10840849019587,1.12717213993892,1.13765278412029,1.10047598881647,1.13443993218243,1.14760903408751,1.11915300833061,1.13888608338311,1.14683997211978,1.14975371304899,1.13327984185889,1.13630508305505,1.16606506286189,1.12010285677388,1.12410095101222,1.14232435449958,1.12861561495811,1.12632385641337,1.14828347275034,1.12833866849542,1.13723997399211,1.12810367858037,1.15717017976567,1.11999394092709,1.15773135703057,1.14182784967125,1.14130293717608,1.1416725772433,1.13158074812964
confidential/automotive03/03.dimacs,0.138438679743558,0.137856189161539,0.131834495346993,0.151040848344565,0.136930175125599,0.131299463100732,0.13642375357449,0.136294225696475,0.131786200217903,0.133537559304386,0.152345705311746,0.151535119861364,0.150644823443144,0.140604534186423,0.156645688693971,0.18882244778797,0.189897350035608,0.185432819183916,0.185643720906228,0.164392435923219,0.134220337960869,0.139878943562507,0.138039093930274,0.139454048126936,0.140959088224917,0.142430614214391,0.145480084698647,0.13599994732067,0.145726911257952,0.143413990270347,0.162047332152724,0.147860263008624,0.137031692545861,0.1434217649512,0.138216902036221,0.145751470699907,0.139530200976879,0.1373564847745,0.143517171964049,0.145801746752113,0.153551089111716,0.154458467382937,0.150009287521243,0.152995666954666,0.154997115954757,0.150808595586568,0.159177243243903,0.149662923999131,0.152221938129514,0.150632930919528
confidential/automotive03/automotive03a.dimacs,0.049464976415038,0.057120192330331,0.057764547411352,0.054111495148391,0.058356869965792,0.057335946708918,0.048857199028135,0.056745409965515,0.05981423612684,0.055348910856993,0.101038859691471,0.089056737720967,0.087486370000988,0.067008973099291,0.059387827757746,0.090198002289981,0.063042540103197,0.084807927720249,0.082910093013198,0.140243122819811,0.049329894594849,0.048927549738437,0.052887654863298,0.050069813616574,0.054126678500324,0.052806769032031,0.048208538908511,0.050435986835509,0.04842445673421,0.05632862308994,0.052012449130416,0.05972924688831,0.058060706127436,0.05777738429606,0.055656724143774,0.052946764510125,0.056043027434499,0.046181350015104,0.047924235463143,0.047632770612836,0.052879388444125,0.056817270349712,0.055193627253175,0.055534351151437,0.052264431025833,0.057040506508202,0.058064058423042,0.055617033038288,0.05012207524851,0.057694908697158
confidential/automotive03/automotive03b.dimacs,0.486789536662399,0.467614751774818,0.462007760535926,0.455408234149218,0.461447928566485,0.461463660001755,0.463054156862199,0.458159786649048,0.447340406943112,0.473505663685501,0.514565032441169,0.497400451917202,0.483293598983437,0.495348773896694,0.463647171854973,0.496348495129496,0.525036150123924,0.466210309881717,0.486515768803656,0.496686773840338,0.457017175853253,0.453830298967659,0.454270512796938,0.463872231077403,0.454875773284584,0.45103470608592,0.458278231322765,0.453314628917723,0.45649711927399,0.455056563951075,0.462095219176262,0.459945247974247,0.456503605935723,0.465182348154485,0.46440763771534,0.460459243971855,0.482272129971534,0.465818382333964,0.47487533884123,0.467021682765335,0.489127052947879,0.490004787221551,0.457194570917637,0.480387322604656,0.463670556433499,0.463827494066208,0.47497188905254,0.481279920786619,0.464368811808526,0.467410000506789
confidential/automotive04/04.dimacs,0.090154069010168,0.082833882886916,0.083408083766699,0.080827835947275,0.092004058882594,0.08741531521082,0.08186278725043,0.083103755954654,0.080767610110342,0.081714146304876,0.102468242868781,0.12587888725102,0.126987071707845,0.103897287975997,0.096296094823629,0.097047735471279,0.103311012033373,0.098555310163647,0.098161219153553,0.099006920121611,0.082872614264489,0.085800961591304,0.077961054630577,0.086220155935735,0.091622691135853,0.090834554284811,0.083664824254811,0.082965829409659,0.094064931850881,0.087071490474045,0.087957737036049,0.085679156705737,0.088552216999233,0.08847496053204,0.084190409164876,0.084669742267579,0.083556482102722,0.087133063934744,0.086347335483879,0.08157460577786,0.092855745926499,0.088147481437773,0.090197232086212,0.085095657967031,0.084874168038368,0.084808278828859,0.092985870782287,0.08630931377411,0.08315516076982,0.079858058132232
confidential/automotive05/05.dimacs,1800,1800,1800,1800,1800,1800,1800,1800,1800,1800,1800,1800,1800,1800,1800,1800,1800,1800,1800,1800,1800,1800,1800,1800,1800,1800,1800,1800,1800,1800,1800,1800,1800,1800,1800,1800,1800,1800,1800,1800,1800,1800,1800,1800,1800,1800,1800,1800,1800,1800
confidential/automotive06/automotive06a.dimacs,0.093997104093433,0.0898024472408,0.093718593940139,0.094303803984076,0.09141568467021,0.091316430829466,0.094730100594461,0.094090921338648,0.091495399363339,0.09204520471394,0.084759035613388,0.093884760048241,0.091695844195783,0.090826230123639,0.092391990125179,0.086415532976389,0.093135807663202,0.088890425860882,0.085838504135609,0.088008173275739,0.093484067823738,0.090781546663493,0.089932068251073,0.090893112588674,0.085905506741256,0.086035348009318,0.085706139914692,0.092642609961331,0.088733882643282,0.084697298239917,0.093995151575655,0.084324884694069,0.09130974020809,0.091036705300212,0.094182306434959,0.088015859946609,0.080103533808142,0.080177567433566,0.092245159205049,0.088668473996222,0.091174296103418,0.091554735787213,0.0907843420282,0.092019539792091,0.09243082581088,0.092645949684084,0.094712493941188,0.09062605118379,0.093138610012829,0.086076257284731
confidential/automotive06/automotive06b.dimacs,0.538246114738285,0.545381993055343,0.503032485954464,0.511528419796378,0.523383683059365,0.528535762336105,0.517872316297144,0.505486110690982,0.50496816681698,0.528421690221876,0.525585284922272,0.53294802736491,0.55037377635017,0.538838208653032,0.531435538548976,0.503786259330809,0.531750145368278,0.52272608410567,0.530458291061223,0.514558752067387,0.531566889025271,0.489580748602748,0.477446435950696,0.486397189088166,0.516577364411205,0.476504291873425,0.489851461723446,0.502480030059815,0.492091481108218,0.480052072089166,0.513654252979904,0.539143288508058,0.502497680485248,0.495675232727081,0.502062259241939,0.49097841931507,0.499422125052661,0.508986044675112,0.501458898652345,0.522358802612871,0.522984549403191,0.532512478996068,0.49232532363385,0.49292773893103,0.504235352389514,0.50060753338039,0.495937674771995,0.492878023069352,0.505752483848482,0.504158890340477
confidential/automotive07/automotive07a.dimacs,0.434023472014815,0.431603387463838,0.406496514100582,0.404629657976329,0.412166751921177,0.409470736049115,0.407824428752064,0.404897204600275,0.400305670220404,0.400517464149743,0.402636775746941,0.403980592731386,0.408684167079627,0.405525690875948,0.403172787744552,0.402460692916065,0.402710223104805,0.402450767345727,0.400489388033748,0.401131788734346,0.381852314807474,0.383785036858171,0.385257439687848,0.38316947221756,0.388072354253381,0.409049652051181,0.379550691694021,0.379986042156816,0.383463638834656,0.387032330501824,0.399259257130325,0.395091788377613,0.400322370231152,0.403721397276968,0.401748538948595,0.418831806629896,0.399136242456734,0.397022109013051,0.41646990692243,0.401553293690086,0.398983045946807,0.418861533049494,0.400898543186486,0.394882286898792,0.399656665045768,0.396781124174594,0.389968329109252,0.39652143092826,0.392413643188775,0.429535869974643
confidential/automotive07/automotive07b.dimacs,17.4180264617316,17.627432982903,17.6297967797146,16.8117232420482,16.8733387193643,16.8591378880665,16.7954078870825,16.7500679912046,16.8017628258095,16.805070110131,17.1204046388157,17.5401611989364,17.4186322377063,17.1724783950485,16.8520531491377,16.8995683249086,16.8869632980786,16.872958606109,16.8638160368427,16.8703672848642,16.1017940700985,16.25590623077,16.1111093657091,16.1711289337837,16.1718808147125,16.1776683083735,16.1154235149734,16.2905777432024,16.1720741628669,16.2335557052866,16.9005453935825,17.1448994739912,16.8725204006768,16.9508734913543,16.9306310149841,16.9593818499706,16.9217357593589,16.5951359132304,16.2188606988638,16.3537652418017,17.0327489059418,16.7854599496349,16.9716521245428,16.9378347271122,16.9509976529516,16.9336320958101,16.9485783609562,16.9459515647031,16.911128428299,16.785671914462
