CDL/am31_sim.dimacs,32.6143017169089,32.5199733506888,32.4711262471974,32.4010262247175,32.3703504120931,32.3225261275656,32.5489503606223,33.3127308576368,33.3563656741754,33.214694455266,33.2058579209261,33.3203803268261,33.3760042809881,33.2670838278718,33.3303610109724,33.3222600552254,33.3248569746502,33.3326638792642,33.2263296856545,33.3902540481649,33.2902444843203,33.3048251359724,33.4189023897052,33.4744163262657,33.2965497658588,33.8756371531635,33.9644462862052,33.8742694430984,33.9426910122857,33.8526972010732,33.9688850445673,33.2536931685172,33.2522488133982,33.3102432489396,33.1422893176787,33.4155884468927,33.4115761052817,33.3104466595687,33.2765360018238,33.3370749293827,33.2793318992481,33.3030625302344,33.4034105301835,33.5761050307192,33.4381148549729,33.473492807243,33.3747277720831,33.7629836820998,33.4653941779397,33.4678188385441
CDL/ea2468.dimacs,98.2599419043399,98.4731684518047,99.0198003421538,99.0745177483186,99.4551227930933,100.391156705096,99.0978451850824,99.9080725847744,99.8417097935453,99.6946263560094,99.6961065949872,99.11611187784,99.3873018031009,99.4585845232941,99.4838482537307,99.1255629458465,99.1679669502191,103.396133708302,99.4369791490026,99.2047562841326,99.3322909749113,99.2359463009052,99.9255777010694,101.118061976973,99.5882909297943,98.5026471898891,98.4784057694487,98.7145353131928,99.5127167743631,100.283030438703,102.547568668611,103.153841943014,99.9555517863482,99.5537902992219,99.7507006232627,99.4921299540438,99.392759387847,99.7442211126909,99.8262277771719,100.181389355101,99.5700574303046,99.4156120968983,99.4924567886628,99.1247545392253,99.0037171924487,99.2975251697935,99.3124207039364,100.174589575268,99.8348679989576,99.5297619849444
CDL/p2106.dimacs,77.1038979957812,74.8264378239401,74.5736821806058,75.02596428385,75.8462260123342,74.6599801229313,74.7814262011088,74.3703674552962,75.1092759729363,75.4182426170446,75.8200943060219,75.4727866942994,75.9990697870962,76.0338587476872,76.241752683185,75.8141478621401,76.1883973330259,75.1297977720387,74.5636317371391,74.5331525304355,75.1272130981088,76.2875918941572,74.5458029820584,74.5107043958269,75.6374252373353,74.4413936529309,75.0439129932784,74.1535724042915,75.7479160497896,74.515612876974,74.2103978423402,74.5431468710303,74.4979871222749,73.7928910958581,75.5201048268937,75.7472926932387,76.1713399081491,76.2753595719114,76.3340200893581,75.9217308820225,76.3003561371006,75.0751525103115,74.4393650493585,74.5495874015614,74.7321521858685,75.8711964050308,75.0881836656481,74.5838480149396,74.9672432546504,75.0859170882031
KConfig/axTLS.dimacs,0.053872778080404,0.060839727520943,0.05424497788772,0.052711348049343,0.054830016102642,0.05120843462646,0.053297070786357,0.047148209996522,0.056569943204522,0.051464559044689,0.045022967271507,0.053877119906247,0.047592335846275,0.047317320015282,0.051784630399197,0.04848343366757,0.042633092962205,0.045930821914226,0.044321944471449,0.046160499099642,0.045691920910031,0.05345727596432,0.04784073587507,0.049040601123124,0.050022115930915,0.059798378031701,0.060331928078085,0.056593649554998,0.054074731655419,0.051776930689812,0.054457074496895,0.051352120935917,0.050179976969957,0.054634109139443,0.048885552212596,0.049000630620867,0.053905589040369,0.049802637193352,0.0484340316616,0.05891509866342,0.052922105416656,0.051783823408187,0.055453174747527,0.05668520834297,0.058186669833958,0.057677270844579,0.047263842076063,0.055769719649106,0.049327724147588,0.056718886829913
KConfig/busybox-1.18.0.dimacs,0.42072481289506,0.416179693304002,0.444912862963974,0.420200686901808,0.434680217411369,0.423237548209727,0.418408901896328,0.429805567488074,0.426983025856316,0.418733171187341,0.433768806047738,0.425324826966971,0.420054990798235,0.428530866745859,0.426658318378031,0.415388869121671,0.427139999810606,0.411514420527965,0.403089134022594,0.412963773589581,0.406682576052845,0.414554622024298,0.412881520111114,0.40723437955603,0.409424299839884,0.454088883474469,0.424199072644115,0.435172231867909,0.446912126149982,0.435168309602886,0.434140099212527,0.436196939554065,0.434472508262843,0.431027742102742,0.436734579969198,0.432929678354412,0.432113262824714,0.43786827288568,0.434749699663371,0.432539471890777,0.431469056755304,0.432579653337598,0.430368443019688,0.434827006887645,0.43108383519575,0.454335822723806,0.429915362037718,0.429881322197616,0.437273412011564,0.435817304998636
KConfig/embtoolkit.dimacs,0.756688246969134,0.734260022174567,0.737677125725895,0.736958622466773,0.73624679306522,0.735890930052847,0.733149508014321,0.731748541817069,0.747232804540545,0.755597069393843,0.756293704267591,0.75476009119302,0.752735615707934,0.749912314582616,0.751189370173961,0.750637630932033,0.751829706132412,0.750848720781505,0.750377770047635,0.749833247624338,0.747966680675745,0.749719019047916,0.760722086299211,0.762290785089135,0.761596515774727,0.765179137699306,0.759756100829691,0.764414031989872,0.765514536295086,0.773153380025178,0.785317413043231,0.767990957945585,0.766193045303226,0.762519338168204,0.768610278144479,0.765486719086766,0.762740045785904,0.764109184965491,0.761495588347316,0.765637165401131,0.765176320914179,0.764322720468044,0.761347515974194,0.767758588306606,0.771328716073185,0.763311022892594,0.766507159452885,0.767785514704883,0.765214341692627,0.765874035656452
KConfig/linux-2.6.33.3.dimacs,1800,1800,1800,1800,1800,1800,1800,1800,1800,1800,1800,1800,1800,1800,1800,1800,1800,1800,1800,1800,1800,1800,1800,1800,1800,1800,1800,1800,1800,1800,1800,1800,1800,1800,1800,1800,1800,1800,1800,1800,1800,1800,1800,1800,1800,1800,1800,1800,1800,1800
KConfig/uClibc.dimacs,0.032856557052583,0.043198780622333,0.043424664065242,0.042950369883329,0.044808572158218,0.038886357098818,0.043222977779806,0.042964514344931,0.039121457841247,0.037152116186917,0.037201717030257,0.033501991070807,0.0424192417413,0.037372765131295,0.030502724926919,0.032432104926556,0.03164340602234,0.029455322306603,0.029759402852506,0.029568985104561,0.042264417745173,0.033380138222128,0.031492775771767,0.040402528829873,0.035575159359723,0.044893379788846,0.043891153298318,0.043349950108677,0.042390810325742,0.043598284944892,0.042704715859145,0.051222521811724,0.045235045719892,0.043321297038347,0.041562960948795,0.034662883728743,0.043176157400012,0.039302811957896,0.042379920836538,0.038975150324404,0.03755576396361,0.037826688028872,0.038064484950155,0.037677583750337,0.03780876705423,0.042851007077843,0.043283798731864,0.039088236168027,0.037756348960102,0.037458757869899
KConfig/uClinux-base.dimacs,0.270100242923945,0.270550806075335,0.290056175086647,0.274778171442449,0.271467076148838,0.294071751181036,0.275349773932248,0.270755055826157,0.292951397132128,0.274152834899724,0.267961843404919,0.269821896683425,0.271937963087112,0.29318546783179,0.273260303772986,0.270289432723075,0.292763524223119,0.275753917172551,0.269023125525564,0.271248809061944,0.269454089924693,0.271842098329216,0.271183536853641,0.292034047655761,0.274071116466075,0.297180593479425,0.309937138576061,0.304393248166889,0.298926926217973,0.300086267758161,0.300207182765007,0.297686683945358,0.292325753252953,0.294718328863382,0.291734872851521,0.298386495094746,0.292898823041469,0.295765114948153,0.291288213804364,0.291601902805269,0.288680946454406,0.291573665570468,0.290870865341276,0.289466320071369,0.291684894822538,0.290072083007544,0.29189306171611,0.291305027902126,0.290952380746603,0.290749103296548
KConfig/uClinux-distribution.dimacs,0.500219400972128,0.510273007210344,0.502811000682414,0.512334657367319,0.50484357168898,0.501938464585692,0.499958587810397,0.500981520395726,0.504982839804143,0.498505435418338,0.510530963074416,0.50433296058327,0.498878423124552,0.4970055189915,0.5128951552324,0.505621780641377,0.508231889922172,0.530165703967214,0.521445987280458,0.512665296904743,0.522564269136637,0.515032142866403,0.519286260008812,0.521581111941487,0.534568734932691,0.503291348926723,0.506527431774884,0.506258592940867,0.505044602323324,0.507448585238308,0.508831553161144,0.507559152320027,0.506266568321735,0.504151518922299,0.505310701206327,0.502816818188876,0.499612790998071,0.501364960335195,0.504891604650766,0.507951897569001,0.501640609931201,0.500424975994974,0.502325788605958,0.502499913796783,0.505583189427853,0.507338047958911,0.508401337545365,0.501281399745494,0.502140747383237,0.502850052434951
Smarch/2.6.28.6-icse11.dimacs,1800,1800,1800,1800,1800,1800,1800,1800,1800,1800,1800,1800,1800,1800,1800,1800,1800,1800,1800,1800,1800,1800,1800,1800,1800,1800,1800,1800,1800,1800,1800,1800,1800,1800,1800,1800,1800,1800,1800,1800,1800,1800,1800,1800,1800,1800,1800,1800,1800,1800
Smarch/2.6.32-2var.dimacs,1800,1800,1800,1800,1800,1800,1800,1800,1800,1800,1800,1800,1800,1800,1800,1800,1800,1800,1800,1800,1800,1800,1800,1800,1800,1800,1800,1800,1800,1800,1800,1800,1800,1800,1800,1800,1800,1800,1800,1800,1800,1800,1800,1800,1800,1800,1800,1800,1800,1800
Smarch/2.6.33.3-2var.dimacs,1800,1800,1800,1800,1800,1800,1800,1800,1800,1800,1800,1800,1800,1800,1800,1800,1800,1800,1800,1800,1800,1800,1800,1800,1800,1800,1800,1800,1800,1800,1800,1800,1800,1800,1800,1800,1800,1800,1800,1800,1800,1800,1800,1800,1800,1800,1800,1800,1800,1800
Smarch/7z.dimacs,0.024180974811316,0.022194259800017,0.022260434925556,0.017283498775214,0.02254731208086,0.026574608869851,0.021166065242142,0.021601515356451,0.020945128984749,0.018199054058641,0.022083713207394,0.018402814865112,0.016285583842546,0.015356517862529,0.021605366840959,0.015349857974798,0.020925188437104,0.021702481899411,0.015814445912838,0.015650894958526,0.036558017134667,0.022379185073078,0.015559424180538,0.017378878779709,0.033464418724179,0.022523844614625,0.015567272901535,0.022452199831605,0.022324329707772,0.022284624632448,0.02254340890795,0.022400551941246,0.022627734113485,0.020909470971674,0.020995832979679,0.018653057981283,0.017316864803434,0.017307701986283,0.020510649308562,0.018956142943353,0.016118921805173,0.017238702625036,0.015938269905746,0.017107805237174,0.020941222086549,0.02170439530164,0.021033331286162,0.0204166341573,0.021193885244429,0.014041179791093
Smarch/BerkeleyDBC.dimacs,0.027212345506996,0.031266032252461,0.02726375265047,0.0294857788831,0.029092578217387,0.026339124888182,0.025266208220273,0.026473849080503,0.027448548935354,0.023837702348828,0.04184038983658,0.029645982198417,0.031505885068327,0.028521657921374,0.027332332450897,0.026211093645543,0.027570699807257,0.026747542433441,0.027994870208204,0.025555713567883,0.030999675858766,0.032372993417084,0.033186981920153,0.028522336855531,0.029631014447659,0.025538522284478,0.024464010260999,0.028601038269699,0.027867424301803,0.02621049946174,0.023249847814441,0.023975220974535,0.024824803229421,0.022990737110376,0.029104430694133,0.028754589147866,0.023891095072031,0.025010171346366,0.025550834834576,0.021770630963147,0.024082629941404,0.024475027807057,0.023754629306495,0.024037924129516,0.029639380052686,0.027286477852613,0.026443989947438,0.023196185007691,0.029953585937619,0.025438600685448
Smarch/Dune.dimacs,0.029361405875534,0.030199874192476,0.030496406834573,0.033474015537649,0.031356466934085,0.031802284996957,0.032018868252635,0.028941057156772,0.027521547861397,0.029143122490496,0.033821400254965,0.03536047693342,0.030156175605953,0.029134969227016,0.02821828564629,0.027058077044785,0.033622721675783,0.030238552019,0.027392564341426,0.029286968056113,0.028623945545405,0.02617149008438,0.027873530983925,0.026697033084929,0.031575651839376,0.033604837954044,0.027299481444061,0.027521690819413,0.026124706957489,0.025954192038626,0.025491436012089,0.031710394192487,0.030990906525403,0.032795697916299,0.029376077931374,0.030417634174228,0.029915764462203,0.026387619785965,0.025739437900484,0.026716203894466,0.031941214110702,0.027448977343738,0.03108720574528,0.02700007148087,0.027600861154497,0.027234577573836,0.027384642045945,0.031587718054652,0.028580735437572,0.029340629931539
Smarch/HiPAcc.dimacs,0.04058201611042,0.042923092842102,0.04062167275697,0.0379179851152,0.038961454760283,0.041539124213159,0.049755033571273,0.040339192841202,0.042343024164438,0.044433808885515,0.03858148213476,0.039259290322661,0.039083029143512,0.043763605877757,0.042189881205559,0.039976127911359,0.040898990351707,0.040669542271644,0.039555761497468,0.042801552917808,0.039863527286798,0.039173382334411,0.038682030979544,0.038411502726376,0.039492010138929,0.039710961747915,0.038977503310889,0.038847334682942,0.040008903481066,0.042151889763773,0.044458908494562,0.045181820169091,0.043784183450043,0.04064827458933,0.037642048671842,0.042075697332621,0.045580636709929,0.041600699536502,0.037951281759888,0.042905177921057,0.042192921973765,0.042405414395034,0.041445343289524,0.037257940042764,0.039287385065109,0.044432731345296,0.041182337794453,0.037889326922596,0.036972004920244,0.038386377040297
Smarch/JHipster.dimacs,0.038686390034855,0.040011106990278,0.038281887304038,0.038912863936275,0.039162224158645,0.038820286747068,0.039733837824315,0.040562119800598,0.038820525631309,0.038679522927851,0.039223968982697,0.038455832283944,0.042697483208031,0.042007579933852,0.039779004175216,0.038521634880453,0.038301857654005,0.038849071133882,0.038359658326954,0.043157655280084,0.042052928823978,0.039859851356596,0.039211117196828,0.038258519023657,0.038953051436693,0.042574994731695,0.040575420483947,0.040581591892988,0.040080233477056,0.040768889710307,0.039828050881624,0.037302648182958,0.035097840707749,0.036023930180818,0.042171501088888,0.040943310596049,0.041048058774322,0.040161502081901,0.041873340494931,0.046014209743589,0.040125708095729,0.040298894513398,0.038262610789389,0.038641487248242,0.040477944072336,0.036607939284295,0.037111964076758,0.03870003297925,0.042409145273268,0.039017585571855
Smarch/JavaGC.dimacs,0.036900661885738,0.037255540955812,0.039299168623984,0.039282765705139,0.039010583888739,0.038310462608934,0.038535563275218,0.035926987882704,0.043165951035917,0.041210200171918,0.043427535332739,0.041786656249315,0.036587885115296,0.038169533014298,0.03976914100349,0.042416770942509,0.041505247820169,0.039338146802038,0.039415688719601,0.038072801195085,0.03891741996631,0.040367421228439,0.039157233666629,0.039422365371138,0.038836874533445,0.033370352815837,0.035911629907787,0.036149368155748,0.040491400286555,0.039290365763009,0.038500176742673,0.035661021247506,0.034664089325816,0.036072853021324,0.041437061969191,0.037952635902912,0.035334581974894,0.041959788184613,0.04180161934346,0.037079195957631,0.034731331747025,0.03653294313699,0.037415894214064,0.038748946972191,0.041515404824168,0.035200555343181,0.03634326113388,0.036065576132387,0.038894067984074,0.043944013305008
Smarch/LLVM.dimacs,0.024379982613027,0.026343405246735,0.025112312752754,0.024357707239688,0.025230539962649,0.024533009156585,0.025241815950722,0.024479964748025,0.02230046549812,0.02214776724577,0.022792239673436,0.025568188168109,0.026841607410461,0.024148164782673,0.022731473203749,0.024022715166211,0.02301965886727,0.023754896130413,0.022751851938665,0.023473904933781,0.027898830361664,0.031785434111953,0.026495952159166,0.024297432042658,0.029134756885469,0.02538616489619,0.028722856193781,0.023092532064766,0.026238997932524,0.022979298140854,0.028632340952754,0.024137473199517,0.021518673747778,0.023262566886842,0.025309386663139,0.02222312707454,0.021281083114445,0.02115860208869,0.028220932465047,0.023809489328414,0.028288018424064,0.024446497671306,0.024634245783091,0.020629392005503,0.026393694803119,0.024837302975357,0.028383907862008,0.026470137760043,0.025368055794388,0.023041136097163
Smarch/Polly.dimacs,0.041880696546286,0.045551951508969,0.04116247408092,0.036210710648447,0.040166471153498,0.040526125580072,0.039428318850696,0.040377829689533,0.039962583221495,0.044150717090815,0.042893901001662,0.0379977975972,0.038534461054951,0.040078324731439,0.040090170223266,0.04048582026735,0.039158355910331,0.04593147104606,0.04282172722742,0.040415763389319,0.0394785432145,0.044785892125219,0.044005401432514,0.044041335117072,0.044260686263442,0.036849472206086,0.036733107641339,0.039985341019929,0.034687289968133,0.035880392882973,0.040883847977966,0.037169627379626,0.03772832127288,0.036637839861214,0.040532520972192,0.034772680606693,0.038131556008011,0.034409915097058,0.040041836444289,0.039707059971988,0.040107767563313,0.039641426876187,0.036372811999172,0.041962072253227,0.043623622041196,0.040427931118757,0.037056133616716,0.039052643347532,0.037981378845871,0.038644238375127
Smarch/VP9.dimacs,0.041559681296349,0.049422428477556,0.045041833072901,0.040517261251807,0.040489789098501,0.039180349558592,0.039647925179452,0.039921394083649,0.041099769063294,0.039385902229697,0.038890115451068,0.03927462361753,0.039497748948634,0.04119540983811,0.037763655651361,0.037391029763967,0.036816764622927,0.040754277724773,0.03912193980068,0.033830972388387,0.035176862031221,0.035910191014409,0.033843611367047,0.041150060482323,0.038186763878912,0.041180542204529,0.043298124335706,0.041713858023286,0.03852179273963,0.035407893825322,0.035389116499573,0.03682922385633,0.042609259020537,0.041609616950154,0.039335701148957,0.038363176397979,0.03811501711607,0.041905489284545,0.040108168963343,0.037750554271042,0.037558014970273,0.036424560472369,0.041946126148105,0.040801894851029,0.036962627433241,0.035834317561239,0.038042233791202,0.037199216894806,0.042090987786651,0.039487619884312
Smarch/X264.dimacs,0.02408518595621,0.026856224052608,0.024573938921094,0.024640652816743,0.028323269449174,0.034158264286816,0.026692187879235,0.024352873209864,0.028611499350518,0.029596858192235,0.027224063873291,0.029594380874187,0.029497990850359,0.031093847006559,0.02882656082511,0.023164226673544,0.027861117385328,0.028239956591278,0.026070672087371,0.026882215868682,0.028758275322616,0.025697430130094,0.028719292022288,0.029642789624631,0.029316985979676,0.030328593216837,0.026069161482155,0.028096836060286,0.026851741131395,0.023741400334984,0.023943339008838,0.02290399139747,0.02890397887677,0.026701478753239,0.025356030091643,0.022174443583936,0.023923492990434,0.023798989132047,0.025531323160976,0.02438042871654,0.025770009029657,0.023042033426464,0.028532901778817,0.025920882355422,0.024198269005865,0.023741005919874,0.024279773235321,0.022276022937149,0.025671366136521,0.024765658192337
Smarch/adderII.dimacs,305.525060795713,306.933014234062,308.638616377488,308.670602494851,308.461059361231,302.430647076108,305.809074674267,302.539312415756,303.132358483039,302.773278888781,303.765528710093,302.790853410494,303.583029978443,306.671370782424,302.318163416814,303.205102488399,300.763919217978,299.724167583976,300.038247731049,299.595835334621,307.657860620879,311.509538291953,305.264239415061,301.603127480019,309.994990412146,305.323905739002,307.908479020465,308.649744314142,308.436998946127,306.29218402924,315.560682814103,305.433901228011,302.859506420791,304.63845534483,302.410371138714,306.217728159856,303.278046019841,304.460179292597,303.779416658916,303.622616836801,301.55144003313,315.6393231689,304.705688419752,304.304287908133,304.647582949139,308.460005221888,307.803375748917,315.040529876947,319.385110619944,309.609978262335
Smarch/at91sam7sek.dimacs,67.1205129167065,67.8546831277199,67.7845208519138,67.4635276626796,67.5408980487846,67.0299064293504,67.3290504799224,67.607345755212,67.3558902577497,67.0764485499822,67.6024220408872,67.5487505877391,67.7361318240874,65.344231240917,66.2741972049698,68.0029249195941,66.3853227109648,65.0338840051554,65.0501385456882,65.4836008991115,65.5065023377538,64.9844954037108,65.0481879631989,65.0730756008998,65.3861874220893,67.564943456091,67.6945270844735,67.2049274067394,67.7974659684114,67.790364371147,67.3051826599985,66.7567667900585,67.507180322893,67.7132596950978,67.854573756922,68.0657079010271,67.6663909857161,67.9388604508713,68.2386341588572,67.2269288222306,66.1558667430654,66.0678332531825,66.1758298249915,66.5053916033357,66.3292524651624,66.2911362540908,66.178590061143,66.4994897218421,66.7700748904608,66.1877023670822
Smarch/axTLS.dimacs,0.203530486207455,0.188282681629062,0.178816434927285,0.187695091124624,0.188547817058861,0.186464829370379,0.177567311562598,0.186219907365739,0.182319961022586,0.197859572246671,0.178691676817834,0.186339982319623,0.176550822798163,0.186160671990365,0.179940432310104,0.175955471582711,0.186208670958877,0.190823518205434,0.182144564576447,0.183036486618221,0.182722112163901,0.176049870904535,0.186910121235996,0.180896394886076,0.182162277400494,0.204044587910175,0.204115718137473,0.20289956452325,0.200935354921967,0.187198122031987,0.206302255392075,0.190181197132915,0.186038961168379,0.182741214055568,0.184755040332675,0.189520363230258,0.174069569911808,0.170038444921374,0.185393270105124,0.180565988644958,0.18265830213204,0.175709222909063,0.181731989141554,0.172912130132318,0.166241948492825,0.16894791321829,0.166900265961885,0.174470733851194,0.188186326995492,0.172110592015088
Smarch/axtls_2_1_4.dimacs,0.070435480214655,0.065978974103928,0.069193353876472,0.071251073852182,0.069702598731965,0.07289134664461,0.067937097512186,0.072064159903675,0.068743923678994,0.067293434869498,0.068293539807201,0.069007262121886,0.064940046519041,0.069730413146317,0.068732506595552,0.067431190051138,0.071375235915184,0.068009960930795,0.070832252968103,0.068213766906411,0.071174336597324,0.067712956573814,0.070016267243773,0.0655483212322,0.067546648904681,0.077964451164007,0.076621286105365,0.084188336506486,0.078266335185617,0.074417003430426,0.079953530803323,0.076342322397977,0.0781474057585,0.075931678991765,0.075051442719996,0.074372418224812,0.080364567693323,0.073455566074699,0.076911511830986,0.080636273138225,0.075384948868305,0.08163314498961,0.076933739241213,0.07497107796371,0.073337139561772,0.078571240417659,0.0749442698434,0.08153770910576,0.072911752853543,0.075651279184967
Smarch/buildroot.dimacs,1800,1800,1800,1800,1800,1800,1800,1800,1800,1800,1800,1800,1800,1800,1800,1800,1800,1800,1800,1800,1800,1800,1800,1800,1800,1800,1800,1800,1800,1800,1800,1800,1800,1800,1800,1800,1800,1800,1800,1800,1800,1800,1800,1800,1800,1800,1800,1800,1800,1800
Smarch/busybox-1.18.0.dimacs,0.248996329959482,0.21890680398792,0.219933185726404,0.218274349346757,0.220363058149815,0.215686028823256,0.212222500238568,0.215611800085753,0.212698611896485,0.21552248718217,0.213368356693536,0.21554834395647,0.212524513714015,0.243700451217592,0.21937116375193,0.216551631689072,0.222462729085237,0.215881647076458,0.223772799130529,0.24302089586854,0.220596675761044,0.21447528200224,0.212413738947362,0.222800497896969,0.219334121793509,0.255051776301116,0.214945503976196,0.210449684876949,0.212013804819435,0.212170532904565,0.212428333703428,0.212395659182221,0.217204150743782,0.258649887051433,0.237001756671816,0.216784058138728,0.214695796836168,0.216689832042903,0.214606483001262,0.231200258713216,0.218035197816789,0.209497356321663,0.212572079151869,0.211154479999095,0.210953603964299,0.211436740588397,0.217059937305748,0.219386522658169,0.212244332768023,0.217456973157823
Smarch/busybox_1_28_0.dimacs,2.22700627427548,2.22425750549883,2.2300215982832,2.22884435020387,2.23383954400197,2.23340046498924,2.23486321093515,2.24073760211468,2.2548372996971,2.27548327995464,2.24940658267587,2.26068814331666,2.242623525206,2.23239555908367,2.23427841207013,2.2521072900854,2.24457134585828,2.22971315402538,2.24095376720652,2.22779710404575,2.23046842683107,2.2603456764482,2.23404772533104,2.2371731903404,2.2305190586485,2.36227527493611,2.36977333854884,2.35630050906911,2.37994643300772,2.37258981680498,2.36925638886169,2.39487992180511,2.36925991158932,2.39739421661943,2.39250955032185,2.38877697521821,2.38080165302381,2.3804304311052,2.37195514701307,2.37643628101796,2.37006087787449,2.38508838415146,2.41194288013503,2.39678480336443,2.38587948912755,2.4170494498685,2.27918190183118,2.22784396493807,2.23640912538394,2.23638579435647
Smarch/ecos-icse11.dimacs,71.5487067950889,73.4294651802629,72.7714164927602,74.545568829868,73.7300823940896,74.0722683458589,73.8538838042878,73.8686692337506,73.6201978498139,73.5628921170719,74.0025214743801,73.3342460421845,73.7697874098085,72.2654645252042,73.9581123059616,72.548564914614,72.6149202976376,72.9245754824951,72.2836434743367,72.3956099692732,72.3799201878719,71.15946191689,72.1101731890813,73.5867987261154,73.0089798360132,71.3357761423104,71.6707430928946,74.3678136132658,73.8646278898232,73.7707965834998,73.6018113065511,73.9567451844923,73.8120473455638,73.9249690575525,73.7347376118414,72.7905835690908,72.2251791958697,73.5440313802101,74.0217841160484,71.1804470857605,70.9376720669679,70.9945151270367,71.1455245791003,71.6643403680064,72.5966262323782,71.9785417048261,74.0843434389681,73.4128505717963,71.4527267371304,71.1964192120358
Smarch/embtoolkit.dimacs,35.0683060698211,34.8344982680865,34.7620309474878,34.7982311840169,34.3493234990165,34.434870344121,34.3297940427437,34.5436539291404,34.5156999020837,34.2898068903014,34.6261906325817,34.4339492553845,34.3433742905036,34.8429557802156,34.892778581474,34.524046188686,34.3282456533052,34.5374123067595,34.6197332362644,34.6329735470936,34.5084320437163,34.8453868832439,34.5307374759577,35.2055467516184,35.5064816558734,34.0299698892049,34.3651431184262,34.5918625062332,34.0741221942008,34.8535244991072,34.4058492789045,34.2395395440981,35.3781751748174,34.117627248168,34.8834986127913,34.6103052147664,34.7460830151103,35.0549209318124,34.2605596208014,34.8593342378736,35.2250900971703,35.130368326325,35.645283002872,35.3645363952965,34.7226676060818,35.3827237091027,35.2146767885424,35.9297407753766,34.6721396087669,35.5490249888971
Smarch/fiasco.dimacs,0.306032441090792,0.306026315316558,0.302946414798498,0.304993792902678,0.303045269101858,0.303229185286909,0.307527415920049,0.305181093048304,0.304274022113532,0.303770925849676,0.304608552251011,0.307122472207993,0.304699313826859,0.305261116009206,0.302265425212681,0.305395887233317,0.300325431395322,0.302483552135527,0.306880691088736,0.305896043777466,0.3052235445939,0.304156619124115,0.308256203774363,0.306991580873728,0.304671720135957,0.313821522053331,0.31107634678483,0.310465669259429,0.305808064062148,0.306686161085963,0.30995769193396,0.293295797891915,0.290211325976998,0.29124512989074,0.310095085762441,0.296513712964952,0.307418034877628,0.289760090876371,0.31077767116949,0.294807697180659,0.307193941902369,0.297111246269196,0.289094106759876,0.291690957266837,0.313727878499776,0.317952680867165,0.331639933865517,0.309663913212717,0.312669445294887,0.292842857539654
Smarch/fiasco_17_10.dimacs,0.142095683142543,0.138260210398585,0.147848221007735,0.146162807010114,0.146054681856185,0.146105483174324,0.15741893555969,0.145995477214456,0.152933873701841,0.14491303730756,0.139946082606912,0.143533292692155,0.141958428546786,0.140374284703285,0.143052030354738,0.14357785275206,0.139349619392306,0.14323161309585,0.142157828900963,0.138739009387791,0.139820085838437,0.140794691164047,0.142677859868854,0.13863653736189,0.143107003998011,0.13403485622257,0.145128408446908,0.145915987435728,0.145491171628237,0.152779121417552,0.137857485096902,0.13346430612728,0.135562805924565,0.143298173323274,0.147095950320363,0.138647499959916,0.143279238138348,0.141017591115087,0.131325477734208,0.132024918217212,0.14433271670714,0.138697575777769,0.132808699272573,0.147468545474112,0.135960552841425,0.134433246217668,0.132580304984003,0.146434189286083,0.139518121257424,0.132859993726015
Smarch/freebsd-icse11.dimacs,642.279760656878,614.700206038542,585.227852608543,670.509359903168,598.139892375562,677.874230286106,630.753944714088,605.774536892772,674.535912394989,600.885791474953,644.64000784792,608.691064502113,583.121255448088,617.278141701594,620.654454595409,654.804872956593,663.551542978268,651.089713576716,599.799551431555,583.538016931619,659.706240477506,627.982145380229,695.976013673935,585.294244897086,594.018635312561,589.78040579753,611.083890683018,645.237384193111,657.854936846998,638.859368396923,591.042674711905,566.982345118653,621.86910375068,677.44980034139,652.489704338834,616.180850200355,547.063750478439,649.530457021203,650.159799143206,637.260813117959,636.590132572223,570.446718706284,605.061219109688,634.181974265724,622.024650809821,671.785409036093,701.222801436204,604.985210421961,618.293737587053,623.858007364906
Smarch/freetz.dimacs,1800,1800,1800,1800,1800,1800,1800,1800,1800,1800,1800,1800,1800,1800,1800,1800,1800,1800,1800,1800,1800,1800,1800,1800,1800,1800,1800,1800,1800,1800,1800,1800,1800,1800,1800,1800,1800,1800,1800,1800,1800,1800,1800,1800,1800,1800,1800,1800,1800,1800
Smarch/integrator_arm9.dimacs,47.5117881800979,38.2417021770962,42.2282464290038,23.416358654853,35.51852525305,28.0818737829104,27.6490653399378,36.6275743418373,27.3858264959417,23.8369965679012,27.1349268457852,23.0297850598581,24.658167493064,27.5451145698316,30.2075351676904,35.1554482299834,19.1633090511896,32.7126524597406,26.3184126913548,22.5143362269737,32.4758234587498,29.5665493197739,31.6198631944135,35.1944909137674,21.5619795070961,28.440626535099,33.3790397220291,20.30338698579,37.2201983560808,31.4842331400141,43.5017871409655,39.0244448613375,29.1934118550271,33.0341158648953,31.5364331379533,23.3983483039774,29.210667711217,31.3940726649016,22.8723600362428,28.1082438509911,25.276998706162,23.7527618547902,31.427124185022,34.5499549261294,28.6965200323611,26.5353327677585,25.867935096845,23.8634110498242,23.4517093631439,45.9081952818669
Smarch/lrzip.dimacs,0.031687847338617,0.027495091315359,0.028822727035731,0.029125181026757,0.028307952918112,0.033731647767127,0.029019948095083,0.022994281724095,0.023531103041023,0.027120476122946,0.029053944163025,0.026988759171218,0.036294486839324,0.0293711242266,0.028059426695109,0.025564900133759,0.031877174042165,0.02554388018325,0.034839489497244,0.026401637122035,0.026303132995963,0.031542239710689,0.031909745186567,0.024813068564981,0.025178522337228,0.040182123892009,0.037595708854497,0.038494488690049,0.034934636205435,0.030531771015376,0.032519023865461,0.029498058371246,0.027497818227857,0.022868685889989,0.024761689826846,0.031977110076696,0.029683638364077,0.02848909329623,0.024019749835134,0.026793801691383,0.025968262925744,0.026352963875979,0.028280463069677,0.029844024218619,0.028788955882192,0.023257269524038,0.021625603083521,0.021623613778502,0.030944321770221,0.027805569116026
Smarch/m5272c3.dimacs,120.160415790509,120.200819223188,121.27366088191,120.900306863245,120.632194741163,124.65002112044,122.921553940047,120.888622246217,123.276299073827,123.484790262301,123.505567293148,121.691754884087,120.685072821099,121.154414688237,119.37746304879,119.693868841045,119.380697282963,119.549382639118,122.124798784498,122.095428773202,122.684662932996,119.546759501565,120.25101507036,119.756368747912,123.592478538863,124.734891687986,122.223221968394,122.09374633804,126.627256633248,119.349486141466,121.876841471996,125.502700550016,124.317261380609,123.657719959039,121.711195299402,121.204111419618,126.830492094625,122.798803450074,123.002352689393,122.618938746862,122.924267365132,127.12092477968,124.037717191037,121.978354391642,122.949065382127,123.07029737765,125.414562143385,124.071663159877,124.028385661077,123.905543643516
Smarch/olpce2294.dimacs,270.994322979823,272.194884240162,262.454388731159,266.41276218975,273.283339630812,270.163585505914,262.958151335828,270.686307391152,267.146279459354,265.716759871226,266.213597837836,268.603896179236,269.165911760181,268.098184650298,271.619970176369,271.031035386026,270.172327325214,269.817802507896,267.191815385129,270.14791703783,265.310748225544,266.44170973124,266.190407833084,265.616852968931,266.280450697988,273.006028984208,278.85199161293,259.307341509964,274.657953303307,269.578234133776,266.037235131953,270.660021919757,266.794654100202,265.95015776623,266.112778273411,268.762931639794,269.956549740862,271.417987646069,270.583518788218,270.869028268848,269.971781927627,269.128883772064,268.835346545558,271.082233999856,266.998496677727,266.664988393895,266.38002355583,266.664901278913,266.261234154925,271.020095146261
Smarch/pati.dimacs,144.990487608127,147.874593986664,147.699729006272,148.62992661586,149.245113900863,143.281461177859,144.868309265934,145.204506526701,144.498591348995,143.401211524848,143.090967515484,143.379094411153,143.579425170086,146.520978712477,146.35609570425,145.418579432648,141.863637975417,141.696300556418,141.94420567574,142.611612048931,142.187028009444,142.231931676622,141.787643845193,141.403792085126,148.615719576832,147.437875709031,147.540163869504,145.170946440194,146.975671046414,144.825209224131,145.618487263098,146.330230227672,147.615288087167,147.15937417699,146.698957296088,145.439467056189,144.79892902635,146.703124766704,144.780271566939,147.698896458838,147.753177745733,148.873540003318,147.613221929874,147.575552086812,147.207088988274,147.533887676895,148.430566408206,148.091670773923,149.263576930854,149.416105652228
Smarch/phycore229x.dimacs,195.781884255353,196.228586555924,192.645516242832,195.921651183628,193.176795660984,193.304455183912,195.37845331477,196.962612031493,195.032153032254,194.454178976826,195.38323644083,196.835438529961,195.680549150798,192.953549805097,204.063737649936,190.302119403146,191.50746688433,191.702682453673,194.249471846968,191.117147145793,190.800453428179,191.859778475016,189.906505980995,192.247379690874,194.94916440174,194.255137486383,197.857767220121,194.813245066907,193.251922817901,196.194510413799,196.820803225972,196.967037963681,207.947868522722,195.597948249429,196.759308620822,195.827925763093,190.769065029919,191.6128238081,190.56906263018,191.373292788863,192.398333568126,194.653143738396,191.459718463477,191.966635271907,193.066265613772,191.267211712897,192.653882939834,194.764813053887,195.513421447948,196.990047449712
Smarch/ref4955.dimacs,120.449767056853,120.925347023178,119.707562452182,120.948332366068,120.830312882084,120.709224047605,121.278010901995,117.984814528376,120.731211262289,121.041015766095,120.479030018207,120.673395766877,119.481007337105,117.91291353479,118.265114243142,118.696288091131,118.763443773612,119.028337831609,125.805113940965,118.805702560116,118.93684714241,118.191009182949,118.39872247912,121.55363326706,121.092827308923,121.056425746996,121.195035651792,121.253337578382,119.031851152889,118.143370467704,120.341805953998,120.486803884152,119.797173192259,120.082054248545,118.662377225235,118.387281774078,118.713931413833,119.18282695394,119.352307528257,119.255033664871,119.186192805879,119.058975715656,119.207886586431,117.983439140022,118.459131551906,121.910923815332,121.379666153807,121.258396408055,119.050830814056,118.358791277278
Smarch/se77x9.dimacs,373.144710264169,352.646908137947,363.308848735876,363.214056924451,363.903991861735,367.034753237851,375.321542738937,355.349011512008,360.182903468143,364.441674674861,356.302137868945,393.919728561305,366.629403389059,359.347642235924,362.737595270853,363.739540771116,364.311787135433,363.087607491761,384.288233762141,368.716141013894,382.167094382923,363.36716533592,365.870459224097,366.719569849316,367.010677245911,360.904333495069,359.134492066223,361.283965263981,360.253543968778,382.477839041501,360.111050548963,356.903680453077,364.139350792859,372.108189812861,372.27061014995,364.693963489961,363.52682707971,362.392943072133,354.263911793008,359.494554478209,376.063850024249,365.794493949041,356.346744382288,379.893303440884,364.88276028214,368.630607034545,378.766282266006,348.260077726096,357.9149878514,363.916230248753
Smarch/toybox.dimacs,0.087584200315178,0.07931404793635,0.085071440320462,0.084865119773895,0.086860582232475,0.095828543882817,0.088103025685996,0.081112972926349,0.088417084887624,0.091954837553203,0.080215471796692,0.079254602082074,0.095360706094653,0.088375990279019,0.086824997328222,0.088802760932595,0.090371795464307,0.091519734822214,0.090831031091511,0.093496566638351,0.090743658598513,0.091076985932887,0.09259033575654,0.090445869136602,0.088367158547044,0.09542000759393,0.090442679356784,0.093088160734624,0.085573713295162,0.09610629407689,0.08127771737054,0.087372235953808,0.090538820251823,0.087732816115022,0.093438063748181,0.091519395820797,0.088112744502723,0.095548679120839,0.086328651756048,0.087463960982859,0.088083214592189,0.088308671955019,0.098205159418285,0.086542068980634,0.085161241237074,0.092032553162426,0.083287197165191,0.090902803000063,0.087987254373729,0.091598641593009
Smarch/toybox_0_7_5.dimacs,0.091102544683963,0.092702141031623,0.090339207556099,0.089478847570717,0.096985116135329,0.093667123001069,0.095367390196771,0.088372566737235,0.085807862691581,0.09896231116727,0.087341933045536,0.087333435192704,0.086800304241479,0.093879377003759,0.094270786736161,0.094715385232121,0.089582277927548,0.087673453614116,0.089241195470095,0.09130357997492,0.094062078278512,0.087707077618688,0.089508668985218,0.090314605738968,0.089956256560981,0.090108756441623,0.089692340698093,0.084643613081426,0.089899635873735,0.095843078102917,0.088764336425811,0.095608604606241,0.099418611265719,0.087123098317534,0.085127149242908,0.09522215416655,0.088634214829654,0.091894832905382,0.09015194978565,0.08481853408739,0.083025953732431,0.08952487912029,0.089156630448997,0.086518866941333,0.085077777970582,0.091297247912735,0.087541879154742,0.090436245314777,0.094188261777163,0.095456467010081
Smarch/uClibc-ng_1_0_29.dimacs,0.342883323319256,0.316121981479228,0.316823693457991,0.314069339074194,0.312293961644173,0.319354071747512,0.320866585243493,0.321382809896022,0.320408478844911,0.320976794697344,0.316674284171313,0.320634901989251,0.322985660750419,0.315743647515774,0.315782531630248,0.320616899989545,0.337938809301704,0.317303303163499,0.319994076155126,0.347517212852836,0.339964616112411,0.316728631034493,0.303551132790744,0.3094272762537,0.309488371014595,0.343283805064857,0.31429904140532,0.319955217652023,0.320487231016159,0.315779044292867,0.321160127874464,0.319609872996807,0.315349208191037,0.316766837146133,0.314781374763697,0.319560289382935,0.320166016928852,0.31422385526821,0.314648596569896,0.315106824040413,0.315384220331907,0.316150610335171,0.315391067881137,0.334138163365424,0.316875060088933,0.323526424355805,0.320372515823692,0.319614009931684,0.314516243990511,0.312553921248764
Smarch/uClinux-config.dimacs,2.26081154681742,2.25127281807363,2.16751766530797,2.2215211992152,2.18883488792926,2.2147421897389,2.23577169096097,2.2403969867155,2.20694438787177,2.17155217379332,2.19195910496637,2.17386943800375,2.1903268052265,2.16639837156981,2.18162895273417,2.18541088607162,2.17787324963137,2.19538586307317,2.16678001685068,2.17554192617536,2.17981387069449,2.20379223581403,2.18170812446624,2.22114300495014,2.18790846364573,2.27203441178426,2.20598502084613,2.18688052380458,2.18765053991228,2.18711223360151,2.17669402249157,2.21488503785804,2.20044927531853,2.2021846245043,2.19114596396685,2.20245378511026,2.19605858623981,2.18817271431908,2.2052542399615,2.19239987945184,2.36166400974616,2.18780074873939,2.21434609405696,2.19745414238423,2.20289725298062,2.23556298483163,2.21331196231768,2.2285894821398,2.20737791806459,2.22704832395539
Smarch/uClinux.dimacs,0.226051320321858,0.231653090566397,0.232701160013676,0.230025748256594,0.235048584174365,0.236285139806569,0.230309444013983,0.231106644496322,0.221449576318264,0.227275881916285,0.230812785215676,0.233713435009122,0.232301874086261,0.251191748771817,0.22653481643647,0.245254733134061,0.229041673708707,0.225103738252074,0.223388059064746,0.224415657110512,0.224271514918655,0.223929849918932,0.223599705845118,0.22575322818011,0.233074732124805,0.237225539982319,0.242845827247947,0.247034308034927,0.246222171932459,0.242498246952891,0.247218310367316,0.241823320742697,0.244582104030997,0.245438681449741,0.244179150089622,0.245932944118977,0.243712757248431,0.242552048992366,0.246144215110689,0.241317769978195,0.236037615220994,0.234802281018346,0.236975719686598,0.245164291467518,0.238816723693162,0.233952980022877,0.234476535115391,0.234251412097365,0.235805740114301,0.234887721017003
automotive01/automotive01.dimacs,6.13026525173336,6.10982445627451,6.02958329021931,6.05514567391947,6.03688394697383,6.15965718077496,6.11241854541004,6.08998606400564,6.08673352608457,6.03094057878479,6.01378876669332,6.04915755847469,6.08860973035917,6.07116087619215,6.06030338676646,6.06074639502913,6.04173823073506,6.07112045492977,6.05028922948986,6.0333836353384,6.04408632777631,6.00785055011511,6.05759265366942,6.14084172388539,6.05537597695366,6.10137956263498,6.09176566218957,6.0688060997054,6.12946303188801,6.08847906021401,5.98594112042338,6.01034431485459,5.99421882117167,6.09496172051877,6.02781582158059,6.10464964993298,5.99684707960114,6.06548377824947,6.10650914208964,5.66263966728002,5.73420691723004,5.70561431162059,5.60225736163557,5.56687043886632,5.59205552609637,5.53911804733798,5.55784314870834,5.56929978402332,5.68154372647405,5.57359825866297
automotive02/automotive2_4.dimacs,71.3766534631141,70.4142815056257,71.4537579235621,71.6321327909827,71.1373572358862,70.5596063043922,70.6995471208356,69.586443297565,69.1465646419674,68.8861341509037,69.218674659729,68.6458594310097,71.4995394661091,72.0371245760471,71.1650757608004,69.5902572744526,69.7658787067048,70.2981781931594,69.8787621138617,70.6518673221581,70.2437568525784,70.4754224442877,71.4262334206142,72.3152311304584,73.2337247966789,70.4065412250347,71.0760581139475,71.0579243861139,72.41528652329,71.3892497159541,71.641816672869,71.9192476491444,72.0156453540549,69.7254836452194,69.735818776302,70.2590331486426,69.8225730331615,70.5089578167535,70.2143257935532,70.4393466720358,71.0136369438842,72.5673068221659,71.6900144349784,71.4742310489528,71.5455277957954,71.7897935640067,71.7706470927224,70.4915431234986,70.4602293539792,70.4873604429886
featureide_examples/berkeleydb.dimacs,0.065083914902061,0.055975898168981,0.064720317255706,0.064250085968524,0.063993983902037,0.060944611672312,0.062830445356667,0.063013745006174,0.058386574033648,0.055285945534706,0.055719526484609,0.063778358045966,0.063307547010481,0.055958157405257,0.060016299132258,0.062132264953107,0.055550535209477,0.060576032847166,0.068029224406928,0.069563040044159,0.070916689001024,0.063138187862933,0.060588459018618,0.066484718117863,0.057526697870344,0.066767131909728,0.06590804643929,0.062164574861527,0.064241902902722,0.061445428989828,0.060002631042153,0.051742533687502,0.051526483148336,0.053926405496895,0.058164109010249,0.063072632532567,0.061799559276551,0.05823380406946,0.0583860357292,0.060170543845743,0.063505797181279,0.060669407714158,0.059749270789325,0.060909376014024,0.061858784873039,0.054927061311901,0.06320803007111,0.06479679280892,0.069161480758339,0.06146165728569
financial_services/financialServices_2018-05-09.dimacs,1.25168542796746,1.26314228912815,1.21946799848229,1.1994753642939,1.19597598165274,1.1943210689351,1.19384633237496,1.1905149477534,1.18404945824295,1.18611534684896,1.18885590182617,1.1895818519406,1.19250900298357,1.19017336703837,1.18393711512908,1.18250868236646,1.18138830317184,1.2080645179376,1.18904463108629,1.19248444912955,1.19093687087297,1.19232018943876,1.19688060786575,1.19556506490335,1.19119234476239,1.19085849775001,1.26022689975798,1.18329120520502,1.17901023104787,1.2019339078106,1.1783576849848,1.17694830102846,1.18114743288606,1.17062834696844,1.17215595301241,1.17361372709274,1.18741945084184,1.15944514749572,1.15993361920118,1.17524539213628,1.17550750123337,1.17342052096501,1.17347152717412,1.21182737918571,1.17624188866466,1.1731381341815,1.19241030327976,1.1984381750226,1.19848635140806,1.18700279342011
confidential/automotive03/03.dimacs,0.407476786058396,0.407465545460582,0.404151671100408,0.433986929245293,0.411929280497134,0.406664917245507,0.404152503702789,0.412045354954898,0.406659748870879,0.43569512758404,0.412369969300926,0.405362476129085,0.404323134105653,0.406189382076263,0.414085635915399,0.433688585180789,0.410801362246275,0.435808794107288,0.413594655692577,0.444672273937613,0.415687528904527,0.436555998865515,0.416164003312588,0.437221339903772,0.414074863307178,0.397798909340054,0.394678195472807,0.398606170900166,0.397035295143723,0.39456350915134,0.428195514716208,0.403226871509105,0.428912864997983,0.429460988380015,0.42919520707801,0.407414083834738,0.401877959258854,0.396384868770838,0.396317024715245,0.397587962914258,0.429003341123462,0.424059479497373,0.426908533088863,0.403951608110219,0.408722462132573,0.406485237646848,0.409014620352536,0.404284372925758,0.421404648572207,0.405417507980019
confidential/automotive03/automotive03a.dimacs,0.111980920191854,0.125919998157769,0.125667198095471,0.119644504506141,0.12238298682496,0.123780796304345,0.125196528155357,0.123932763934135,0.119338866323233,0.123248626943678,0.117817283142358,0.120867200195789,0.123730408959091,0.124077216722071,0.119824432767928,0.120424491353333,0.124277106951922,0.121611619833857,0.119826748035848,0.123505644965917,0.12308613024652,0.122919851914048,0.123563326429576,0.119937621057034,0.130737924948335,0.116858974099159,0.125451157335192,0.118171325419098,0.119981932919472,0.122500287834555,0.12368460232392,0.119470462203026,0.123764699324965,0.123789547942579,0.118184030987322,0.112578145228326,0.126617549918592,0.123833169229329,0.126709428150207,0.122912840917707,0.120281011797488,0.117877427022904,0.122419813182205,0.124070382211357,0.116002157330513,0.118477842770517,0.114418134093285,0.113473820965737,0.112759458366781,0.122494230978191
confidential/automotive03/automotive03b.dimacs,0.480679864995182,0.44078825507313,0.465672427322716,0.440741266123951,0.432743758894503,0.429932015947998,0.432518427725881,0.465709961019456,0.4396763718687,0.464669778011739,0.439802610315383,0.433265744242817,0.431132931262255,0.462872941046953,0.441928217187524,0.464846776798368,0.444206390529871,0.450586306862533,0.436076277401298,0.465959127992392,0.442602380178869,0.466009235475212,0.460645338986069,0.439886217936873,0.439039099961519,0.447800760623068,0.441182408947498,0.442952204030007,0.492611256893724,0.451005727984011,0.443056324496865,0.441989309154451,0.473344757221639,0.452178191859275,0.44509494677186,0.443903437349945,0.443213671911508,0.441209914162755,0.450017261318862,0.442611876875162,0.439786816947162,0.464447433594614,0.441777335945517,0.466342021245509,0.441473165526986,0.457246384117752,0.441241796128452,0.44085111329332,0.441078473813832,0.439682786352932
confidential/automotive04/04.dimacs,0.432823108043522,0.405584550928324,0.392754967324436,0.393479777034372,0.399733835831285,0.404435933101922,0.402476988267154,0.400726158171892,0.407394351903349,0.397313533350825,0.402549060992897,0.397355436813086,0.41269433638081,0.400360060855746,0.39776088995859,0.399760335218161,0.394306328613311,0.398317196872085,0.441465150099248,0.42088631587103,0.400918598752469,0.403916243463755,0.411307910922915,0.401501365937293,0.421136893797666,0.401435569860041,0.395739001687616,0.413425483275205,0.396689021028578,0.393968856427819,0.393046112265438,0.392765719909221,0.394810061436146,0.394993893802166,0.394414367154241,0.394614286720753,0.398830146063119,0.39760757656768,0.407508841715753,0.403682388365269,0.4022396649234,0.404380671214312,0.40197581006214,0.401253555901349,0.40119317220524,0.433744495268911,0.404324516188353,0.408177103381604,0.407849392853677,0.405422627460212
confidential/automotive05/05.dimacs,1800,1800,1800,1800,1800,1800,1800,1800,1800,1800,1800,1800,1800,1800,1800,1800,1800,1800,1800,1800,1800,1800,1800,1800,1800,1800,1800,1800,1800,1800,1800,1800,1800,1800,1800,1800,1800,1800,1800,1800,1800,1800,1800,1800,1800,1800,1800,1800,1800,1800
confidential/automotive06/automotive06a.dimacs,0.043044177815318,0.040694496128708,0.0418397244066,0.040337165351957,0.032898271922022,0.042007612064481,0.040414514020085,0.037798825185746,0.036401456221938,0.034618260338903,0.040689295623452,0.041487620212138,0.036444934085012,0.034933392889798,0.035831160843372,0.041116700973362,0.038805935997516,0.039350545033813,0.038625601213425,0.036113182082772,0.036559137050063,0.039305483922362,0.037834329996258,0.036208974197507,0.036199337802827,0.043808854185045,0.040963711682707,0.041799646336585,0.042003287933767,0.040377296041697,0.044864713679999,0.031131276860833,0.041526957880706,0.039984323084354,0.041215733159334,0.03642617398873,0.040851342026144,0.037972236052156,0.035286447964609,0.036003357730806,0.035785325802863,0.040406957268715,0.040092997718603,0.040233454667032,0.039135229308158,0.036150639876723,0.038367519620806,0.040560143999755,0.035957960877568,0.039521291851997
confidential/automotive06/automotive06b.dimacs,0.351341851986945,0.355267502367496,0.358024951070547,0.350629053078592,0.347813613712788,0.350702553987503,0.353088257834315,0.351930997800082,0.352652503177524,0.350692513864487,0.355798565316945,0.355678581167012,0.350763078778982,0.355074125807732,0.367189794313163,0.389515411108732,0.364018107764423,0.366116284392774,0.372349078767002,0.350514784920961,0.370651181787252,0.375352862756699,0.357126231305301,0.354307556059211,0.357522597070783,0.354191349819303,0.347428914159536,0.34438547026366,0.353311425074935,0.354687402956188,0.354124843142927,0.353196683805436,0.355488729197532,0.358361900784075,0.354302907828242,0.35793914180249,0.355593615677208,0.355688068084419,0.352564027067274,0.352989122737199,0.353377605322748,0.358144334051758,0.357395007275045,0.354412467218936,0.351422630716115,0.353502024896443,0.354699069168419,0.354771077632904,0.350564099382609,0.35556031530723
confidential/automotive07/automotive07a.dimacs,0.935430133249611,0.893941855058074,0.903778661508113,0.859762432519347,0.866754265967757,0.86369652627036,0.869002008344978,0.867105864919722,0.871408965904266,0.874605849850923,0.868358084000647,0.866955140605569,0.865821343846619,0.866491191089153,0.872523243073374,0.874389169737697,0.864662572275847,0.865352544002235,0.87197254691273,0.884594102855772,0.89860965590924,0.886758242268115,0.884608771651983,0.873272374738008,0.877105694264174,0.932657060213387,0.877493546810001,0.892186045181006,0.88473600614816,0.876560899894685,0.879065074957907,0.921224004589021,0.875142697710544,0.872712397016585,0.898946708999574,0.880087013822049,0.896723426878452,0.895465431269258,0.896250769961625,0.872646768111736,0.87420791387558,0.87668008543551,0.875046616885811,0.872042702045292,0.872480506077409,0.87233161740005,0.874489673878998,0.881409279536456,0.861119092907757,0.861958153080195
confidential/automotive07/automotive07b.dimacs,27.195116141811,27.1432153689675,27.2299303668551,27.0061484845355,27.2303256136365,26.5367138190195,26.7178864330053,26.7004247005098,26.7514298525639,26.7106462940574,26.6439697737806,26.6436488796025,27.3846124531701,27.9392819670029,27.681764791254,27.5990999131463,27.3225425230339,27.2668178090826,27.2212378731929,26.3290215888992,26.1773415780626,26.1330476072617,26.2411478180438,26.2477387161925,26.1375070135109,27.4453070848249,27.2177763460204,27.1770780500956,28.1300398232415,26.7712517976761,26.7355417143553,26.6719468585215,26.6399994487874,27.3185569951311,26.8030215916224,26.0058618937619,26.4667364293709,26.9833993096836,26.1039009094238,25.8999951523729,25.9131267229095,25.8533245306462,25.9780822303146,25.9803254697472,25.9311148938723,26.0256363870576,26.1943770060316,26.0915319579653,26.6631129430607,26.4275666796602
