CDL/am31_sim.dimacs,/CDL/am31_sim,11.3516307766549,11.2920043282211,11.2361613642424,11.2628095559776,11.2355732400902,11.2282969350927,11.2527189268731,11.2413309589028,11.2993327849545,11.252839887049,11.1662776931189,11.2720040562563,11.2370357234031,11.2293980219401,11.2066930201836,11.1939910557121,11.3117160461843,11.2726238663308,11.2332197176293,11.2704829070717,11.3002798110247,11.3555591418408,11.237818964757,11.2648778259754,11.2645443794318,11.1867175493389,11.1619984158315,11.1846579960547,11.1714839260094,11.1586525919847,11.1493142088875,11.157580378931,11.1539571480826,11.1157668279484,11.1578193698078,11.105068529956,11.1575179747306,11.1404318632558,11.1883752122521,11.1432052939199,11.0758178029209,11.1327376421541,11.0981746469624,11.0683808722533,11.1167008886114,11.0866644349881,11.0497546060942,11.1046764464118,11.1166148120537,11.0707152178511
CDL/ea2468.dimacs,/CDL/ea2468,36.4062459110282,36.3973265672103,36.3034509350546,36.2921513863839,36.2627130853944,36.263261504937,36.3058014023118,36.412371576298,36.3720935983583,36.3574732230045,36.4272508039139,36.3439320218749,36.3916305918246,36.2933108028956,36.3692617430352,36.2885877010412,36.2612367160618,36.264649847988,36.3861271915957,36.2608253499493,36.4779524481855,36.5020321467891,36.3554183519445,36.366187018808,36.4252809369937,35.9054255159572,35.9222810235806,35.8820335580967,35.8291596630588,35.9066872172989,35.8394824420102,35.9779658890329,35.792816599831,35.9363850196823,35.839671028778,35.9724272508174,36.0079017370008,35.7816379219294,35.979378759861,35.7389436732046,35.9757831823081,35.7943151830696,35.935465330258,35.7167896651663,35.9335329732858,35.7197400187142,36.025070797652,35.8414990399033,36.0136338206939,35.72688500816
CDL/p2106.dimacs,/CDL/p2106,17.4849635320716,17.5364481969737,17.5596137600951,17.4847029959783,17.5317988707684,17.5569908111356,17.5118381120265,17.5575324278325,17.536227054894,17.5451162308455,17.4988238317892,17.5632453821599,17.5862084059045,17.6151937986724,17.5314696258865,17.5075999512337,17.5521761239506,17.5028982548974,17.576904991176,17.5075376452878,17.4919668799266,17.5720938988961,17.5597622049972,17.5100717553869,17.4876146009192,17.3176424540579,17.1770287859254,17.2934118369594,17.2345097088255,17.3011214500293,17.20236655185,17.4005560898222,17.2893724092282,17.288000847213,17.3318687933497,17.3810049029998,17.2674616957083,17.4296691110358,17.3305723168887,17.2662234622985,17.3816958721727,17.391398625914,17.2413739850745,17.3022438120097,17.2167415348813,17.3467099540867,17.3406416061334,17.3904064879753,17.2061358802021,17.4386328691617
KConfig/axTLS.dimacs,/KConfig/axTLS,0.01808408787474,0.015915923286229,0.016709374729544,0.015699013136327,0.016345161944628,0.016048337798566,0.01135568600148,0.012713228818029,0.01433327794075,0.01725099189207,0.011081548407674,0.013143899850547,0.014616490807384,0.01498810807243,0.013077232986689,0.015397513750941,0.014326069969684,0.013980699237436,0.014562031719834,0.014511365909129,0.014885450713337,0.013805353082717,0.01524488767609,0.013212521094829,0.014728602953255,0.016817138064653,0.015958694275469,0.017524410970509,0.016347620170564,0.01118147186935,0.015363262966275,0.01339438604191,0.01409716391936,0.015075149014592,0.012715963181108,0.012826581951231,0.014397084712982,0.014347143936902,0.014086086768657,0.012476020958275,0.012897684238851,0.013966803904623,0.014968510251492,0.015868641901761,0.014084433205426,0.01565358415246,0.014513786882162,0.013665196951479,0.014377819839865,0.013251496013254
KConfig/busybox-1.18.0.dimacs,/KConfig/busybox-1.18.0,0.05289410892874,0.050664960872382,0.052321788854897,0.053968376014382,0.051931359805167,0.053067535627633,0.052208070177585,0.055224654264748,0.052646192722023,0.052626413293183,0.052101811859757,0.051945760846138,0.053536065854132,0.056944036390632,0.052785677835345,0.056125462986529,0.053828286938369,0.053311936091632,0.052592321764678,0.051733011379838,0.054470305331051,0.052252002991736,0.053222617134452,0.055642368737608,0.056353576015681,0.05435753101483,0.057196268811822,0.054091849830002,0.052693834993988,0.053933246061206,0.050569036975503,0.055296081118286,0.055382383987308,0.053796062711626,0.052748725749552,0.052103714086115,0.054729244671762,0.051667184568942,0.052157386206091,0.052712941076607,0.055382180958986,0.059670032933354,0.055053791031242,0.055228159762919,0.052986239083111,0.052648623008281,0.052363605238497,0.053022944368422,0.054235721938312,0.050962355919182
KConfig/embtoolkit.dimacs,/KConfig/embtoolkit,0.093403546139598,0.097371865995228,0.094464126974344,0.096150595229119,0.095482259057462,0.098589497152716,0.097248435951769,0.099688888993114,0.100893756374717,0.095403599087149,0.101992341224104,0.099703765939921,0.101682561915368,0.098040347918868,0.098788236267865,0.097248525358737,0.101295907050371,0.099571690894663,0.099548413883895,0.101845263037831,0.094678025692701,0.096529125235975,0.092857860028744,0.096452681813389,0.091569120064378,0.095851192716509,0.096784838009626,0.097626421134919,0.09534561727196,0.097656508907676,0.098626550287008,0.101114394143224,0.104921783786267,0.097638938110322,0.095024968031794,0.097198453266174,0.100642637815326,0.097800202202052,0.098360135219991,0.097306531853974,0.098796335048974,0.097151847090572,0.101308865007013,0.097236517816782,0.103728332091123,0.0973499128595,0.100730093196034,0.102855069097132,0.096798222046346,0.101859326008707
KConfig/linux-2.6.33.3.dimacs,,,,,,,,,,,,,,,,,,,,,,,,,,,,,,,,,,,,,,,,,,,,,,,,,,,
KConfig/uClibc.dimacs,/KConfig/uClibc,0.049912996124476,0.048360855318606,0.04798523709178,0.051412056200206,0.0474619329907,0.047725753858686,0.047624575905502,0.046571190934628,0.047658661846072,0.046219087205827,0.047134384978563,0.046800234355033,0.0477265403606,0.046408173628152,0.046595161315054,0.046248678117991,0.047690209932625,0.04622691962868,0.047159750945866,0.04677308909595,0.04862964572385,0.049206678755581,0.050102161243558,0.047338166739792,0.047775025945157,0.04922337597236,0.04656297294423,0.04806412011385,0.045899764169008,0.048364154994488,0.049308639019728,0.046682349871844,0.046965728048235,0.049041710328311,0.044573702849448,0.048907415941358,0.045759133063257,0.046955090016127,0.046194478869438,0.047207484953106,0.047376608010382,0.047963399905711,0.046074224170297,0.047453105915338,0.047129039186984,0.04883520398289,0.045485598966479,0.049626760184765,0.045340502634645,0.047927615232766
KConfig/uClinux-base.dimacs,/KConfig/uClinux-base,0.047091512009502,0.046260378789157,0.046919503714889,0.04962242487818,0.04934867285192,0.048375444952399,0.048092101234943,0.050566854886711,0.050416986923665,0.04536955896765,0.04797646868974,0.049510953947902,0.04916850104928,0.048834811896086,0.047984801232815,0.049807233270258,0.052769522182644,0.049941880162805,0.046343761030585,0.04983857087791,0.048802748788148,0.047530242241919,0.04875549627468,0.051218407228589,0.050999186001718,0.049910436850041,0.043169977143407,0.041304958984256,0.04437451902777,0.041958681773394,0.040912799071521,0.047216384205967,0.049094803165645,0.048323251307011,0.050466063898057,0.052154231350869,0.050424711313099,0.050586530007422,0.047431919723749,0.046395696233958,0.047024712897837,0.046528016682714,0.050044077914208,0.048611243255437,0.045500094071031,0.046292803715915,0.045486040879041,0.047613576054573,0.047381806187332,0.049179574940354
KConfig/uClinux-distribution.dimacs,/KConfig/uClinux-distribution,0.064223559107632,0.068020783830434,0.067936241161078,0.064046848099679,0.063647979870439,0.065249787643552,0.069126294925809,0.066416314803064,0.070219307206571,0.064670381136239,0.064764438197017,0.063402412924916,0.064708642661572,0.063349068164826,0.065903410781175,0.064738966990262,0.064884074032307,0.06416800711304,0.06961286207661,0.063070637173951,0.065906957257539,0.066115058958531,0.064187590032816,0.066165447700769,0.062957619782537,0.064018425997347,0.065536727197468,0.063714907038957,0.066968029830605,0.064538484904915,0.064736234024167,0.064499171916396,0.065675127785653,0.064696724060923,0.064675993286073,0.062485397793353,0.063252959866077,0.06254465598613,0.061428908258677,0.064868824090809,0.064386292826384,0.064904554281384,0.064181565307081,0.065729378722608,0.0636011431925,0.066248746123165,0.064684653189033,0.066858206875622,0.061616907827556,0.064684784039855
Smarch/2.6.28.6-icse11.dimacs,Smarch/2.6.28.6-icse11.dimacs,,,,,,,,,,,,,,,,,,,,,,,,,,,,,,,,,,,,,,,,,,,,,,,,,,
Smarch/2.6.32-2var.dimacs,Smarch/2.6.32-2var.dimacs,,,,,,,,,,,,,,,,,,,,,,,,,,,,,,,,,,,,,,,,,,,,,,,,,,
Smarch/2.6.33.3-2var.dimacs,Smarch/2.6.33.3-2var.dimacs,,,,,,,,,,,,,,,,,,,,,,,,,,,,,,,,,,,,,,,,,,,,,,,,,,
Smarch/7z.dimacs,/Smarch/7z,0.016271682921797,0.01090908003971,0.01212276192382,0.011683592107147,0.012834338005632,0.012388528790325,0.011927133891732,0.011930885724723,0.011755718849599,0.012824669945985,0.012002187781036,0.01193973608315,0.013345665764064,0.011401128023863,0.011825811117888,0.013413711916655,0.012150350026786,0.01134671503678,0.011072427034378,0.012235046830028,0.011752790771425,0.013000391889364,0.012550961691886,0.012369180098176,0.013421938754618,0.014703561086208,0.011819361709058,0.011720880866051,0.012867812998593,0.011825053021312,0.013007034081966,0.0135946739465,0.011576561257243,0.012699238955975,0.011786893941462,0.011927607934922,0.01233870536089,0.011803722940385,0.013268359005451,0.010571999009699,0.012433237861842,0.012171654962003,0.012814804445952,0.013357478193939,0.011973903980106,0.012770732864738,0.011106230318546,0.012160206213594,0.012951094657183,0.011315912939608
Smarch/BerkeleyDBC.dimacs,/Smarch/BerkeleyDBC,0.008384194690734,0.009147070813924,0.009071048349142,0.009253782685846,0.009838609956205,0.007667599711567,0.007868946995586,0.008486814331263,0.009669645689428,0.008126026950777,0.010741458274424,0.007665188983083,0.011719973757863,0.008553117047995,0.008210652973503,0.008946707937866,0.010747678112239,0.009929378982633,0.008249784819782,0.008766164071858,0.010883113835007,0.009502566885203,0.007937490008771,0.010984941851348,0.008782250806689,0.009263799991459,0.007952958811075,0.007837214041501,0.008482556790113,0.011127120815218,0.011029461864382,0.010942226275802,0.009487816132605,0.007855637930334,0.008364547975361,0.009641475975513,0.009326211176813,0.010578106157482,0.009806499350816,0.009106986224651,0.010638595093042,0.009990956634283,0.009985543787479,0.01019909279421,0.008914585690945,0.008356160018593,0.008339839056134,0.010361146181822,0.010300138965249,0.01017985586077
Smarch/Dune.dimacs,/Smarch/Dune,0.010481765959412,0.010445468127728,0.010490643326193,0.011650132015348,0.0104453060776,0.009393064770848,0.009796728845686,0.00949767511338,0.010012089274824,0.010627508629114,0.010185457300395,0.012327320873737,0.010826694779098,0.008972470182925,0.01010542595759,0.008799905888736,0.008689398877323,0.009556844830513,0.009838565252721,0.010461161844432,0.010520497802645,0.009965322911739,0.010334093123674,0.009062835015357,0.011512125842273,0.010325734037906,0.010145136155188,0.012060642242432,0.011609330773354,0.009064903017133,0.010163628961891,0.009455004706979,0.011159692890942,0.010536320973188,0.009990356396884,0.009574702009559,0.010056820698083,0.011035590898246,0.011015509720892,0.010887736920267,0.010952258948237,0.010544439777732,0.0113067869097,0.010435591917485,0.010753157548606,0.010240452829748,0.010446174070239,0.010117867961526,0.009333553723991,0.010041194036603
Smarch/HiPAcc.dimacs,/Smarch/HiPAcc,0.013562940061092,0.015345219057053,0.014145768713206,0.01510363118723,0.01459852932021,0.01289679016918,0.012964308261871,0.013549546245486,0.013812034390867,0.014198231976479,0.013247746042907,0.013205931056291,0.012586097698659,0.015809957869351,0.012943173758686,0.013259469997138,0.013820855878294,0.012515576090664,0.013229637872428,0.013882655184716,0.014308254234493,0.014477082993835,0.016420936677605,0.015694076661021,0.016343240160495,0.014790948946029,0.014810054097325,0.015643517952412,0.014441639650613,0.012879305984825,0.013368503190577,0.015319520141929,0.014804210979492,0.012321962974966,0.01303526898846,0.014928843826056,0.013694480992854,0.013457220979035,0.01224873913452,0.013325890991837,0.014482892118394,0.014310381375253,0.013360198121518,0.012307815719396,0.016071064397693,0.014824199955911,0.016250874381512,0.013642009813339,0.014487607870251,0.015933766029775
Smarch/JHipster.dimacs,/Smarch/JHipster,0.01350287720561,0.012772887945175,0.013077738229185,0.013567270245403,0.011831148993224,0.012780077755451,0.013831378892064,0.012969913892448,0.013892046175897,0.014398594852537,0.012253720778972,0.012818056624383,0.013808669988066,0.01555833639577,0.012862848117948,0.014471189118922,0.013349452055991,0.01201305212453,0.012272453401238,0.012638128828257,0.012524859048426,0.014073771890253,0.014450581278652,0.01235101185739,0.012400861829519,0.01149437809363,0.01210851315409,0.012421747669578,0.013255313970149,0.015012927819043,0.013663399964571,0.01527596404776,0.014217783231288,0.015063348691911,0.011020211968571,0.01273583387956,0.012333326041699,0.011813585180789,0.012232409324497,0.012178235687316,0.014652135316283,0.014328212011606,0.013818555977196,0.013739867135882,0.012861255090684,0.013722834177315,0.014028726145625,0.01185957621783,0.012356600258499,0.012988626025617
Smarch/JavaGC.dimacs,/Smarch/JavaGC,0.011273971758783,0.010850465856493,0.011448370292783,0.01071481499821,0.010946891270578,0.010771868750453,0.010933089070022,0.010953774210066,0.013190755154938,0.011080457828939,0.009575825184584,0.010994761716575,0.011606421787292,0.011152985040099,0.010616893880069,0.011302943807095,0.010775939095765,0.011011512950063,0.013604975771159,0.012680571060628,0.011496339924634,0.010417833924294,0.010644221678376,0.011605714913458,0.012289652135223,0.010902693960816,0.012909819371998,0.012461937963963,0.01132332906127,0.01085367705673,0.012114611919969,0.010437377262861,0.011738056316972,0.010744901839644,0.011874999850988,0.010509943123907,0.010912547819316,0.011540077161044,0.012580262031406,0.012938455212861,0.011629411950708,0.010866038035601,0.011251367162913,0.010854837950319,0.011263030115515,0.011087600141764,0.011321196798235,0.011118238791823,0.011136204004288,0.01143238786608
Smarch/LLVM.dimacs,/Smarch/LLVM,0.00811904296279,0.007309223990887,0.008053977973759,0.008441751822829,0.010259713977575,0.009986803866923,0.009495232719928,0.009568919893354,0.008062358945608,0.007771255914122,0.009029359091073,0.008578680455685,0.007652102038264,0.009814684279263,0.009089768864214,0.009934143163264,0.009029881097376,0.010012140031904,0.009257334750146,0.009578014723957,0.010686509311199,0.009122262243181,0.008698539808393,0.009626625105739,0.008840585127473,0.008547961711884,0.010215274058282,0.009667891077697,0.010039497632533,0.008411331102252,0.008154002949595,0.010223923716694,0.008927431888878,0.009656555950642,0.008244757074863,0.009134674910456,0.008418580982834,0.007688647136092,0.009889670182019,0.00863406714052,0.007965214084834,0.008567905053496,0.008200489915907,0.008673528209329,0.010141958016902,0.008513240609318,0.010314143728465,0.007557441014797,0.007426389027387,0.010343153961003
Smarch/Polly.dimacs,/Smarch/Polly,0.010241324082017,0.011110530700535,0.00994583312422,0.011049319058657,0.009950054809451,0.013491915073246,0.010920440778136,0.009324280079454,0.012477412354201,0.01144008198753,0.01026980066672,0.011079018935561,0.01018639979884,0.010506547056139,0.010858327150345,0.010727044194937,0.012226794846356,0.010211129672825,0.011621118988842,0.010494206566364,0.010843589901924,0.01017906004563,0.011323165148497,0.010437108110637,0.01155198412016,0.011139343027026,0.009277614299208,0.010710621718317,0.009522274136543,0.012129693292081,0.012984852306545,0.012035272084177,0.010999471880496,0.010876744054258,0.011461635120213,0.011448982637376,0.011772802099586,0.010710028931499,0.011633356101811,0.010343179106712,0.011621571611613,0.010380649007857,0.010729558300227,0.011034461203963,0.01267195912078,0.01044583786279,0.00989079521969,0.012714541982859,0.013344984035939,0.011147738900036
Smarch/VP9.dimacs,/Smarch/VP9,0.01040282798931,0.011654355097562,0.010349434800446,0.011753988917917,0.010202050209045,0.012672876939178,0.010646753013134,0.011675713118166,0.009869806934148,0.011951281223446,0.010534753557295,0.011815628036857,0.010176236275584,0.011605568695814,0.010222042910755,0.011462915223092,0.012642681133002,0.012536278925836,0.013542008120567,0.01041796291247,0.011631337925792,0.01145800203085,0.011735377367586,0.011965333949775,0.011453835759312,0.011865757871419,0.010004269890487,0.010911184828729,0.009924969635904,0.011971435043961,0.013618615921587,0.010791347827762,0.012218501418829,0.010736180935055,0.012717690784484,0.011545398272574,0.010626693256199,0.011559606064111,0.010177424643189,0.011921535711736,0.010549072176218,0.01196152670309,0.011065077036619,0.011333390139043,0.010443275794387,0.012568413279951,0.010550414212048,0.009962084703147,0.010951843112707,0.011373228859156
Smarch/X264.dimacs,/Smarch/X264,0.009711516089737,0.009085143916309,0.008897739928216,0.009543898049742,0.010357975959778,0.009182919282466,0.009258079342544,0.008740609977394,0.0093779489398,0.008584486320615,0.008884402457625,0.008774279151112,0.010427105240524,0.008573247119784,0.010424550622702,0.01015472272411,0.008537008892745,0.010113377124071,0.00899718888104,0.009880808182061,0.008751912042499,0.009684308897704,0.008499382995069,0.008477005176246,0.008409362286329,0.010728717781603,0.010714791715145,0.010574572253972,0.009886346757412,0.009305245243013,0.008898138068616,0.008253724314272,0.008293513208628,0.010712533723563,0.009347903076559,0.009415708947927,0.010532626882196,0.010698107071221,0.00824627187103,0.010908249765635,0.009853981435299,0.008251599036157,0.00740873394534,0.008549300953746,0.009198199026287,0.008268219884485,0.01035820087418,0.009010278154165,0.009343423880637,0.008068758994341
Smarch/adderII.dimacs,Smarch/adderII.dimacs,117.503998580854,117.467805135995,117.403940201737,117.711738889106,127.274617744144,114.499337310903,116.773153325077,117.466515420936,117.646896596067,117.271683068015,117.686445420608,117.643215504009,117.432527062017,117.365694099106,117.409112721216,117.181933198124,117.291576286312,113.964986355975,112.997591058724,112.883294592146,113.052497591823,112.977009349037,112.746747912839,112.653273114003,113.226820546202,114.873799756169,114.562472075224,114.002904087305,114.684326820076,121.800020565279,118.950656812172,118.357487888075,116.153069172986,117.221580306068,117.890507059172,117.447996257804,117.713710873388,117.584421639796,117.569282872137,117.255115987267,117.193808550946,117.146081055049,114.472962667234,112.930269596167,112.778781915084,112.757184141316,112.732523492072,112.685854371171,112.793646918144,112.983252841048
Smarch/at91sam7sek.dimacs,Smarch/at91sam7sek.dimacs,123.377689087298,123.293144108728,123.269753097557,123.341559794266,123.685376483947,123.319595235866,123.601791592315,123.565204835031,123.381030361168,123.721127353143,123.278784053866,123.098193589132,122.980543104932,122.982753776945,123.020167551003,122.888832625002,122.940542180091,122.758200562093,122.633641518652,125.042945687193,122.738667718135,122.854923443869,122.892516148277,123.056225455832,123.093289600685,123.214246569201,123.030259389896,123.151649583131,123.2174955667,123.26449348405,123.139847881626,123.076001159847,123.234076686669,123.317644809838,123.076201074757,123.434580298141,124.307247452904,123.25642480189,123.356726379134,123.546413348056,123.238668004982,123.005631675944,123.159623795655,131.532098947093,123.403190724086,123.112960325088,123.580568999983,123.476862810086,123.150676897261,123.09364189487
Smarch/axTLS.dimacs,/Smarch/axTLS,0.038819415029138,0.037008070852608,0.034289576113224,0.03572418121621,0.038105906918645,0.034619444049895,0.035834537353367,0.03445035405457,0.036218125838786,0.037628735881299,0.034128462895751,0.0358857633546,0.036583092994988,0.03490634681657,0.036766916979104,0.035810899920762,0.034380550030619,0.035127167124301,0.035169317852706,0.035293600987643,0.036697569768876,0.036364811938256,0.034919830970466,0.03566240798682,0.03563731815666,0.037302327342332,0.035070277284831,0.033286003861576,0.037437937688083,0.037001586053521,0.035665943752974,0.034679517615587,0.035193129908294,0.035878309048712,0.038307845126838,0.037408223841339,0.033964152913541,0.036684457678348,0.035538554191589,0.034186284057796,0.03601152729243,0.033969706855714,0.034945179708302,0.03614448197186,0.035127519164234,0.040213806089014,0.035313776694238,0.03523683315143,0.037786378990859,0.03860499477014
Smarch/axtls_2_1_4.dimacs,/Smarch/axtls_2_1_4,0.020015974994749,0.016722076106817,0.019898265134543,0.020106756594032,0.01828231709078,0.020264641847462,0.019466443918645,0.018096952699125,0.020080988761038,0.018546876031906,0.017737456131727,0.020472934935242,0.02000805689022,0.02236208319664,0.018748761154711,0.017665396910161,0.017752118874341,0.015707810875028,0.018851529806852,0.016663259826601,0.018165000714362,0.015133778098971,0.018930716905743,0.015750512015075,0.017848686315119,0.021094466093928,0.019684373866767,0.022090923041105,0.018262850586325,0.018432604148984,0.019278994295746,0.017714097164571,0.016061042901129,0.017057366203517,0.01566604198888,0.01562424376607,0.019831722602248,0.018658334389329,0.016641861293465,0.016752940136939,0.015459698159248,0.016395228914917,0.018174967728555,0.016783479135484,0.017600241117179,0.019614396151155,0.017766987904906,0.018998206593096,0.016246312297881,0.016248096711934
Smarch/buildroot.dimacs,Smarch/buildroot.dimacs,,,,,,,,,,,,,,,,,,,,,,,,,,,,,,,,,,,,,,,,,,,,,,,,,,
Smarch/busybox-1.18.0.dimacs,/Smarch/busybox-1.18.0,0.201472895219922,0.206361244898289,0.20717400778085,0.220474332105368,0.206446399912238,0.207716061268002,0.208312326576561,0.19931651186198,0.17450394295156,0.174584152176976,0.175916557200253,0.175612173974514,0.19611672591418,0.173359156120568,0.174300098791718,0.17731039179489,0.190033555962145,0.203866750001907,0.1729198070243,0.174690137151629,0.173292716965079,0.173767266795039,0.173290200997144,0.177053156774491,0.176611511968076,0.198374544735998,0.222051337826997,0.221877588890493,0.221643386408687,0.213705376256257,0.183820270933211,0.186681342311203,0.187643385957926,0.189221781212837,0.174980159383267,0.192674424964935,0.192092658951879,0.186504727229476,0.182593338657171,0.195762596093118,0.194246826693416,0.196206576190889,0.173294200561941,0.183854870963842,0.185418251901865,0.188705404754728,0.189987227786332,0.192113591823727,0.201625733170658,0.175672724843025
Smarch/busybox_1_28_0.dimacs,/Smarch/busybox_1_28_0,9.64817099785432,9.58470212714747,9.5448612049222,9.59250198770314,9.57752300659195,9.61197090288624,9.54420584207401,9.60144617781043,9.60099838115275,9.56872645998374,9.54708181042224,9.59428560081869,9.59261763608083,9.61363689089194,9.55300918221474,9.52522057108581,9.55167277622968,9.58759374683723,9.56654739473015,9.580680700019,9.55425614397973,9.58897514501587,9.65163924265653,9.56305425101891,9.58004945516586,9.44720143824816,9.43133405270055,9.41758435638621,9.42094799876213,9.49808229599148,9.45063134888187,9.46937881689519,9.41198936710134,9.49627571599558,9.4652880243957,9.51219551870599,9.46183376107365,9.46171788498759,9.47241113195196,9.4175669150427,9.47065035207197,9.44914721278474,9.42507337825373,9.44446168094873,9.44447634508833,9.44216885883361,9.45431546494365,9.43154154112563,9.48602384701371,9.4730326673016
Smarch/ecos-icse11.dimacs,Smarch/ecos-icse11.dimacs,287.093235657085,288.090466450434,287.339091426693,287.871973283123,287.315977190621,288.049454694148,287.982820263598,287.902570181061,288.032745510805,288.298699210864,287.086335151922,287.892729390878,287.915896127932,287.395955641754,287.094162321649,287.544030803256,287.985958477017,287.943984422367,287.629680565093,287.579683155287,287.711062728893,287.156801117118,288.354676993098,287.685409419239,287.752706517931,288.261321774218,287.861589684151,288.392865810078,288.247334151063,288.886592185125,288.569361655042,288.52441368578,288.107848264277,287.815029717982,287.851027391385,288.293170046061,288.193252621219,287.724500338081,288.336136801634,288.879793542903,288.478920628317,288.709745831322,289.146928790957,288.286064385902,288.511075264774,288.600090598222,288.49725909112,289.236817246769,288.478733727708,288.721805703361
Smarch/embtoolkit.dimacs,/Smarch/embtoolkit,3.72214956069365,3.70777155272663,3.75527465483174,3.76341038011014,3.77189215784892,3.73692160192877,3.77052586665377,3.73092813789845,3.75645025400445,3.73431555787101,3.74452664377168,3.73334001563489,3.70078787021339,3.75682771531865,3.71322633931413,3.73608655016869,3.73998400615528,3.72617910662666,3.77286051632836,3.71947254706174,3.75827469211072,3.73796246992424,3.72736349003389,3.73842781502753,3.699340950232,3.74894379172474,3.70549538405612,3.75764703005552,3.74356782110408,3.73800620110705,3.75743923615664,3.7156051020138,3.71212000306696,3.72033968521282,3.72632404323667,3.71963277691975,3.73045171424747,3.76025128504261,3.72709994995967,3.71847292501479,3.75624036323279,3.72758941305801,3.74241457600147,3.74403827125207,3.75923463515937,3.73870752612129,3.70760886790231,3.77404487412423,3.90309061482549,3.847377166152
Smarch/fiasco.dimacs,/Smarch/fiasco,0.063092271797359,0.072293977253139,0.064918248914182,0.062249934766442,0.063525613863021,0.068353495094925,0.061041646637023,0.064332847949118,0.06832230463624,0.069425778929144,0.0617835521698,0.058212225791067,0.059339728672057,0.058247521054,0.062148476019502,0.060559583827853,0.063770440872759,0.05845862487331,0.059715496841818,0.059021685272455,0.058869036845863,0.058640228118748,0.062984952237457,0.07222082093358,0.059446053113788,0.058192357886583,0.062145007774234,0.059628018178046,0.060543296858668,0.057638952042908,0.053584332112223,0.061143780127168,0.063982782885432,0.058205390814692,0.059410812333226,0.057403766084462,0.057547668926418,0.060364328790456,0.060747049283236,0.05934231961146,0.069378944113851,0.064423084724695,0.06361625995487,0.06800438510254,0.063349802978337,0.066297567915171,0.06772275082767,0.064381890930235,0.065064390189946,0.063267676625401
Smarch/fiasco_17_10.dimacs,/Smarch/fiasco_17_10,0.029438600875437,0.026922253891826,0.029754234943539,0.027185963001102,0.030517919920385,0.029366063885391,0.031144512817264,0.031978453043848,0.032093903049827,0.02993722865358,0.029180251061916,0.02780082076788,0.029876357410103,0.027977299876511,0.029818519018591,0.027674609795213,0.029900728259236,0.028116807807237,0.029959313105792,0.027899562846869,0.029056907165796,0.027969553135336,0.028852169867605,0.02859362307936,0.028744401875883,0.031792000867426,0.029498760122806,0.029310580808669,0.028456883970648,0.028256363235414,0.02746054623276,0.028602484613657,0.027322665788233,0.027269403915852,0.028267486020923,0.030700413975865,0.028778092004359,0.028528709895909,0.028602381702513,0.029602200258523,0.027684004046023,0.027034270111472,0.029375193174929,0.028611775022,0.029970120172948,0.031449008733034,0.031858216971159,0.026870215777308,0.030693976674229,0.027696323115379
Smarch/freebsd-icse11.dimacs,Smarch/freebsd-icse11.dimacs,295.606819836888,296.85427224217,296.021888443269,295.71980622923,295.267457218841,295.931634610053,295.401140971109,297.465480844956,295.853283767588,295.266308363061,294.911914427765,295.588777575176,296.038880827371,295.787653166335,295.543342380784,295.431640658062,295.284143053927,295.391424478032,295.193340093829,295.246267586015,299.254823265132,295.745275239926,295.895950596314,295.633501511067,295.711362456903,296.340243142098,296.530994297937,297.633442187682,296.708133881912,296.617278836202,296.403296883218,296.018596102018,296.288838010747,296.357544778381,296.443397101015,296.545357437339,296.736221078783,296.447679616045,296.812355609145,295.989882574882,297.978230078239,296.002025302965,296.535972656216,296.225962677039,297.106058723759,297.151797998231,296.605773753021,296.729691490997,296.63249894511,297.139415276702
Smarch/freetz.dimacs,Smarch/freetz.dimacs,,,,,,,,,,,,,,,,,,,,,,,,,,,,,,,,,,,,,,,,,,,,,,,,,,
Smarch/integrator_arm9.dimacs,Smarch/integrator_arm9.dimacs,146.460185573436,145.821805544198,145.975009608082,145.54832383804,145.741567479912,145.539367983118,145.67611039523,146.274287935346,145.698684646748,145.561632414814,145.939680268057,145.471043400932,145.387976008933,146.11449797079,146.347025158815,146.824658549856,145.487597430591,146.743981061969,145.859503964428,145.686481352896,146.028970156796,145.565560507122,145.656468731351,146.971371217165,145.734735787846,146.254131088965,146.433475435246,146.305154329166,146.241528061219,146.107141614892,145.766929113772,146.170513200108,145.854295728263,146.413444452919,146.280299284961,146.182819984853,146.143917802721,146.29768811306,146.042202122975,146.013338738121,145.977083771024,146.707271982916,146.297596945893,146.23027036665,146.143701995257,147.227304096334,146.226988779847,146.200053550303,146.301365867257,145.954310224857
Smarch/lrzip.dimacs,/Smarch/lrzip,0.010783966165036,0.010661733336747,0.011546137742698,0.010654255747795,0.011843034997583,0.009665693156421,0.010687719099224,0.010058688931167,0.009258212987334,0.008524344302714,0.008969977963716,0.010339310392737,0.009652884211391,0.008362393360585,0.008991841692477,0.010365035850555,0.009965505916625,0.008682790212333,0.011551551055163,0.010524005163461,0.008522092364728,0.009902222082019,0.009841280989349,0.009639161173254,0.011169421020895,0.01088041998446,0.007985000964254,0.007868186105043,0.00883864518255,0.008042019791901,0.008833441883326,0.009230413939804,0.010790147818625,0.010854524094611,0.008073057979345,0.007940921001136,0.009672265034169,0.01081766281277,0.011378691997379,0.008655316196382,0.008305841125548,0.010781785007566,0.009289509151131,0.00902340002358,0.010592208709568,0.009238304104656,0.009392003994435,0.008677215781063,0.0096301343292,0.008611349388957
Smarch/m5272c3.dimacs,Smarch/m5272c3.dimacs,108.065018329769,107.968931609299,108.169533598702,108.019293229096,108.084615003783,107.834656113759,108.018041399773,107.964989903849,108.165965971071,108.141445326153,107.944080539048,108.091636367142,108.24140470475,108.408669659868,108.052114730701,108.169861795846,108.249354327098,108.203094070312,108.321033752058,108.287185727153,108.047426550183,108.056367186829,108.160142150242,108.105627538171,107.977139379364,108.366070673335,108.347182035912,108.258770629298,108.40677468013,108.828269382007,108.247278893366,108.325159996282,108.346544778906,108.279632673133,108.502045584843,108.484186718706,108.526507229079,108.526702705771,108.650795014109,108.515560597181,108.568413746078,108.421887509059,108.441860551946,108.493979211897,108.580798593815,108.23171415925,108.430221751332,108.347242626827,108.49483280303,108.602268876042
Smarch/olpce2294.dimacs,Smarch/olpce2294.dimacs,152.186782033183,152.359283854254,152.162492872216,152.243103181943,153.180141080171,153.185580192134,153.031636673026,153.246985880192,152.441921025049,152.078245596029,152.382606863976,152.342244965024,153.23431354668,152.956854066812,153.316016827244,152.590004820842,152.018728944939,152.98332932638,152.04447943531,152.558034773916,152.223398642615,152.365326263942,152.651084139012,152.324459272902,152.387206353247,153.177648045123,152.633440380916,152.725903843064,152.515056152828,153.021474295296,152.95812493097,152.948594951071,152.488716180902,152.916153613944,152.742358751129,152.803646512795,152.639632527251,152.861119836103,152.885679577943,152.817149206996,152.769801574759,152.583910495974,152.924257316627,152.956208004616,153.444494152907,153.438205657993,152.565849430393,153.630216973368,152.979463562835,152.915692238137
Smarch/pati.dimacs,Smarch/pati.dimacs,77.8561270851642,77.7954648318701,77.7243187502027,77.7625576858409,77.8403739649802,77.8345592687838,77.8193797012791,77.8965508211404,77.7609333861619,77.8928611241281,77.8036204921082,77.8488684520125,77.850147516001,78.2405740329996,77.9010054538958,77.7640574802645,77.7621725038625,77.8470652853139,77.9332689261064,77.8607072709128,77.8745204261504,77.8761589839123,77.8307797303423,77.8232298330404,77.5747558427975,78.1783949150704,78.6413289499469,77.9558337968774,78.1144364951178,78.2183760409243,78.0581699977629,78.0553978979588,78.0778559069149,78.0517041590065,78.0072011547163,78.4903777930886,77.9304780131206,78.1084971497767,78.0746447104029,78.0000554658473,77.9050366324373,78.0048811319284,77.9477732894011,77.9352057450451,78.0113829658367,78.1584670976736,77.9922209861688,77.9945535799488,77.9589413111098,77.9014259767719
Smarch/phycore229x.dimacs,Smarch/phycore229x.dimacs,150.175055095926,150.113349837251,151.899877390824,150.254298223183,149.951908727642,150.209899625275,149.898751916829,150.279240057804,149.872558011208,150.705210102256,150.805605873931,150.034366727807,150.109762849752,150.921681549866,150.261558291037,150.101059746929,150.295323492028,149.979093173053,150.86830897443,151.973047562875,150.793776670005,150.966511750128,150.888739410322,150.655656653922,150.702491631266,150.565981811844,150.407637977041,150.932560571004,150.743978467304,150.455125196837,150.302704724949,150.582098538056,150.168311425019,151.098179604858,150.410933302715,150.712996255141,150.465327131096,150.418555858079,150.650220551994,150.697530468926,150.702498508152,150.194760092068,150.809562575072,150.221049367916,150.480101019144,150.998543893918,151.072504963726,150.391205731779,150.30216838792,151.651150765829
Smarch/ref4955.dimacs,Smarch/ref4955.dimacs,69.7497257860377,69.894677396398,69.8978757020086,69.9345901161432,70.0114670917392,69.8049013246782,69.7475082478486,69.7984592062421,69.8547690124251,69.8512204186991,69.7556117339991,69.7273132978007,69.7676417240873,69.6631863000803,69.8786144498736,69.7394694951363,69.8226196649484,69.8579142522067,69.9068585108034,69.6686454131268,69.918930048123,69.8527077757754,69.5881625548936,69.9150271038525,69.9192869379185,69.4432884980924,69.9464314491488,69.9291350347921,69.8125046310015,69.898933198303,69.6530716051348,69.6977819190361,69.7754067289643,69.9391744160093,69.6038220021874,69.7399110388942,72.6112893568352,69.6660559861921,69.7982528503053,69.6675691790879,69.7038647471927,69.9289457430132,69.7988573741168,69.7082224460319,69.8468887689523,69.8007586160675,69.798798460979,69.6864156010561,69.7533787391149,69.6800897419453
Smarch/se77x9.dimacs,Smarch/se77x9.dimacs,129.119343429804,129.259035896976,128.767787827179,128.837725077756,128.968162091915,128.769994406961,128.6718873051,128.832814859226,128.962515688036,128.993080738932,128.825453828089,128.748500879854,128.986750274897,128.838216310833,128.742652027402,128.611324687954,128.893259696197,128.829715754837,128.600774629042,128.765825702809,128.707087462302,128.810142024886,128.818642077968,128.932611128781,128.958718000911,128.917793744244,128.631927681621,128.753398867324,129.347898761742,128.651306493208,128.732244790066,128.642286886927,128.764864068944,128.851455462631,128.767467406113,127.90460398607,128.805570013821,128.941275846213,128.92807313893,129.052659003064,128.857639780268,128.553089431953,129.241739479825,129.108960902784,128.765804382041,128.9741516863,129.105747376103,128.427988468669,129.089054516982,127.270288078114
Smarch/toybox.dimacs,/Smarch/toybox,0.03054615482688,0.031896328087896,0.02968716295436,0.030230991076678,0.029510114807636,0.027444945182651,0.028285671956837,0.029041246976703,0.027288238983601,0.031575481873006,0.027526932768524,0.026900711003691,0.028261024039239,0.027479554060847,0.029378047212958,0.030203434173018,0.028284011874348,0.029183059930801,0.028791175223887,0.029365757945925,0.028661684133113,0.028036779724062,0.032047811895609,0.029371913056821,0.02725711138919,0.028104295954108,0.026242294814438,0.027632193174213,0.028168649412692,0.025961781851947,0.028025949373841,0.027285908348858,0.027166196145117,0.029851434752345,0.026772453915328,0.028608547989279,0.027555381879211,0.025406019296497,0.025339299812913,0.027735802810639,0.026093453168869,0.028502128086984,0.027679839171469,0.026028459891677,0.028409746009857,0.027475048322231,0.025442416779697,0.025227555073798,0.027978020254523,0.025637687183917
Smarch/toybox_0_7_5.dimacs,/Smarch/toybox_0_7_5,0.025057391729206,0.024580819066614,0.021757418289781,0.020605801139027,0.02123607089743,0.018673880025745,0.021138951648027,0.021310879848898,0.018521039746702,0.01916074892506,0.021005624905229,0.020460109226406,0.020265224855393,0.021511196158826,0.020412380341441,0.020965004805476,0.020125000271946,0.01969588175416,0.020755517762154,0.02110621612519,0.019655881915242,0.01853267615661,0.021256091073155,0.022211646661162,0.021188179962337,0.018584631383419,0.019611907191575,0.017512795049697,0.020674502011389,0.01926200510934,0.023568833246827,0.021074950229377,0.017930249217898,0.02398534771055,0.022245328873396,0.019862967077643,0.020749607123435,0.021953033283353,0.017556956969202,0.020060608163476,0.023841777816415,0.02133445488289,0.021640273742378,0.022163990885019,0.024658926296979,0.021502569783479,0.021832047961652,0.018889489583671,0.020016176626086,0.020249960944057
Smarch/uClibc-ng_1_0_29.dimacs,/Smarch/uClibc-ng_1_0_29,0.037883481942117,0.038920350372791,0.036917285062373,0.038277559913695,0.037623357027769,0.037848045118153,0.041727455798537,0.0402074707672,0.040612557902932,0.038849688600749,0.03575477283448,0.037539089098573,0.037801312748343,0.036217279266566,0.03849983215332,0.037162599153817,0.035440979991108,0.036714662332088,0.037605823948979,0.037376645021141,0.040345299057663,0.037040017079562,0.037375922314823,0.039261237252504,0.038481435272843,0.034994892776013,0.036299960687757,0.035868862178177,0.036372859962285,0.035826741252095,0.039189751725644,0.039169186726213,0.035555959679186,0.035107867326588,0.03533567674458,0.035411891993135,0.037454198114574,0.035564302932471,0.042177473660559,0.037070720922202,0.037531310226768,0.037301011849195,0.038228467106819,0.037646295037121,0.037221109960228,0.038537230808288,0.036738490220159,0.040331909898669,0.035474389325827,0.038118273019791
Smarch/uClinux-config.dimacs,/Smarch/uClinux-config,0.340065881144255,0.338702420704067,0.319268481340259,0.307301868218929,0.280721602030098,0.301407686900348,0.303966706153005,0.282052592840046,0.278783358167857,0.277038421016186,0.309683500789106,0.332350154872984,0.31682052789256,0.292228415142745,0.304270680993795,0.291002111975104,0.29402968287468,0.293151821941137,0.287137974984944,0.315010828897357,0.288997256197035,0.286288043018431,0.297260066960007,0.290569263044745,0.284300939645618,0.28954159701243,0.318193475715816,0.331373485736549,0.286928543820977,0.33776693418622,0.311486808117479,0.279410478658974,0.301559996325523,0.293106199707836,0.301733192056417,0.283473110292107,0.302504465915263,0.290396924130619,0.27860347321257,0.299186622723937,0.305985676124692,0.281382049899548,0.279603247065097,0.306226380169392,0.280658973846585,0.308069948107004,0.293036113027483,0.311735936906189,0.297024704981595,0.311038273852318
Smarch/uClinux.dimacs,/Smarch/uClinux,0.062521425075829,0.063247671350837,0.06413791468367,0.0625776858069,0.062518293038011,0.064382658805698,0.061702472157776,0.0634566959925,0.064697230234742,0.065627292264253,0.073233184870333,0.06795066408813,0.062534447293729,0.062974471133202,0.070066648069769,0.071235919371247,0.069311743136495,0.066111212130636,0.067185106221587,0.068202754948288,0.065123892389238,0.066265809815377,0.068284356035292,0.066075318027288,0.069725519046187,0.068542473949492,0.0591603028588,0.059249320067465,0.059200264979154,0.058971326332539,0.059325652197003,0.059969909954816,0.061304938048124,0.062159402295947,0.060636221896857,0.061775554902852,0.062055394984782,0.058308936655521,0.06002115784213,0.059548251796514,0.062938914168626,0.061300054192543,0.060740785207599,0.061792084947229,0.061764317099005,0.060366177931428,0.059642697684467,0.058636425994337,0.062412994913757,0.059105132240802
automotive01/automotive01.dimacs,/automotive01/automotive01,0.958647191990167,0.888870285823941,0.886799187865108,0.896511014085263,0.901347087230533,0.905706613790244,0.926057941745967,0.930301215965301,0.918502531945705,0.884776175953448,0.923712673131376,0.904948043171316,0.902766182087362,0.878002939745784,0.903713096864522,0.918558096047491,0.903639526106417,0.903756112791598,0.884372272994369,0.885467615909874,0.91535894619301,0.88748424500227,0.894189070910215,0.907347945962101,0.923101340420544,0.897686128038913,0.888695733156055,0.892998635303229,0.904080844949931,0.878024861216545,0.878573698922992,0.877215067390353,0.874336891807616,0.888950352091342,0.878040736075491,0.879104731138796,0.889766711741686,0.904947381000966,0.872354021295905,0.886915462091565,0.881520182825625,0.878981485031545,0.942306247074157,0.908943948801607,0.9363355753012,0.919883000198752,0.936256727203727,0.936130053829402,0.934052602853626,0.917925309855491
automotive02/automotive2_4.dimacs,/automotive02/automotive2_4,1.58894750382751,1.60675776423886,1.53855012683198,1.5638308217749,1.55559662310407,1.55971351405606,1.59982309211046,1.59511809516698,1.57313359389082,1.58442934183404,1.58227027300745,1.56616285583004,1.58131250599399,1.5914388881065,1.57890302082524,1.61350476834923,1.55662476690486,1.59790146071464,1.5677616391331,1.57603826187551,1.64036983624101,1.58227397175506,1.57230847189203,1.5906518176198,1.56429066881537,1.60607119137421,1.57196138799191,1.57838951703161,1.59943262301385,1.59733159421012,1.57992220576853,1.59585841326043,1.58294484578073,1.5851922580041,1.56586355529726,1.56484998716041,1.59575304295868,1.57624825183302,1.58236323483288,1.59544422617182,1.58615283388644,1.55580130591989,1.57188101485372,1.58611683174968,1.57527898391709,1.60345182009041,1.59974347893149,1.57963752187789,1.61002254998311,1.58832825254649
featureide_examples/berkeleydb.dimacs,/featureide_examples/berkeleydb,0.021703410893679,0.019689852837473,0.019541900604963,0.022907316219062,0.023581102024764,0.016764660831541,0.021727676037699,0.019096462987363,0.02219579089433,0.024226144887507,0.01947158202529,0.023401186801493,0.021918469108641,0.019327650777996,0.017368747852743,0.018643900752068,0.021569005679339,0.020480330102146,0.019877899903804,0.020618373062462,0.019567983690649,0.017650902736932,0.019198841881007,0.020041087642312,0.019842449110001,0.022379585076124,0.016100968234241,0.01433948520571,0.017250090837479,0.017724009696394,0.020866747014225,0.017649174202234,0.019740804098547,0.021809668745846,0.02024903614074,0.021872778888792,0.019761423114687,0.019763865973801,0.022533433046192,0.02273409627378,0.021978841163218,0.01909407787025,0.020555386785418,0.016239766962826,0.017231055069715,0.021176527254284,0.022572486195713,0.013199551030994,0.019860057160258,0.019637300167233
financial_services/financialServices_2018-05-09.dimacs,/financial_services/financialServices_2018-05-09,0.358392107766122,0.302586490754038,0.341247693169862,0.308287853840739,0.313808517996222,0.303224358707666,0.306052084080875,0.303235367871821,0.340606891084462,0.317169675137848,0.307788542006165,0.313852315302938,0.308733703102916,0.305993552785367,0.315278902184218,0.306645856704563,0.299246206879616,0.30930811073631,0.305183792952448,0.311858333647251,0.328369051218033,0.303059326019138,0.326401074882597,0.333503276109695,0.309078485239297,0.314311050344259,0.325843477156013,0.316867486108094,0.317103096283972,0.314961362164468,0.31374228419736,0.313455664087087,0.320802877191454,0.350758533924818,0.307153625879437,0.312617225106806,0.311021825298667,0.315574281848967,0.310643383301795,0.313835807610303,0.310620887205005,0.315360994078219,0.306843321304768,0.311382651794702,0.302585751749575,0.312387655023485,0.315208470914513,0.314771122299135,0.317403919063508,0.307863309048116
confidential/automotive03/03.dimacs,/confidential/automotive03/03,0.072055985685438,0.070256205275655,0.066078725270927,0.069025391247124,0.067106073256582,0.067053182050586,0.069475269410759,0.069958416745067,0.064811946358532,0.06777478614822,0.068759383168072,0.068317202851176,0.067603131290525,0.065882319118828,0.072495006024838,0.070893951691687,0.069556527771056,0.070317453239113,0.070976368151605,0.07072558067739,0.067070452962071,0.067276170942932,0.070211752783507,0.072014424018562,0.069508730433881,0.071829172316939,0.077603682875633,0.068325823638588,0.072601897176355,0.071774444077164,0.077994120772928,0.074617667123675,0.068692086730152,0.071478002239019,0.071550358086825,0.077931875828654,0.070595028344542,0.068911417387426,0.072734177112579,0.071853471919894,0.071471895091236,0.070636555086821,0.072207145858556,0.06969102891162,0.071520437020809,0.070628084708005,0.079537677112967,0.066063140984625,0.069744720123708,0.070331580005586
confidential/automotive03/automotive03a.dimacs,/confidential/automotive03/automotive03a,0.028097741305828,0.028033209033311,0.03016815520823,0.027983950916678,0.02890622895211,0.03167269192636,0.0292575689964,0.02881043497473,0.03129549883306,0.028189891017974,0.029076014645398,0.032187021803111,0.029602038208395,0.029369343072176,0.030333554837853,0.030374704860151,0.028813250828534,0.027069657109678,0.028821259737015,0.029046482872218,0.027121654711664,0.029079904779792,0.031041321810335,0.028014220762998,0.031636487226933,0.030841249041259,0.027637450955808,0.029708386864513,0.027811993844807,0.030879579018802,0.031740949954838,0.03111761668697,0.031213504262269,0.029817300383002,0.031745995860547,0.025841431226581,0.028734855819494,0.026812375988811,0.028793553821743,0.028514744713903,0.028454996179789,0.029741905163974,0.028773980215192,0.028872650116682,0.030049097258598,0.028476000297815,0.028996827546507,0.028017329983413,0.028498880099505,0.030206654686481
confidential/automotive03/automotive03b.dimacs,/confidential/automotive03/automotive03b,0.148811272345483,0.158710435032845,0.159701923374087,0.15526798600331,0.160520532634109,0.153595910873264,0.154909594915807,0.156030443962663,0.147665976081043,0.149863953702152,0.156019010115415,0.155272407922894,0.159000060055405,0.146660857833922,0.149386027827859,0.159327568951994,0.160029285121709,0.149149500764906,0.149017166811973,0.158190073911101,0.14947830978781,0.149499372113496,0.149983239825815,0.157475976739079,0.150222001131624,0.148590594064444,0.151958556380123,0.147048411890864,0.151461330708116,0.14899109583348,0.150404692161828,0.149321679957211,0.148510162252933,0.150002858135849,0.146254661958665,0.149818499106914,0.148242502007633,0.1482671094127,0.160207703243941,0.151699373032898,0.144562932197005,0.148391912225634,0.1457953681238,0.167089860886335,0.150637971702963,0.152610048651695,0.14422867493704,0.148066896945238,0.15007723076269,0.153651240281761
confidential/automotive04/04.dimacs,/confidential/automotive04/04,0.048641487956047,0.044986459892243,0.047662459779531,0.044651668984443,0.046015426982194,0.046962437219918,0.044509645085782,0.047913981135935,0.04489381192252,0.045668843667954,0.048990183044225,0.044061414897442,0.045093407854438,0.045956902205944,0.04691702593118,0.046654478181154,0.045906662940979,0.046787194907665,0.047016158234328,0.048072041012347,0.045180606655777,0.049295222386718,0.043980308808386,0.050515302922577,0.045604546088725,0.050184537190944,0.046016724314541,0.046498995739967,0.047980140894652,0.046528406906873,0.046623100992292,0.047458054032177,0.046750301029533,0.046755426563323,0.046388420276344,0.04786076117307,0.046577039174736,0.047696390189231,0.047240004409105,0.045859134756029,0.045160476118326,0.046403214335442,0.047675027046353,0.045745575800538,0.045390548650175,0.047899576835334,0.045619298703969,0.04670613212511,0.044739190954715,0.043295369949192
confidential/automotive05/05.dimacs,confidential/automotive05/05.dimacs,,,,,,,,,,,,,,,,,,,,,,,,,,,,,,,,,,,,,,,,,,,,,,,,,,
confidential/automotive06/automotive06a.dimacs,/confidential/automotive06/automotive06a,0.041845169849694,0.0392608740367,0.040899200830609,0.043108928948641,0.040740314871073,0.040559343993664,0.042377500794828,0.043013673275709,0.040344935376197,0.041088848840445,0.040252938866615,0.042193158064038,0.040769833140075,0.040075913071632,0.040661423932761,0.040663158055395,0.040655383840203,0.041625065729022,0.040891837794334,0.041162388399243,0.042012497782707,0.040928547736257,0.04081997834146,0.039876741357148,0.039733320940286,0.041504363063723,0.0422045099549,0.041855060961098,0.042125757783651,0.040289053227753,0.041178724728525,0.04081946471706,0.040808664169163,0.040003955364227,0.042179505806416,0.043425234034658,0.039744400884956,0.041922062169761,0.04077041009441,0.041664994787425,0.039638102054596,0.041202295105904,0.040100316982716,0.041797485202551,0.042295879684389,0.04131593182683,0.042368324007839,0.041266344022006,0.045378205832094,0.041225753258914
confidential/automotive06/automotive06b.dimacs,/confidential/automotive06/automotive06b,0.145438433624804,0.143426624126732,0.142830976750702,0.151903710793704,0.140428934246302,0.141463206149638,0.152373454067856,0.140839805360884,0.144383877981454,0.144268694333732,0.158645162824541,0.151745549403131,0.153015422169119,0.143901741597801,0.156081218738109,0.144718151073903,0.15281133307144,0.156925683841109,0.158519035205245,0.14941829117015,0.15339321596548,0.15272515360266,0.144111113157123,0.151001024991274,0.154237076174468,0.141539541073143,0.158618870656937,0.141715682111681,0.15123591106385,0.145502698142082,0.154935251921415,0.146376059390605,0.152267053723335,0.144193931017071,0.152558125089854,0.14366948325187,0.152073245029897,0.157738402951509,0.153451496735215,0.149937530979514,0.144773051142693,0.154858889058232,0.145388974808157,0.144750542938709,0.155256810132414,0.152730787172914,0.142056080978364,0.144938169047236,0.154792499728501,0.153966614045203
confidential/automotive07/automotive07a.dimacs,/confidential/automotive07/automotive07a,0.185237338766456,0.180142897181213,0.160561969969422,0.159743750002235,0.163286715745926,0.159812889061868,0.159433417022228,0.160101345740259,0.156446800101548,0.157010486349463,0.158092722762376,0.157519593834877,0.161756501998752,0.161427710205317,0.159624042920768,0.160174511838704,0.159643277991563,0.159929707180709,0.159476168919355,0.160321961622685,0.160302001982927,0.159247789066285,0.160464283078909,0.161440640222281,0.162923239171505,0.183774990960956,0.160271145869046,0.159696564078331,0.1588329738006,0.162972144782543,0.15904313325882,0.160148050170392,0.163026207126677,0.163101279176772,0.161643952131271,0.158425742294639,0.160374115686864,0.161317443009466,0.176716645713896,0.161515302024782,0.1622842727229,0.158304415177554,0.162055106833577,0.162015792913735,0.164117463864386,0.158575476147234,0.156860447954387,0.160808601882309,0.156467183958739,0.164331106934696
confidential/automotive07/automotive07b.dimacs,/confidential/automotive07/automotive07b,4.3472281480208,4.29995067697018,4.21821381384507,4.20923003414646,4.21592391934246,4.22482406022027,4.18345751706511,4.15094638103619,4.21945328777656,4.22453616000712,4.16184271592647,4.21927545592189,4.2003754847683,4.22595347603783,4.19931031111628,4.21019628411159,4.19148184498772,4.21579900709912,4.21091039199382,4.20781879778951,4.1934841950424,4.20606359187514,4.21404232084751,4.22644541971386,4.18469473905861,4.23277053702623,4.19380250899121,4.22693925118074,4.17608401086181,4.17961274599656,4.17144716437906,4.18718146067113,4.19054221501574,4.20556233869866,4.1750586037524,4.17302304971963,4.18488166108727,4.18481963220984,4.17841762583703,4.17947117891163,4.20101734623313,4.22455358691514,4.17278598481789,4.19854373717681,4.1889418149367,4.22321632597595,4.20246180705726,4.20991889573634,4.16346876835451,4.07946669729427
