Models,Features,ddnnifed4-avg,ddnnifed4-med,ddnnifed4-stdev
Smarch/LLVM,11,0.00863686978817,0.008646154776216,0.000738250405325
Smarch/X264,16,0.009142192080617,0.009090283885598,0.000853550414105
Smarch/Dune,17,0.010252441614866,0.010159010067583,0.000777099089472
Smarch/BerkeleyDBC,18,0.009419518783689,0.009315799921751,0.001054994961912
Smarch/lrzip,20,0.009862259998918,0.009728473611176,0.001077191458349
Smarch/HiPAcc,31,0.01419522497803,0.014264184050262,0.001337730618706
Smarch/JavaGC,39,0.011654003672302,0.011628554202617,0.000708554795264
Smarch/Polly,40,0.011402046047151,0.011485887691379,0.000733833447325
Smarch/VP9,42,0.011711198538542,0.011603339575231,0.000706820286638
Smarch/7z,44,0.012927618548274,0.012868422083557,0.001142997522661
Smarch/JHipster,45,0.013946374543011,0.013831881806255,0.001295137265693
featureide_examples/berkeleydb,76,0.022847171872854,0.022899300791323,0.002112974882175
Smarch/axtls_2_1_4,94,0.023159056603909,0.023014675825834,0.001354929018482
KConfig/axTLS,96,0.014353731833398,0.014199675060809,0.001466822384321
Smarch/fiasco_17_10,234,0.051899694539607,0.051738305948675,0.001360567686736
Smarch/uClibc-ng_1_0_29,269,0.049777866117656,0.050082731060684,0.0019887554035
KConfig/uClibc,313,0.084064682349563,0.084174382500351,0.002043292384281
Smarch/toybox_0_7_5,316,0.016253920532763,0.016320831142366,0.00161740759585
KConfig/uClinux-base,380,0.049247570708394,0.048980896361172,0.001881950863676
confidential/automotive03/automotive03a,384,0.029435033574701,0.029398917220533,0.001666930342445
confidential/automotive06/automotive06a,449,0.029854417145252,0.02945507876575,0.001888822657026
confidential/automotive04/04,531,0.069124906994403,0.069156064651907,0.001210305945319
Smarch/toybox,544,0.017117864638567,0.017046920023859,0.002153137295428
confidential/automotive07/automotive07a,581,0.201507622264326,0.198269575834275,0.009236785649324
confidential/automotive03/03,588,0.083803099878133,0.084150325506926,0.001651856747987
Smarch/axTLS,684,0.031362758055329,0.031678980216384,0.002583523151657
financial_services/financialServices_2018-05-09,771,0.24971599612385,0.247183062136173,0.011128585977188
KConfig/busybox-1.18.0,854,0.036190772838891,0.036195907741785,0.002344819829822
Smarch/busybox_1_28_0,998,0.113000875003636,0.112842790782452,0.001987331906652
CDL/am31_sim,1178,4.25442607551813,4.25862788502127,0.09980082601451
KConfig/embtoolkit,1179,0.058693807423115,0.058439387939871,0.001572416078672
Smarch/ref4955,1218,37.6780987033993,37.6703191185371,0.106169781473189
Smarch/ecos-icse11,1244,19.6049971914664,19.6433264389634,0.168163956916195
Smarch/pati,1248,14.5756047555804,14.5687600141391,0.085363367199402
CDL/p2106,1262,11.508048578985,11.5168885765597,0.063508011403493
Smarch/integrator_arm9,1267,8.25457334555686,8.27899349946529,0.07752534359699
Smarch/olpce2294,1274,19.2971402041614,19.2711224202067,0.216399088621176
Smarch/adderII,1276,22.5588849433511,22.5786085221916,0.163999337720135
Smarch/at91sam7sek,1296,10.7327990097553,10.669001496397,0.138045364552352
Smarch/se77x9,1319,20.8695598725602,20.8844737624749,0.129898192974906
Smarch/m5272c3,1323,21.2049159172177,21.1871575582772,0.077964599009652
Smarch/phycore229x,1360,32.2970682207867,32.2711733384058,0.126344343982369
Smarch/freebsd-icse11,1396,24.5485502883419,24.5672535803169,0.121113672521227
CDL/ea2468,1408,33.5576668781787,33.5260361079126,0.149590125010692
KConfig/uClinux-distribution,1580,0.039368410333991,0.039295953698457,0.001214534371705
Smarch/fiasco,1638,0.044231461547315,0.045152225531638,0.002370335157428
confidential/automotive05/05.dimacs,1663,0,0,0
Smarch/uClinux,1850,0.033409662693739,0.033302279189229,0.000733110334
automotive01/automotive01,2513,0.263541895411909,0.261678365059197,0.009733478034789
confidential/automotive03/automotive03b,4902,0.090469275712967,0.091455777175725,0.003312842486477
confidential/automotive06/automotive06b,5571,0.059229290895164,0.058535434305668,0.00243550113623
KConfig/linux-2.6.33.3.dimacs,6467,0,0,0
Smarch/busybox-1.18.0,6796,0.101891872994602,0.103628152050078,0.004333113695611
Smarch/2.6.28.6-icse11.dimacs,6888,0,0,0
confidential/automotive07/automotive07b,8649,2.54915865041316,2.55574369430542,0.042178313348879
Smarch/uClinux-config,11254,0.143573518805206,0.145868515595794,0.006209719734894
Smarch/buildroot.dimacs,14910,0,0,0
automotive02/automotive2_4,18616,0.546138988770545,0.547458209097386,0.011765773590269
Smarch/embtoolkit,23516,1.76217909563333,1.78012616373599,0.043337435337416
Smarch/freetz.dimacs,31012,0,0,0
Smarch/2.6.32-2var.dimacs,60072,0,0,0
Smarch/2.6.33.3-2var.dimacs,62482,0,0,0
