Smarch/LLVM,11,0.008948544040322,0.008959576487541,0.008659556508064,0.008574020117521,0.007820872589946,0.009593550115824,0.00908867828548,0.008621675893664,0.009546281769872,0.008993016555905,0.007167253643274,0.007733935490251,0.00883718021214,0.008714191615582,0.007323427125812,0.007996482774615,0.00928595662117,0.007618742063642,0.00766159966588,0.010032458230853,0.008657172322273,0.009237999096513,0.007691733539104,0.007663460448384,0.009550845250487,0.008800938725472,0.009581556543708,0.007873563095927,0.009460436180234,0.008576720952988,0.008778251707554,0.009034214541316,0.008294695988297,0.009610960260034,0.009256212040782,0.008827731013298,0.007417712360621,0.008185165002942,0.009233878925443,0.00818077288568,0.009940465912223,0.008608633652329,0.008635137230158,0.010127115994692,0.008425453677773,0.007980484515429,0.008563091978431,0.008061707019806,0.0081772133708,0.008233165368438
Smarch/X264,16,0.009245403110981,0.009180964902043,0.010644556954503,0.010640354827046,0.007612746208906,0.009438671171665,0.008821323513985,0.010297786444426,0.00832549110055,0.008344618603587,0.008549939841032,0.009990772232413,0.009427910670638,0.008873134851456,0.008268205448985,0.010720854625106,0.009633770212531,0.008129190653563,0.008321277797222,0.008426463231444,0.00814139470458,0.008201582357287,0.009366719052196,0.008554868400097,0.01034426689148,0.009319256991148,0.009270288050175,0.010250676423311,0.008071009069681,0.008999602869153,0.008343247696757,0.010338896885514,0.008644267916679,0.00887218490243,0.009970746934414,0.008771454915404,0.008358657360077,0.009310705587268,0.008499147370458,0.008167315274477,0.010316358879209,0.010086316615343,0.009477220475674,0.009706247597933,0.009837411344051,0.00896580144763,0.007967418059707,0.008134994655848,0.010567767545581,0.009360341355205
Smarch/Dune,17,0.010887924581766,0.009269710630178,0.00997151248157,0.009554371237755,0.009601805359125,0.010573461651802,0.009997205808759,0.011133195832372,0.00909779034555,0.009902460500598,0.010157715529204,0.010110279545188,0.01128419674933,0.009388940408826,0.010665727779269,0.009107304736972,0.010036448016763,0.010171443223953,0.009709924459457,0.01088285073638,0.009349953383207,0.010834073647857,0.012034509330988,0.011545086279512,0.011850060895085,0.009559158235788,0.010160304605961,0.009577618911862,0.010426970198751,0.010586984455586,0.010671567171812,0.01102259196341,0.010321194306016,0.011013647541404,0.010143324732781,0.011052902787924,0.009648803621531,0.010720167309046,0.009349551051855,0.010273911058903,0.00994242914021,0.009977316483855,0.01010929979384,0.009219406172633,0.010543145239353,0.011536194011569,0.010705543681979,0.011100511997938,0.008561085909605,0.009280497208238
Smarch/BerkeleyDBC,18,0.00965491309762,0.008766409009695,0.009557077661157,0.01118790358305,0.011480068787932,0.008450977504253,0.008036896586418,0.009472694247961,0.009362749755383,0.010858757421374,0.010067136958242,0.010091409087181,0.00819506496191,0.008916167542338,0.009531551972032,0.011167675256729,0.011281877756119,0.009873230010271,0.00838378816843,0.008101608604193,0.007922820746899,0.008991770446301,0.008244751021266,0.008938135579228,0.011125100776553,0.010173257440329,0.008095001801848,0.007793616503477,0.008633900433779,0.009089939296246,0.008893668651581,0.009522818028927,0.009693456813693,0.011108564212918,0.01061031781137,0.010546296834946,0.008305266499519,0.009292338043451,0.008370524272323,0.010727524757385,0.01026152446866,0.010585710406303,0.008791686967015,0.008060313761234,0.009331284090877,0.008524477481842,0.008321573957801,0.009300315752625,0.010148888453841,0.009133135899901
Smarch/lrzip,20,0.011480107903481,0.011522827669978,0.012026965618134,0.011579923331738,0.011357221752405,0.01094669662416,0.008891129866242,0.008826242759824,0.007955696433783,0.008151836693287,0.010225670412183,0.009992031380534,0.00971987657249,0.009194143116474,0.010418878868222,0.009021855890751,0.007568208500743,0.008976904675365,0.010357366874814,0.009264977648854,0.011225933209062,0.010627275332809,0.010044984519482,0.011307392269373,0.009898575022817,0.011134531348944,0.009824091568589,0.009200932458043,0.009737070649862,0.00941670127213,0.010140538215637,0.009381845593452,0.011393927037716,0.008983593434095,0.008897876366973,0.009180659428239,0.008706675842404,0.00988893955946,0.0091198887676,0.008733622729778,0.009470138698816,0.01045404188335,0.009708661586046,0.010509479790926,0.0087467469275,0.009624840691686,0.008918860927224,0.008707435801625,0.011259943246842,0.01138923317194
Smarch/HiPAcc,31,0.014995811507106,0.014927992597222,0.012578669935465,0.012988207861781,0.015064829960466,0.015167165547609,0.012759607285261,0.012603294104338,0.014968436211348,0.014995273202658,0.013156520202756,0.011637607589364,0.013964345678687,0.014646921306849,0.014474852010608,0.012399131432176,0.014304468408227,0.014910576865077,0.016519032418728,0.015695963054895,0.016592299565673,0.011296663433313,0.013489132747054,0.015610493719578,0.016414545476437,0.013085158541799,0.015397919341922,0.013556320220232,0.011981701478362,0.013649543747306,0.014662187546492,0.014223899692297,0.012799136340618,0.014213293790817,0.014620488509536,0.013725638389587,0.012863304466009,0.01437496393919,0.014996500685811,0.016359847038984,0.015837036073208,0.01714332960546,0.012751756235957,0.013737920671702,0.014113577082753,0.014383343979716,0.013485502451658,0.01482287235558,0.013654727488756,0.01315943710506
Smarch/JavaGC,39,0.010841101408005,0.011867560446262,0.013092102482915,0.012886697426438,0.010716635733843,0.012129716575146,0.010866453871131,0.011691240593791,0.011482244357467,0.011513249948621,0.011887758970261,0.010868117213249,0.011527707800269,0.010889708995819,0.012035120278597,0.013501007109881,0.013073639944196,0.010661682114005,0.011531280353665,0.011208232492209,0.012449130415917,0.010993916541338,0.011667240411043,0.011651841923595,0.011356486007571,0.011876756325364,0.010560823604465,0.011470725759864,0.010637354105711,0.01190796494484,0.010505584999919,0.012165131047368,0.010541696101427,0.012397464364767,0.011410964652896,0.012315386906266,0.012821432203055,0.010937463492155,0.012143326923251,0.011153213679791,0.012109436094761,0.011440573260188,0.011570939794183,0.011635046452284,0.011622061952949,0.012102102860808,0.011680098250508,0.012107746675611,0.011445619165897,0.011751396581531
Smarch/Polly,40,0.011735996231437,0.010395310819149,0.011762315407395,0.010686483234167,0.011832909658551,0.010902520269156,0.011571921408177,0.012804998084903,0.010796753689647,0.011451706290245,0.010560624301434,0.011519074440003,0.01047988049686,0.01156391017139,0.010524721816182,0.011419381946325,0.010460989549756,0.011871123686433,0.010472986847162,0.011980613693595,0.010659193620086,0.01221969909966,0.011163793504238,0.012518396601081,0.011110389605165,0.011854754760861,0.012711217626929,0.011058297008276,0.011837424710393,0.012713368982077,0.010638944804669,0.011631231755018,0.010512804612517,0.011737056076527,0.010393293574452,0.011741513386369,0.010536106303334,0.012069661170244,0.010615101084113,0.01236854121089,0.010974306613207,0.012351425364614,0.011452700942755,0.011576952412725,0.012956235557795,0.010658875107765,0.011951928958297,0.010620895773172,0.011625746265054,0.011048223823309
Smarch/VP9,42,0.011477053165436,0.011497596278787,0.011671464890242,0.01194429397583,0.01045847684145,0.011835839599371,0.011015392839909,0.012264635413885,0.0115987341851,0.012631546705961,0.013743292540312,0.01061680726707,0.012249708175659,0.011116141453385,0.012960582971573,0.012056678533554,0.011544177308679,0.011103881523013,0.012092499062419,0.011885827407241,0.013093693181872,0.013318946585059,0.01068208552897,0.011471495032311,0.011578800156713,0.011335778981447,0.011841448023915,0.01068002730608,0.011394182220101,0.011063011363149,0.011456863954663,0.011240165680647,0.012018006294966,0.011600635945797,0.012162327766419,0.011318331584334,0.011531604453921,0.012654155492783,0.010833475738764,0.012175977230072,0.010431542992592,0.012097835540772,0.010993175208569,0.011949472129345,0.011819714680314,0.011521134525538,0.012343216687441,0.011606043204665,0.011832967400551,0.011749181896448
Smarch/7z,44,0.013357440009713,0.014319652691484,0.01119302585721,0.012225966900587,0.012175310403109,0.011536300182343,0.012839866802096,0.012896977365017,0.013081509619951,0.013688556849957,0.012174228206277,0.01191178150475,0.013823220506311,0.014116890728474,0.012210490182042,0.013632310554385,0.011338638141751,0.011670151725412,0.01297670789063,0.015012960880995,0.015011707320809,0.010977536439896,0.012179782614112,0.013936558738351,0.013361766934395,0.011439187452197,0.012514362111688,0.012363746762276,0.013169635087252,0.013749867677689,0.01501302793622,0.01472857221961,0.011810164898634,0.01308580301702,0.014904268085957,0.014398520812392,0.011946648359299,0.011547667905688,0.013387020677328,0.013601584360004,0.012673735618591,0.012778799980879,0.012512736022472,0.011099651455879,0.012511288747192,0.013138245791197,0.014368712902069,0.014284791424871,0.012100929394364,0.011602619662881
Smarch/JHipster,45,0.01317041926086,0.012459561228752,0.012800607830286,0.014681749045849,0.011873804032803,0.012568371370435,0.01389135979116,0.014535922557116,0.015506375581026,0.013772403821349,0.014083985239267,0.012935355305672,0.013563157990575,0.013719758018851,0.012812661007047,0.014284987002611,0.015459183603525,0.015554683282971,0.014412572607398,0.013627484440804,0.012278228998184,0.01328388042748,0.015265140682459,0.015538008883596,0.015670346096158,0.014242868870497,0.013251625001431,0.012842083349824,0.012934809550643,0.015163352712989,0.015412220731378,0.016119096428156,0.014457890763879,0.012969760224223,0.013704007491469,0.01296391710639,0.014521583914757,0.014413138851523,0.011672426015139,0.013305170461536,0.01505845412612,0.015936529263854,0.010955544188619,0.013151867315173,0.014830196276307,0.015434954315424,0.011391093954444,0.013483345508576,0.015374414622784,0.015978367999196
featureide_examples/berkeleydb,76,0.021321751177311,0.023275999352336,0.026016369462013,0.027006022632122,0.021400447934866,0.0201799813658,0.02282452583313,0.022227643057704,0.022775176912546,0.026486340910196,0.018587153404951,0.017477359622717,0.01844827644527,0.024560691788793,0.025092031806707,0.023738853633404,0.024288788437843,0.020812548696995,0.022295230999589,0.020620957016945,0.024501163512468,0.024618634954095,0.023484131321311,0.02474819496274,0.019757835194469,0.020975669845939,0.02476416528225,0.022414663806558,0.02256416529417,0.025370171293616,0.020346404984593,0.022519234567881,0.024458846077323,0.02287339605391,0.024568222463131,0.023157849907875,0.020641691982746,0.024382160976529,0.023536091670394,0.020471513271332,0.025767179206014,0.024913499131799,0.020675985142589,0.024196432903409,0.022251946851611,0.022847779095173,0.023301655426622,0.023642459884286,0.022246092557907,0.022925205528736
Smarch/axtls_2_1_4,94,0.023642109706998,0.022168448194861,0.024091413244605,0.023147363215685,0.023744117468596,0.023034658282995,0.022955169901252,0.022167902439833,0.025274284183979,0.02420050278306,0.02366522140801,0.024287676438689,0.025802468881011,0.02335299924016,0.024405730888248,0.023676980286837,0.020324230194092,0.022278316318989,0.022793890908361,0.023940674960613,0.022435426712036,0.020904375240207,0.021059697493911,0.022267950698733,0.023391492664814,0.028499633073807,0.024189963936806,0.023056041449308,0.022289110347629,0.021850064396858,0.023639537394047,0.022092321887612,0.023738898336887,0.021270232275128,0.022660981863737,0.022952534258366,0.024506792426109,0.022009467706084,0.022913889959455,0.021810617297888,0.021928569301963,0.022278029471636,0.024907356128097,0.023649416863918,0.023699561133981,0.022994693368673,0.022929899394512,0.022871259599924,0.023949209600687,0.022251646965742
KConfig/axTLS,96,0.018536282703281,0.013019250705838,0.016626989468932,0.015393935143948,0.015800449997187,0.015315197408199,0.013449851423502,0.014215847477317,0.017508091405034,0.013613376766443,0.01560634188354,0.014494474977255,0.010911932215095,0.012797340750694,0.014303594827652,0.012629676610231,0.013920683413744,0.013938235118985,0.012428469955921,0.014551039785147,0.015298431739211,0.016508808359504,0.013081438839436,0.014226514846087,0.015596091747284,0.01468575373292,0.013606246560812,0.012966357171536,0.014119559898973,0.015094231814146,0.013267992064357,0.012872442603111,0.014234559610486,0.015318075194955,0.013081820681691,0.013595914468169,0.01420734077692,0.014188218861818,0.013715896755457,0.014757765457034,0.013526529073715,0.01398372836411,0.013688214123249,0.014843495562673,0.013056356459856,0.014306593686342,0.013224024325609,0.014670701697469,0.018710415810347,0.014192009344697
Smarch/fiasco_17_10,234,0.053480099886656,0.048540698364377,0.051652560010553,0.052387442439795,0.050021203234792,0.052395790815353,0.051223784685135,0.052518200129271,0.05235948972404,0.050285493955016,0.050983048975468,0.050726804882288,0.052548693493009,0.052525067701936,0.052160149440169,0.052506424486637,0.050326682627201,0.050821069628,0.050999652594328,0.049184067174792,0.053640130907297,0.051254656165838,0.052108211442828,0.052917081862688,0.055173380300403,0.053174737840891,0.05200856551528,0.051710924133659,0.052907321602106,0.051152676343918,0.055128339678049,0.051085257902742,0.051306776702404,0.052813580259681,0.050926635041833,0.054251819849014,0.05011816509068,0.053719380870462,0.051160609349609,0.052059700712562,0.051512667909265,0.053382838144899,0.050740877166391,0.051403259858489,0.050495823845267,0.051702011376619,0.053139077499509,0.051339104771614,0.05323900282383,0.051765687763691
Smarch/uClibc-ng_1_0_29,269,0.050256943330169,0.053729437291622,0.052079685032368,0.050545072183013,0.051914127543569,0.052386417984963,0.051083283498883,0.052389856427908,0.051512634381652,0.050218123942614,0.051417138427496,0.05075896345079,0.053182745352388,0.047541799023748,0.046887354925275,0.050189606845379,0.051211223006249,0.050084115937352,0.049277948215604,0.053131863474846,0.048523876816034,0.048462115228176,0.048289652913809,0.050819475203753,0.048754710704088,0.049557583406568,0.051431084051728,0.050281239673495,0.052864938974381,0.05021158605814,0.04820372723043,0.050260253250599,0.04880185239017,0.047123309224844,0.047776898369193,0.046835305169225,0.048121962696314,0.051551366224885,0.049541518092156,0.049167694523931,0.050535066053271,0.048544079065323,0.04820553585887,0.049160081893206,0.050056289881468,0.050081346184015,0.045209443196654,0.047082910314202,0.045129396021366,0.048510666936636
KConfig/uClibc,313,0.081045761704445,0.08583539351821,0.084248257800937,0.081125067546964,0.083428958430886,0.084400538355112,0.086229784414172,0.084796683862805,0.083599263802171,0.084882682189345,0.08252727240324,0.081868955865502,0.084031090140343,0.079386040568352,0.08445910923183,0.081493720412254,0.084100507199764,0.081006750464439,0.084858171641827,0.08359195291996,0.081516567617655,0.083918759599328,0.081933621317148,0.084998250007629,0.082794768735766,0.085494117811322,0.083321826532483,0.088156012818217,0.083289103582501,0.079899560660124,0.085693655535579,0.086574455723167,0.08617739751935,0.086450777947903,0.085973186418414,0.081630237400532,0.086340138688684,0.086120327934623,0.086550487205386,0.086187964305282,0.086102670058608,0.085371531546116,0.084734978154302,0.083547884598374,0.087133638560772,0.086177216842771,0.083600044250488,0.082041591405869,0.082709999755025,0.081877382472158
Smarch/toybox_0_7_5,316,0.017498465254903,0.016115607693791,0.017102215439081,0.014542084187269,0.015947846695781,0.018401481211186,0.018489787355065,0.017627082765102,0.018029291182757,0.013283591717482,0.017851969227195,0.015748115256429,0.016754159703851,0.015251899138093,0.017391163855791,0.015935983508825,0.01699255220592,0.014282211661339,0.016907449811697,0.019213305786252,0.014987573027611,0.014790561050177,0.015510611236096,0.017334945499897,0.014354830607772,0.016907630488277,0.014052711427212,0.015205521136522,0.015850832685828,0.013523790985346,0.016069883480668,0.018413279205561,0.016526054590941,0.017760807648301,0.016955452039838,0.014763101935387,0.017571207135916,0.019915573298931,0.017505748197436,0.014309985563159,0.016982233151794,0.013269549235702,0.015973282977939,0.018060898408294,0.014212682843208,0.017719635739923,0.014166353270412,0.01666565053165,0.014689914882183,0.015279460698366
KConfig/uClinux-base,380,0.05217800848186,0.04960092715919,0.051615620031953,0.048329319804907,0.048749858513475,0.047800617292523,0.048356959596276,0.047679007053375,0.049359988421202,0.046733537688851,0.047159060835838,0.048823334276676,0.050216063857079,0.045553740113974,0.047221023589373,0.049568152055144,0.052179340273142,0.049963204190135,0.051252022385597,0.050069097429514,0.05133599229157,0.04734612070024,0.047341454774141,0.049788037315011,0.048735843971372,0.049138458445668,0.050008207559586,0.048647748306394,0.051459139212966,0.049582673236728,0.048474688082934,0.047043347731233,0.049877712503076,0.04826876334846,0.049358190968633,0.053679080680013,0.051164047792554,0.053824732080102,0.047939898446202,0.052212566137314,0.048412023112178,0.045643638819456,0.047969155013561,0.04749271646142,0.048238355666399,0.047412112355232,0.050482528284192,0.048226529732347,0.04958133213222,0.051284557208419
confidential/automotive03/automotive03a,384,0.031932080164552,0.03044505417347,0.027104822918773,0.029226006940007,0.027588311582804,0.029387490823865,0.027396177873016,0.02982741035521,0.030711794272065,0.030829003080726,0.031126502901316,0.030271176248789,0.027505652979016,0.030030954629183,0.026936534792185,0.030110577121377,0.031253205612302,0.031904531642795,0.027601769194007,0.028638258576393,0.027718387544155,0.0299690682441,0.02703221142292,0.029410343617201,0.026889976114035,0.030641131103039,0.02807610295713,0.028283026069403,0.027530686929822,0.028741331771016,0.031074669212103,0.030578669160605,0.028457470238209,0.02836767397821,0.029571672901511,0.030578883364797,0.027214230969548,0.030024692416191,0.029352936893702,0.032268958166242,0.032960619777441,0.032077804207802,0.03166326135397,0.031118933111429,0.02895874530077,0.028257058933377,0.027994990348816,0.028775056824088,0.027173485606909,0.031162284314633
confidential/automotive06/automotive06a,449,0.034716615453363,0.030185908079147,0.02725924551487,0.029381761327386,0.027346417307854,0.031250135973096,0.02716931886971,0.030841093510389,0.028796009719372,0.028244469314814,0.031796786934137,0.029263557866216,0.02975133061409,0.028356356546283,0.031292447820306,0.031127179041505,0.03116156347096,0.028955105692148,0.028581075370312,0.032071240246296,0.033340197056532,0.031249698251486,0.027659142389894,0.029528396204114,0.029249196872115,0.027967136353254,0.02856688015163,0.027965445071459,0.030967123806477,0.029068728908897,0.02979820407927,0.029790299013257,0.029062926769257,0.028144063428044,0.026990184560418,0.028274802491069,0.02818769030273,0.03109123557806,0.02933351136744,0.028545927256346,0.027439812198281,0.030453562736511,0.030723979696632,0.027907593175769,0.03149556927383,0.034423703327775,0.033106811344624,0.031368324533105,0.031663551926613,0.031809540465474
confidential/automotive04/04,531,0.06998497992754,0.068814868107438,0.069164181128144,0.068334924057126,0.069782124832273,0.068410608917475,0.069479491561651,0.070657055824995,0.070043129846454,0.067395880818367,0.069467348977923,0.068784158676863,0.069326294586063,0.070514796301723,0.067714784294367,0.069894518703222,0.070181639865041,0.070267293602228,0.069187566637993,0.067649185657501,0.066950952634215,0.070582026615739,0.067157212644816,0.068240705877543,0.068152936175466,0.069962926208973,0.067332077771425,0.071692464873195,0.068770535290241,0.071118695661426,0.067969290539622,0.067475290969014,0.071044096723199,0.068200996145606,0.067797314375639,0.069574814289808,0.070794334635139,0.068307470530272,0.069618701934815,0.068132415413857,0.070083675906062,0.070888377726078,0.067501340061426,0.068985866382718,0.068952320143581,0.070705207064748,0.069147948175669,0.068303579464555,0.069699579849839,0.068047363311052
Smarch/toybox,544,0.022791443392634,0.021298699080944,0.018837288022041,0.020626919344068,0.016868785023689,0.019108690321446,0.017550565302372,0.017893228679895,0.019939631223679,0.016956318169832,0.017626898363233,0.01428790576756,0.018045840784907,0.01258690841496,0.0164595246315,0.014188436791301,0.018082359805703,0.020808607339859,0.015513144433498,0.017086504027248,0.019053604453802,0.013833586126566,0.018249217420817,0.015209378674626,0.015185071155429,0.017031645402312,0.016764901578426,0.016841625794768,0.015952134504914,0.0164187066257,0.017062194645405,0.016578651964665,0.016000399366021,0.019638475030661,0.017497278749943,0.01385860145092,0.015087557956576,0.018854772672057,0.013129955157638,0.017885319888592,0.015615781769157,0.017712397500873,0.015146655961871,0.019093088805676,0.016382336616516,0.019753556698561,0.017750749364495,0.014602743089199,0.017233591526747,0.015911553055048
confidential/automotive07/automotive07a,581,0.22548802383244,0.22854589484632,0.229361858218908,0.224416418001056,0.197561902925372,0.196884984150529,0.197327738627791,0.195760553702712,0.195123324170709,0.196416884660721,0.19844962656498,0.197052298113704,0.197596650570631,0.226980304345489,0.196868637576699,0.197750439867377,0.197614829987288,0.197934223338962,0.213278075680137,0.198090424761176,0.19788415171206,0.197959261015058,0.198277162387967,0.196282306686044,0.196780815720558,0.196467243134975,0.192784624174237,0.200872931629419,0.198089862242341,0.201010333374143,0.19375690817833,0.199486035853624,0.194040425121784,0.199764342978597,0.198261989280582,0.197754388675094,0.198409279808402,0.201739681884646,0.210238398984075,0.200276117771864,0.198316032066941,0.199646921828389,0.201114000752568,0.198983380571008,0.200242390856147,0.200635591521859,0.194101523607969,0.201069489121437,0.2009371612221,0.201695267111063
confidential/automotive03/03,588,0.08470293879509,0.081557422876358,0.083881059661508,0.084887651726604,0.08251341432333,0.084078498184681,0.080001911148429,0.084062412381172,0.082969285547733,0.083631075918675,0.082255572080612,0.086682312190533,0.08542356826365,0.08438796363771,0.083510154858232,0.084784232079983,0.084962541237474,0.085253832861781,0.084968911483884,0.086162412539125,0.080525314435363,0.084273954853416,0.086739789694548,0.083233809098601,0.084901241585612,0.084350571036339,0.080670733004809,0.080811567604542,0.08425740338862,0.084781065583229,0.084745611995459,0.081796851009131,0.080870846286416,0.081351457163692,0.084062200039625,0.08422215282917,0.084509732201696,0.082905754446983,0.086589716374874,0.083385929465294,0.085422705858946,0.082563862204552,0.083901038393378,0.085087846964598,0.085452625527978,0.082031747326255,0.082828080281615,0.08382990770042,0.084502667188644,0.084871638566256
Smarch/axTLS,684,0.028126459568739,0.029993453994393,0.034167805686593,0.033977011218667,0.033537106588483,0.027267787605524,0.026611385867,0.033487658947706,0.031591236591339,0.033985525369644,0.028526294976473,0.032033037394285,0.034360254183412,0.032731436192989,0.029581373557448,0.027637830004096,0.031324481591582,0.029603539034724,0.034316936507821,0.031387496739626,0.031456340104342,0.033835884183645,0.029957486316562,0.025467837229371,0.027567073702812,0.027452664449811,0.031766723841429,0.030336197465658,0.03375325165689,0.031942574307323,0.028463827446103,0.029409967362881,0.032349418848753,0.029518511146307,0.028443796560168,0.032033381983638,0.028850730508566,0.031418895348907,0.029079619795084,0.030734699219465,0.032777657732368,0.034385606646538,0.033034760504961,0.035610891878605,0.034356106072664,0.035109713673592,0.032673241570592,0.033292297273874,0.03428908251226,0.034521551802754
financial_services/financialServices_2018-05-09,771,0.27957671880722,0.290214166045189,0.286134326830506,0.270913556218147,0.266702068969607,0.248789248988032,0.231178600341082,0.243847656995058,0.251011719927192,0.232153253629804,0.243768284097314,0.2459587585181,0.242072906345129,0.247184896841645,0.247181227430701,0.245604900643229,0.243346845731139,0.25199718773365,0.24751603603363,0.24649210087955,0.243549669161439,0.24257605150342,0.251109851524234,0.247271781787276,0.244896203279495,0.244187859818339,0.250575887039304,0.247022865340114,0.247499592602253,0.24376423843205,0.241932222619653,0.248168237507343,0.253525879234076,0.24662328325212,0.243959628045559,0.261883830651641,0.247058365494013,0.245560007169843,0.245924348011613,0.250802394002676,0.248446866869926,0.248759888112545,0.245489163324237,0.250519637018442,0.248035043478012,0.247502367943525,0.245400428771973,0.244777848944068,0.25001429580152,0.247317608445883
KConfig/busybox-1.18.0,854,0.038053600117564,0.03742165863514,0.033559510484338,0.038867795839906,0.03680931404233,0.033778015524149,0.035604881122708,0.036846844479442,0.038029681891203,0.036226715892553,0.037285309284926,0.038883183151484,0.037267928943038,0.033935569226742,0.036165099591017,0.034967843443155,0.036488980054855,0.039439028128982,0.040527796372771,0.041741671040654,0.037989821285009,0.040695806965232,0.039160428568721,0.039283633232117,0.035753780975938,0.032463051378727,0.0351945720613,0.035695198923349,0.033437639474869,0.034163791686297,0.03674259595573,0.035099662840366,0.031778736039996,0.037167146801949,0.032871298491955,0.033141123130918,0.035638513043523,0.032839566469193,0.034740516915917,0.033301142975688,0.034971803426743,0.036018252372742,0.035073490813375,0.032849567010999,0.036676727235317,0.034694826230407,0.036949643865228,0.0362837202847,0.037278210744262,0.039683945477009
Smarch/busybox_1_28_0,998,0.114929057657719,0.114218264818192,0.112325029447675,0.112178016453981,0.112055219709873,0.113684272393584,0.115286257117987,0.112177167087793,0.11801552772522,0.118161084130406,0.113697243854404,0.111701041460037,0.110755162313581,0.111925233155489,0.112363077700138,0.115379940718412,0.110737752169371,0.114717967808247,0.11419571377337,0.114090405404568,0.110668940469623,0.110926873981953,0.109567545354366,0.112700887024403,0.11094899661839,0.112918542698026,0.111242344602942,0.112063994631171,0.115056671202183,0.113023456186056,0.112767038866878,0.11357431486249,0.113416697829962,0.116381864994764,0.111820872873068,0.115535454824567,0.111686220392585,0.11396661773324,0.110092053189874,0.113405739888549,0.11536618322134,0.114741288125515,0.111862229183316,0.109752763062716,0.113647228106856,0.110925791785121,0.114021621644497,0.113909721374512,0.110217828303576,0.111240532249212
CDL/am31_sim,1178,4.33929878287017,4.25363367423415,4.23650657199323,4.21683182008565,4.23748095147312,4.19020900316536,4.20295714214444,4.23346523568034,4.24622067809105,4.26362209580839,4.32355674728751,4.33365189656615,4.3612865395844,4.29158369451761,4.26795697584748,4.24961582385004,4.23730644397438,4.21893929690123,4.22711795754731,4.21285291947424,4.22859077900648,4.23679337091744,4.28680260665715,4.28928611427546,4.29844215884805,4.2375526279211,4.19966016151011,4.20129965990782,4.19273739866912,4.06808142364025,4.0049824398011,4.35635595582426,4.34623661451042,4.31900267116725,4.32451207190752,4.34310946799815,4.33412075787783,4.30608681961894,4.16830810531974,3.97733182646334,4.34959458932281,4.3770409449935,4.36355065181851,4.34901368804276,4.34619634971023,4.35582963749766,4.27939808927476,4.21893829479814,3.89166554994881,4.32668869756162
KConfig/embtoolkit,1179,0.0560546759516,0.06009322591126,0.059430871158838,0.060361912474036,0.059230998158455,0.056787863373757,0.058745281770825,0.06012462452054,0.05577146820724,0.057360272854567,0.055805636569858,0.058739952743054,0.058498378843069,0.056869314983487,0.057396968826652,0.058242289349437,0.057849753648043,0.063202576711774,0.059300813823938,0.058178540319204,0.057014396414161,0.061212204396725,0.060053259134293,0.056872542947531,0.060710985213518,0.061435295268893,0.059568418189883,0.057872666046023,0.058673787862063,0.059476559981704,0.059484206140041,0.061192534863949,0.058550231158733,0.058181023225188,0.058224255219102,0.057731864973903,0.061234908178449,0.057371232658625,0.057897228747606,0.057386280968785,0.05986643768847,0.06102036871016,0.058448975905776,0.058364782482386,0.058429799973965,0.057093478739262,0.058283539488912,0.058118851855397,0.058042919263244,0.058831915259361
Smarch/ref4955,1218,37.756826441735,37.6589014083147,37.6690167523921,37.7192326914519,37.6964933872223,37.7143612969667,37.7064142636955,37.6499562095851,37.7475187852979,37.6644208859652,37.7111058626324,37.5809362474829,37.6912173777819,37.5788038186729,37.6856994628906,37.5369099471718,37.66716687195,37.6286294069141,37.7005929034203,37.6398393753916,37.7340925801545,38.0287910383195,37.8237362187356,37.7697075810283,37.6856141574681,37.6375286150724,37.6344217136502,37.6612778883427,37.7198858372867,37.4923250321299,37.7722445931286,37.7997335251421,37.5845167972147,37.7676515206695,37.5430062040687,37.8951244782656,37.7672733329236,37.4735327623785,37.6594408079982,37.8943066950887,37.4780702646822,37.5829275250435,37.671621484682,37.5495189465582,37.6583098210394,37.6742333136499,37.7427209578454,37.5542757511139,37.6092567741871,37.6357455551624
Smarch/ecos-icse11,1244,19.4724315647036,19.3781344406307,19.5649235937744,19.3767148144543,19.2762712407857,19.6503668949008,19.3072830718011,19.3658193349838,19.523050935939,19.437389915809,19.334771623835,19.6594077795744,19.3227040618658,19.5640292800963,19.5598190538585,19.4357893709093,19.7026463374496,19.4825443588197,19.6181868091226,19.3610332794487,19.3550948426127,19.5914747472852,20.2018964197487,19.6918154936284,19.7408464737237,19.6352756917477,19.6761790718883,19.7761673834175,19.6557082887739,19.7216603960842,19.614179674536,19.6927921883762,19.6640865765512,19.7456619590521,19.7244285270572,19.6282932888716,19.7349539361894,19.7644371669739,19.7402383647859,19.7091182116419,19.7174079511315,19.6044074017555,19.7557048443705,19.6478878073394,19.782078679651,19.6401143390685,19.6465385388583,19.6200812757015,19.7024232130498,19.6755890566856
Smarch/pati,1248,14.4804796930403,14.5266664829105,14.5773128923029,14.4549289923161,14.535521319136,14.6732847560197,14.5510386880487,14.5358622558415,14.5650254040957,14.4787767473608,14.6746663488448,14.8892074842006,14.5190889574587,14.6710311286151,14.5941912550479,14.5190109200776,14.6287757046521,14.5413192994893,14.5297865308821,14.6687019169331,14.5755018107593,14.6678849607706,14.6395003031939,14.7362711913884,14.709167977795,14.6889553852379,14.5666887722909,14.516909128055,14.6839166134596,14.5421437360346,14.4894413817674,14.5963447038084,14.4879266917706,14.5087498314679,14.6162876076996,14.5986968167126,14.6105298325419,14.5847764573991,14.455489937216,14.4621978197247,14.6097204275429,14.4941630903631,14.4975741263479,14.5915832929313,14.4990890752524,14.4815213400871,14.5895627886057,14.5708312559873,14.511768233031,14.5823664125055
CDL/p2106,1262,11.5354174319655,11.5211805012077,11.5713569503278,11.2822540476918,11.5305134318769,11.531629152596,11.3508243523538,11.679401371628,11.4868935141712,11.5458231717348,11.4202009048313,11.5504890177399,11.5464673116803,11.3241609595716,11.5338626429439,11.5546907708049,11.4890908207744,11.4931924156845,11.5451099630445,11.4595644045621,11.4907040856779,11.4788331575692,11.5103203561157,11.5058438666165,11.5116512160748,11.4925702102482,11.5310342963785,11.5076754819602,11.5317104700953,11.5000218376517,11.5159064978361,11.5544395744801,11.6114302184433,11.5207428112626,11.4895846135914,11.5316178686917,11.5396872796118,11.4920516461134,11.5410368237644,11.5703116208315,11.5178706552833,11.5410949885845,11.4874635525048,11.5262651909143,11.5053295288235,11.5401576478034,11.4906550962478,11.4758176319301,11.5056993272156,11.4327782597393
Smarch/integrator_arm9,1267,8.25425583124161,8.17997084371746,8.18272516690195,8.33647578395903,8.29904564656317,8.22997510060668,8.3450457919389,8.30591379478574,8.28407066874206,8.12257905863225,8.30428242869675,8.30690428242087,8.29216078110039,8.0904920771718,8.31648782081902,8.30941719375551,8.30672895349562,8.0919701103121,8.34952492639422,8.29898477345705,8.24517911300063,8.09550461545587,8.27414632029831,8.32294072769582,8.25701463781297,8.13399304635823,8.31587183661759,8.26897420920432,8.18640733510256,8.2691895570606,8.30650408565998,8.31108229234815,8.15554740652442,8.26389468275011,8.30081994459033,8.30878174118698,8.09756824374199,8.25594050064683,8.37380770221353,8.31722598895431,8.15535214915872,8.25312622636557,8.26426962390542,8.28384067863226,8.11301203630865,8.3185368925333,8.30978297814727,8.26536061801016,8.18115750141442,8.3168235514313
Smarch/olpce2294,1274,19.3263616152108,19.101330569014,19.3878298494965,19.2171886973083,19.2127534914762,19.2241279873997,19.2172561362386,19.2032580636442,19.1908039655536,19.2014893386513,19.2717409692705,19.2500414829701,19.2764459718019,19.2527935989201,19.2150970455259,19.3100837413222,19.1764881201088,19.3228539116681,19.3058967310935,19.214172558859,19.2914615478367,19.224990112707,19.2847337890416,19.3053520023823,19.4480147343129,19.2956509161741,20.7313727773726,19.2953251060098,19.3469750788063,19.2385997343808,19.1773694362491,19.3687395900488,19.2705038711429,19.3050629943609,19.2068167533726,19.286014366895,19.3415094725788,19.1931408718228,19.2967906668782,19.3032615594566,19.3506607096642,19.2342007085681,19.264802262187,19.2211924828589,19.2642991840839,19.2157673574984,19.2490904517472,19.3350957687944,19.3121653459966,19.3200367093086
Smarch/adderII,1276,22.8087083548307,22.5072846841067,22.6311605460942,22.5905813779682,22.5969049856067,22.6113834101707,22.5666356664151,22.6376051548868,22.8904578518122,22.6256554275751,22.7363456003368,22.59383864142,22.7595841959119,22.6767925284803,22.5953305605799,22.6266400236636,22.6530378591269,22.6341833882034,22.709627667442,22.6079998407513,22.3171653840691,22.7651609648019,22.4029098935425,22.5012429822236,22.5169698260725,22.5587425138801,22.3683028258383,22.4761996101588,22.4702727962285,22.40904597193,22.3565041720867,22.4105651173741,22.3855237159878,22.6556345708668,22.5186684690416,22.534627975896,22.5954365041107,22.4221847057343,22.7234343513846,22.3296644762158,22.547043774277,22.3067487794906,22.7179330084473,22.1460987366736,22.5346970707178,22.4885536041111,23.0224420465529,22.6432498376816,22.2571481969207,22.5023175198585
Smarch/at91sam7sek,1296,10.7864677663893,10.6166587863117,10.6803870107979,10.9216649290174,10.6023870334029,10.657667465508,10.8468718156219,10.6350999828428,10.6898299977183,10.6950431354344,10.8918053936213,10.640358235687,10.633023340255,10.7423786390573,11.0078703872859,10.6644584964961,10.8707767035812,10.6542401853949,10.7440238520503,10.6240780632943,10.855927053839,10.7760686427355,10.6735444962978,10.9185898788273,10.6349980011582,10.6088070832193,10.916992392391,10.6551910713315,10.6740425210446,10.6613351516426,10.8556051123887,10.9439528994262,10.6290063727647,10.6241885218769,10.6243833675981,11.0629184246063,10.6340119484812,10.6442747078836,10.6386279799044,10.648186603561,11.1770180314779,10.7093852385879,10.6554973982275,10.6094124428928,10.7112240772694,10.9422986302525,10.6160643938929,10.687728272751,10.6035973764956,10.6419811751693
Smarch/se77x9,1319,20.9968454558402,20.7574048880488,21.1577167585492,20.7980765532702,21.0064600836486,20.8246184885502,20.9486903380603,20.9990707077086,20.8546807970852,20.928041247651,20.8837668374181,20.9823898002505,20.9376573860645,21.0996917560697,20.9188162237406,20.8851806875318,20.9415125530213,20.7730947695673,20.9628937058151,20.9497886542231,20.9724336080253,20.7647033836693,20.918205132708,20.843294063583,20.8691212274134,20.9793608859181,21.0411708205938,20.633318874985,20.9469895008951,20.9025976713747,20.7219783253968,20.8253193479031,20.8184935562313,20.6966424882412,20.9833710286766,20.562431357801,20.7403551526368,20.8218038193881,20.7748737800866,20.734338928014,21.0492779817432,20.8828153926879,20.6948056910187,20.89604832232,20.7322341986001,20.951553799212,20.7307341434061,20.747379347682,21.0324501823634,20.6034939233214
Smarch/m5272c3,1323,21.2116774320602,21.2511077485979,21.1501180157065,21.1427109967917,21.168784532696,21.1152160484344,21.1180967483669,21.2513432092965,21.132861783728,21.1245900094509,21.2714862339199,21.1982068996876,21.2551555950195,21.2668298240751,21.1398329921067,21.1509381234646,21.2568464614451,21.0835002791136,21.1352057084441,21.2531257122755,21.165724741295,21.0952588338405,21.2088269833475,21.1826102752239,21.3714473862201,21.3403631914407,21.1318734362721,21.185737920925,21.3475088886917,21.3054897785187,21.2212590500712,21.3004073482007,21.2026872187853,21.2355925105512,21.178934417665,21.3424424901605,21.179391361773,21.3199261836708,21.1231912858784,21.2291541174054,21.1719550527632,21.36581758596,21.1328946072608,21.1885771956295,21.2771682869643,21.0697855390608,21.2436351664364,21.1231673788279,21.1814921982586,21.1458410751075
Smarch/phycore229x,1360,32.209204306826,32.2007781956345,32.156526459381,32.1974245682359,32.3140019141138,32.256137792021,32.2103977277875,32.2820556350052,32.2497482877225,32.2760982979089,32.3512135185301,32.603482125327,32.2258775159717,32.2126036193222,32.2246582079679,32.0786632169038,32.3338340297341,32.1516012717038,32.2257766593248,32.2401328179985,32.1714157853276,32.2492298521101,32.2781084366143,32.2967231441289,32.2910578064621,32.3006771467626,32.2413766607642,32.2141245789826,32.2070019636303,32.245198879391,32.6050080414861,32.2602564040571,32.2369251847267,32.2760172449052,32.321429990232,32.2974682934582,32.3484146427363,32.2819279078394,32.3599087763578,32.3756585400552,32.2759074904025,32.5581988301128,32.2926267478615,32.3925969321281,32.6552700586617,32.4118652362376,32.2664391864091,32.6815304197371,32.243195194751,32.2176354955882
Smarch/freebsd-icse11,1396,24.3645574916154,24.3293136749417,24.3047269694507,24.5385992079973,24.7855951543897,24.3841924481094,24.602323545143,24.7372811008245,24.5662579312921,24.580140363425,24.5673093367368,24.8441157806665,24.577625291422,24.6082371361554,24.567197823897,24.5477461628616,24.5648629032075,24.5763970222324,24.5829756446183,24.581801880151,24.2301485631615,24.2783902119845,24.5876596290618,24.737338161096,24.5183757524937,24.4050482995808,24.5987649448216,24.6103265397251,24.4149253014475,24.5235203467309,24.4421385712922,24.5923582967371,24.7107615936547,24.5882093049586,24.554846836254,24.5557754803449,24.5341394301504,24.5435898974538,24.6452392544597,24.5931177325547,24.602401573211,24.5935650747269,24.6588573865592,24.5071503277868,24.5918668825179,24.6314142961055,24.5266148149967,24.5188988149166,24.4193660523742,24.5014481768012
CDL/ea2468,1408,33.3432284798473,33.5891440715641,33.4860755205154,33.479863518849,33.3849951848388,33.5294471271336,33.4249452818185,33.5921844653785,33.451951328665,33.552156848833,33.4973462037742,33.568493232131,33.5362784191966,33.5278019607067,33.5039212964475,33.9457685369998,33.4810755997896,33.4914049915969,33.8242154810578,33.3706603646278,33.4797383677214,33.4722608048469,33.553059194237,33.5731885563582,34.1782092563808,33.4288646448404,33.5181644409895,33.5712030343711,33.5891188792884,33.9629865828902,33.5888667646795,33.5232252068818,33.52523480542,33.5211771074682,33.6042848527431,33.6491902153939,33.6025067232549,33.482199119404,33.4780181329697,33.4258772991598,33.5125151518732,33.5268374104053,33.661798344925,33.5907342266291,33.5788280200213,33.458728287369,33.7311337720603,33.513115869835,33.5722647216171,33.4290562011302
KConfig/uClinux-distribution,1580,0.041554996743798,0.039902383461595,0.040229396894574,0.039467856287956,0.039128363132477,0.038551516830921,0.041112320497632,0.038379659876227,0.038845023140311,0.038685381412506,0.041170431300998,0.039620937779546,0.038389854133129,0.037814304232597,0.039909513667226,0.039218360558152,0.040251720696688,0.038126820698381,0.040921265259385,0.038599627092481,0.041621115058661,0.036798767745495,0.040907710790634,0.038353089243174,0.040099577978253,0.036769701167941,0.03819565102458,0.038791136816144,0.039476906880736,0.039276020601392,0.040515568107367,0.038610955700278,0.039070239290595,0.039536222815514,0.040513886138797,0.038614312186837,0.037708859890699,0.04084243811667,0.037575427442789,0.040847579017282,0.037577386945486,0.039513980969787,0.038220539689064,0.040728822350502,0.040080927312374,0.03943383321166,0.03915018029511,0.039315886795521,0.03919461928308,0.041199440136552
Smarch/fiasco,1638,0.038473078981042,0.038842663168907,0.042914964258671,0.04517243988812,0.04625977948308,0.046994218602777,0.043807692825794,0.043324694037438,0.044705959036946,0.042543446645141,0.037939371541143,0.042881464585662,0.040324253961444,0.043257707729936,0.042968543246389,0.04446579143405,0.042441630735993,0.039279079064727,0.039312213659287,0.040974052622914,0.041827879846096,0.046336747705937,0.04574216157198,0.047161409631372,0.044564042240381,0.046332502737641,0.045202627778053,0.045913031324744,0.045132011175156,0.04580813460052,0.045757060870528,0.045477163046599,0.04503777064383,0.045956602320075,0.045325467363,0.04580475576222,0.045897018164396,0.045482352375984,0.046088663861156,0.046586092561483,0.0441651083529,0.044650157913566,0.04483843408525,0.045566899701953,0.045998668298125,0.046077789738774,0.045051096007228,0.045924551784992,0.045278241857886,0.045705588534474
confidential/automotive05/05.dimacs,1663,0,0,0,0,0,0,0,0,0,0,0,0,0,0,0,0,0,0,0,0,0,0,0,0,0,0,0,0,0,0,0,0,0,0,0,0,0,0,0,0,0,0,0,0,0,0,0,0,0,0
Smarch/uClinux,1850,0.037029141560197,0.031717006117106,0.032878575846553,0.033311005681753,0.033601069822908,0.033076833933592,0.033147718757391,0.033559123054147,0.033501280471683,0.032822044566274,0.033067902550101,0.03373190201819,0.033183697611094,0.033067043870688,0.034309055656195,0.032939225435257,0.033871416002512,0.032603736966848,0.033293552696705,0.033269517123699,0.033017668873072,0.033488713204861,0.034719806164503,0.03292565792799,0.032546659931541,0.03320736810565,0.033642241731286,0.034200932830572,0.032944165170193,0.033159520477057,0.032766539603472,0.033544087782502,0.033790132030845,0.033234396949411,0.033221382647753,0.033608857542276,0.032861204817891,0.033566256985068,0.034284483641386,0.0336729940027,0.033454155549407,0.034007390961051,0.032848941162229,0.033458298072219,0.033473249524832,0.033125448971987,0.033492367714644,0.03286474570632,0.034043332561851,0.033331284299493
automotive01/automotive01,2513,0.291191700845957,0.297907484695315,0.289518838748336,0.294315760955214,0.26390778273344,0.257475063204765,0.261714063584805,0.269255064427853,0.256508378311992,0.252098295837641,0.261722512543201,0.262107295915484,0.257881298661232,0.262314684689045,0.267148887738585,0.255538009107113,0.26398553326726,0.26191633939743,0.258635284379125,0.254509886726737,0.262894054874778,0.260543487966061,0.255561545491219,0.265634931623936,0.260524304583669,0.259903408586979,0.266002535820007,0.260407978668809,0.259651087224483,0.265941690653563,0.261298390105367,0.261488407850265,0.252948543056846,0.265836836770177,0.26063921302557,0.260062929242849,0.262816701084375,0.269174218177795,0.256456878036261,0.265328925102949,0.263103362172842,0.258942639455199,0.257092988118529,0.265437707304955,0.260074552148581,0.256811765953898,0.262308642268181,0.261642666533589,0.253743715584278,0.265168497338891
confidential/automotive03/automotive03b,4902,0.082926623523235,0.092909727245569,0.088871801272035,0.0936314240098,0.092915296554566,0.093884525820613,0.095086736604571,0.086028849706054,0.093008717522025,0.092967487871647,0.093937953934074,0.09302999638021,0.094911657273769,0.088521411642432,0.086142228916288,0.093684235587716,0.088536374270916,0.085115808993578,0.087921183556318,0.085074627771974,0.090279774740338,0.094630531966686,0.092733500525355,0.093913801014423,0.095181992277503,0.088393848389387,0.091709852218628,0.090707402676344,0.09451406262815,0.094306197017431,0.086717678233981,0.092629868537188,0.091857671737671,0.08610524609685,0.086583020165563,0.087287364527583,0.087023071944714,0.087955422699452,0.092604605481029,0.092761000618339,0.086186090484262,0.091814121231437,0.093851793557406,0.089637314900756,0.08994509652257,0.088421557098627,0.086934270337224,0.091201702132821,0.086734225973487,0.091735031455755
confidential/automotive06/automotive06b,5571,0.056980175897479,0.059819240123034,0.056925803422928,0.058185301721096,0.058776563033462,0.056124249473214,0.057739106938243,0.059894189238548,0.055784702301025,0.057346303015947,0.060480194166303,0.056817600503564,0.058240003883839,0.058420768007636,0.056527094915509,0.058061514049769,0.058632539585233,0.056364823132753,0.063108064234257,0.059067269787192,0.061203520745039,0.059352742508054,0.064528930932283,0.057934045791626,0.056883376091719,0.057058554142714,0.063841057941318,0.057666659355164,0.057855425402522,0.064218262210488,0.060068720951676,0.06200859695673,0.060987053439021,0.058270620182157,0.065960470587015,0.060622416436672,0.057081187143922,0.06363071501255,0.058352174237371,0.059173950925469,0.055679570883513,0.058693427592516,0.060485109686852,0.058455249294639,0.06224886700511,0.057999948039651,0.061224559322,0.058595648035407,0.059612955898047,0.058475220575929
KConfig/linux-2.6.33.3.dimacs,6467,0,0,0,0,0,0,0,0,0,0,0,0,0,0,0,0,0,0,0,0,0,0,0,0,0,0,0,0,0,0,0,0,0,0,0,0,0,0,0,0,0,0,0,0,0,0,0,0,0,0
Smarch/busybox-1.18.0,6796,0.098508331924677,0.105313677340746,0.105071522295475,0.104291936382651,0.101288741454482,0.103456636890769,0.101305715739727,0.098576914519072,0.099348211660981,0.104177223518491,0.090580444782972,0.095042245462537,0.096508204936981,0.098089525476098,0.105850236490369,0.105397321283817,0.109006440266967,0.103799667209387,0.105448700487614,0.105227656662464,0.106489790603518,0.095115700736642,0.103809105232358,0.09745110757649,0.105068482458591,0.102657089009881,0.105133946985006,0.106271700933576,0.096626838669181,0.106110617518425,0.099624715745449,0.102481069043279,0.096098339185119,0.104689590632916,0.096049971878529,0.102996740490198,0.105347448959947,0.105514496564865,0.1056835539639,0.106753252446651,0.105790033936501,0.104700522497296,0.1072634216398,0.099709715694189,0.104949556291103,0.094804305583239,0.094792660325766,0.09675482288003,0.09787998534739,0.101685712113976
Smarch/2.6.28.6-icse11.dimacs,6888,0,0,0,0,0,0,0,0,0,0,0,0,0,0,0,0,0,0,0,0,0,0,0,0,0,0,0,0,0,0,0,0,0,0,0,0,0,0,0,0,0,0,0,0,0,0,0,0,0,0
confidential/automotive07/automotive07b,8649,2.59497994184494,2.54111897014081,2.58903716132045,2.56551974266767,2.55047947354615,2.55262980982661,2.53719922155142,2.55434238910675,2.48328574001789,2.45070016384125,2.57125829532742,2.55773982964456,2.54407379031181,2.58637813106179,2.55146081000566,2.54609782248735,2.5743082202971,2.54453705251217,2.58446065895259,2.56660475023091,2.56509873270988,2.58792216517031,2.57080310210586,2.52247572876513,2.42283991351724,2.43194732442498,2.58050002902746,2.5529394634068,2.57864585891366,2.55456968210638,2.56401269324124,2.59027407132089,2.55691770650446,2.54599219374359,2.55839517712593,2.57808295637369,2.54803691245615,2.60690337046981,2.56826822832227,2.43683097325265,2.45642710663378,2.57039338164031,2.55205294303596,2.57162141241133,2.56900245696306,2.55041497759521,2.55271081253886,2.57944957911968,2.54915023595095,2.53904135711491
Smarch/uClinux-config,11254,0.142315583303571,0.132999252527952,0.142670156434178,0.135020544752479,0.134160671383143,0.133940765634179,0.146568436175585,0.148305675014853,0.145844247192144,0.131476923823357,0.141575813293457,0.148893278092146,0.147734513506293,0.147090433165431,0.138512959703803,0.146393239498138,0.144332580268383,0.144416011869907,0.135394776239991,0.147480074316263,0.146944247186184,0.131781566888094,0.135197820141912,0.146541340276599,0.146365005522966,0.149724643677473,0.134905721992254,0.144265700131655,0.14716374501586,0.151276890188456,0.142817864194512,0.140871038660407,0.150766771286726,0.150859611108899,0.150749569758773,0.151186615228653,0.142045183107257,0.152731748297811,0.14883784763515,0.14715919084847,0.136656997725368,0.147320087999105,0.139089908450842,0.134658815339208,0.135482119396329,0.145892783999443,0.150173176079988,0.149823401123285,0.151567282155156,0.140693310648203
Smarch/buildroot.dimacs,14910,0,0,0,0,0,0,0,0,0,0,0,0,0,0,0,0,0,0,0,0,0,0,0,0,0,0,0,0,0,0,0,0,0,0,0,0,0,0,0,0,0,0,0,0,0,0,0,0,0,0
automotive02/automotive2_4,18616,0.599749147891998,0.552576849237084,0.549258377403021,0.555320823565125,0.553663412109017,0.555323231965303,0.550208058208227,0.543331321328878,0.538735618814826,0.541878972202539,0.544284544885159,0.541955212131143,0.547687314450741,0.544482046738267,0.542175885289907,0.551187664270401,0.547024253755808,0.548788394778967,0.549921045079827,0.554125968366861,0.564340271055698,0.54722910374403,0.553521564230323,0.549671519547701,0.548734843730927,0.546480940654874,0.531569896265864,0.537119334563613,0.522950576618314,0.52547107078135,0.52653993666172,0.530754121020436,0.535857288166881,0.531056424602866,0.552088633179665,0.548728447407484,0.549899384379387,0.554957989603281,0.550444919615984,0.551275594159961,0.555940464138985,0.54954226128757,0.529849171638489,0.535965532064438,0.539250208064914,0.541899383068085,0.543877642601728,0.542601576074958,0.546546123921871,0.551107073202729
Smarch/embtoolkit,23516,1.8487010486424,1.79798301495612,1.69283658079803,1.71678436361253,1.78469832055271,1.78170252032578,1.79682703316212,1.7859145347029,1.78257973492146,1.7962752673775,1.76923663169146,1.68743181973696,1.69746131263673,1.79754930175841,1.77414834685624,1.78815623186529,1.80019162781537,1.80500979162753,1.74356064759195,1.70885269343853,1.79820232838392,1.71051863953471,1.67962284013629,1.68323529884219,1.68171187676489,1.72603619284928,1.83526072464883,1.79490763880312,1.75940394215286,1.72169826738536,1.73788216151297,1.77854980714619,1.77075789310038,1.78935951553285,1.78238289803267,1.78581805713475,1.80213982984424,1.77425112389028,1.70676351524889,1.75715861655772,1.77621281892061,1.78737010806799,1.79424022324383,1.78255924396217,1.78475798107684,1.78551679104567,1.7732504028827,1.69955434836447,1.69391126558185,1.8000196069479
Smarch/freetz.dimacs,31012,0,0,0,0,0,0,0,0,0,0,0,0,0,0,0,0,0,0,0,0,0,0,0,0,0,0,0,0,0,0,0,0,0,0,0,0,0,0,0,0,0,0,0,0,0,0,0,0,0,0
Smarch/2.6.32-2var.dimacs,60072,0,0,0,0,0,0,0,0,0,0,0,0,0,0,0,0,0,0,0,0,0,0,0,0,0,0,0,0,0,0,0,0,0,0,0,0,0,0,0,0,0,0,0,0,0,0,0,0,0,0
Smarch/2.6.33.3-2var.dimacs,62482,0,0,0,0,0,0,0,0,0,0,0,0,0,0,0,0,0,0,0,0,0,0,0,0,0,0,0,0,0,0,0,0,0,0,0,0,0,0,0,0,0,0,0,0,0,0,0,0,0,0
