Models;Features;queryd4-avg;queryd4-med;queryd4-stdev
/Smarch/LLVM;11;0.024826199803502;0.024463231209666;0.002347836272224
/Smarch/X264;16;0.02646767818369;0.026069916784764;0.00259630286089
/Smarch/Dune;17;0.029375992147252;0.029215045273304;0.002472058848331
/Smarch/BerkeleyDBC;18;0.027228747541085;0.026979943970219;0.003383333350215
/Smarch/lrzip;20;0.028798324652016;0.028398523107171;0.004252650641048
/Smarch/HiPAcc;31;0.040895904535428;0.040601844433695;0.002543450025301
/Smarch/JavaGC;39;0.038623134847731;0.038792910752818;0.002505239800465
/Smarch/Polly;40;0.039868367286399;0.040013588732109;0.002854092888711
/Smarch/VP9;42;0.039271109886468;0.039305162383243;0.002860295618985
/Smarch/7z;44;0.040852291472256;0.040559502318502;0.00438390736061
/Smarch/JHipster;45;0.039721176279709;0.039478903403506;0.001942684745955
/featureide_examples/berkeleydb;76;0.061311414819211;0.061630608281121;0.004378752281551
/Smarch/axtls_2_1_4;94;0.073051131619141;0.072901549749077;0.004825141691465
/KConfig/axTLS;96;0.051985894897953;0.051784226903692;0.004447228451408
/Smarch/fiasco_17_10;234;0.14161523135379;0.142126756021754;0.005624785366306
/Smarch/uClibc-ng_1_0_29;269;0.31986463948153;0.317089181626216;0.008802374190637
/KConfig/uClibc;313;0.210327530112118;0.211290864972398;0.00842478455329
/Smarch/toybox_0_7_5;316;0.090513012912125;0.089927946217358;0.003818995423717
/KConfig/uClinux-base;380;0.285649007037282;0.29091162304394;0.01168541597517
/confidential/automotive03/automotive03;384;0.12128165259026;0.122457022080198;0.003984836391906
/confidential/automotive06/automotive06;449;0.196034640436992;0.196282901102677;0.005034965599938
/confidential/automotive04/04;531;0.403701033284888;0.401344562880695;0.010550977401126
/Smarch/toybox;544;0.088989245323464;0.088396537583321;0.004407117688983
/confidential/automotive07/automotive07;581;0.880012494670227;0.87454776186496;0.016750842483285
/confidential/automotive03/03;588;0.413426702106372;0.408868541242555;0.013482793196423
/Smarch/axTLS;684;0.184211324891076;0.182888850336894;0.009737491448483
/financial_services/financialServices_2018-05-09;771;1.19108394975774;1.18931324151345;0.020841374076285
/KConfig/busybox-1.18.0;854;0.427898839786649;0.430141902528704;0.011381658017133
/Smarch/busybox_1_28_0;998;2.29999185222201;2.25759148807265;0.072284420163657
/CDL/am31_sim;1178;33.2949160098936;33.3235585149378;0.398523367445315
/KConfig/embtoolkit;1179;0.757258115634322;0.761421552160755;0.01170510138128
/Smarch/ref4955;1218;119.829696709402;119.416657432681;1.45143425319224
/Smarch/ecos-icse11;1244;72.8922316801548;73.1716129390989;1.06334511612338
/Smarch/pati;1248;145.778644475387;146.343162965961;2.35726572334656
/CDL/p2106;1262;75.224612166388;75.0870503769256;0.744599856011001
/Smarch/integrator_arm9;1267;393.356200397136;391.470027628122;9.91246813225018
/Smarch/olpce2294;1274;268.589356146203;268.799139092676;3.27877319900274
/Smarch/adderII;1276;305.868370756963;304.984963917406;4.22628960038184
/Smarch/at91sam7sek;1296;66.8421943560336;67.162720161723;0.972830086053468
/Smarch/se77x9;1319;365.623835556125;363.910111055244;8.78045386014918
/Smarch/m5272c3;1323;122.430564378332;122.421080357628;2.02199973302548
/Smarch/phycore229x;1360;194.355923211863;194.354658231605;3.26025263212328
/Smarch/freebsd-icse11;1396;626.642450690139;622.941329087363;34.4914068126534
/CDL/ea2468;1408;99.6746952342335;99.4879891038872;1.00254025117597
/KConfig/uClinux-distribution;1580;0.507269377484918;0.505177651764825;0.007899020531278
/Smarch/fiasco;1638;0.304535839846358;0.305242330301553;0.007747931629423
confidential/automotive05/05.dimacs	;1663;1800;1800;0
/Smarch/uClinux;1850;0.23556385114789;0.234845001017675;0.007962339053734
/automotive01/automotive01;2513;5.96678392127156;6.04972339398228;0.193786175805078
/confidential/automotive03/automotive03b;4902;0.448761821994558;0.442782040452585;0.01366182482816
/confidential/automotive06/automotive06b;5571;0.356244485471398;0.354549935087562;0.007679692442654
KConfig/linux-2.6.33.3.dimacs	;6467;1800;1800;0
/Smarch/busybox-1.18.0;6796;1.18253613269888;1.18675761460327;0.028814049231614
Smarch/2.6.28.6-icse11.dimacs;6888;1800;1800;0
/confidential/automotive07/automotive07b;8649;26.7123845921271;26.6861857795157;0.581717286872614
/Smarch/uClinux-config;11254;2.20448639277369;2.19675636431202;0.033009934553187
Smarch/buildroot.dimacs	;14910;1800;1800;0
/automotive02/automotive2_4;18616;70.8251132746507;70.6757072214969;1.00593789380724
/Smarch/embtoolkit;23516;34.7522245148849;34.6525565779302;0.435266008286368
Smarch/freetz.dimacs	;31012;1800;1800;0
Smarch/2.6.32-2var.dimacs	;60072;1800;1800;0
Smarch/2.6.33.3-2var.dimacs	;62482;1800;1800;0
