Models;Features;Queryc2d-avg;Queryc2d-med;Queryc2d-stdev
/Smarch/LLVM;11;0.017707049036399;0.018258850090206;0.002193095643353
/Smarch/X264;16;0.046180846793577;0.046128171961755;0.005124382416751
/Smarch/Dune;17;0.067034723814577;0.067141338950023;0.007676240159553
/Smarch/BerkeleyDBC;18;0.079414530042559;0.078249274985865;0.00706526270009
/Smarch/lrzip;20;0.07353783451952;0.072870759759098;0.007782767694993
/Smarch/HiPAcc;31;0.261439030990005;0.26115792337805;0.009630838700904
/Smarch/JavaGC;39;0.308283840706572;0.307969979709014;0.004240598335284
/Smarch/Polly;40;0.30543022301048;0.304234951501712;0.00584422381104
/Smarch/VP9;42;0.337509322278202;0.336159429512918;0.008581225485989
/Smarch/7z;44;0.255531222932041;0.260832712054253;0.02527211554863
/Smarch/JHipster;45;0.311701652212068;0.312220859108493;0.009297886167318
/featureide_examples/berkeleydb;76;0.46589232634753;0.464569482021034;0.012576650166815
/Smarch/axtls_2_1_4;94;0.589798557506874;0.58798942854628;0.011265173660282
/KConfig/axTLS;96;0.498267573444173;0.497031266335398;0.00840848049082
/Smarch/fiasco_17_10;234;1.36641940691508;1.37859774706885;0.110801478287022
/Smarch/uClibc-ng_1_0_29;269;1.06368244465441;1.06409638491459;0.114993273341011
/KConfig/uClibc;313;1.86667110689916;1.86222570063546;0.124524069396591
/Smarch/toybox_0_7_5;316;0.369828693792224;0.369859187863767;0.004869441647127
/KConfig/uClinux-base;380;2.26213334583677;2.29664684156887;0.267003945769157
/confidential/automotive03/automotive03;384;2.29457166617736;2.32555537042208;0.122326874282618
/confidential/automotive06/automotive06;449;2.73493399299681;2.73336860910058;0.170743533686817
/confidential/automotive04/04;531;3.56172840859741;3.56998515501618;0.388251520958262
/Smarch/toybox;544;3.09613146941178;3.09229025081731;0.022203780217745
/confidential/automotive07/automotive07;581;5.38284302630462;5.34515611175448;0.231007661309964
/confidential/automotive03/03;588;5.44613545232452;5.4026054549031;0.349170189796982
/Smarch/axTLS;684;4.52604784552008;4.5141188330017;0.267862095238902
/financial_services/financialServices_2018-05-09;771;12.6361532162502;12.6496341943275;0.414752900572311
/KConfig/busybox-1.18.0;854;2.67192550739273;2.66973056853749;0.156418800388081
/Smarch/busybox_1_28_0;998;3.23132267779671;3.24495427520014;0.139767026096269
/CDL/am31_sim;1178;54.1829358958174;54.1336085770745;0.983875434223838
/KConfig/embtoolkit;1179;9.42363447016105;9.3622074816376;0.526175478612399
/Smarch/ref4955;1218;56.4835340520553;56.5303820057306;1.40622305553841
/Smarch/ecos-icse11;1244;75.5504387037829;75.1801919143181;1.27353057087066
/Smarch/pati;1248;61.9948813758418;61.3967365741264;2.64857766672579
/CDL/p2106;1262;34.4608107334562;34.2240957396571;0.872515729249195
/Smarch/integrator_arm9;1267;38.8388597514387;37.7161002673674;4.14451114156949
/Smarch/olpce2294;1274;49.9025634025224;49.4447426153347;1.54344776176313
/Smarch/adderII;1276;37.2299602684099;36.9438167964108;1.47425375523641
/Smarch/at91sam7sek;1296;44.6843270068243;44.4528978222516;1.4491419812675
/Smarch/se77x9;1319;80.0477245195955;79.4630525037646;2.40052547192186
/Smarch/m5272c3;1323;76.4807550270204;76.4388513248414;1.45599655068296
/Smarch/phycore229x;1360;77.406633551456;77.0813545440324;1.79397748668794
Smarch/freebsd-icse11.dimacs	;1396;1800;1800;0
/CDL/ea2468;1408;49.0690271019284;48.5871046956163;1.86694675765036
/KConfig/uClinux-distribution;1580;5.91558453940786;5.92448648950085;0.046863610335816
/Smarch/fiasco;1638;8.43484589550644;8.4623310144525;0.793009160936728
confidential/automotive05/05.dimacs	;1663;1800;1800;0
/Smarch/uClinux;1850;6.24869140930474;6.25318538211286;0.02846931481703
/automotive01/automotive01;2513;23.7437184040248;23.9329092253465;1.98721287080121
/confidential/automotive03/automotive03b;4902;5.94979746428318;5.96908491733484;0.673250592086037
/confidential/automotive06/automotive06b;5571;6.91880361400545;6.99324783869088;0.654374124843768
KConfig/linux-2.6.33.3.dimacs	;6467;1800;1800;0
/Smarch/busybox-1.18.0;6796;40.0737268294301;39.3526715226471;3.11097917368612
Smarch/2.6.28.6-icse11.dimacs	;6888;1800;1800;0
/confidential/automotive07/automotive07b;8649;355.582064620107;275.519017366227;256.952399122078
/Smarch/uClinux-config;11254;69.4828236419614;69.5693558668718;5.37414107421336
Smarch/buildroot.dimacs	;14910;1800;1800;0
/automotive02/automotive2_4;18616;1660.66114331532;1852.32337766816;456.219642682668
/Smarch/embtoolkit;23516;1558.72929096333;1853.61440420826;450.605273084923
Smarch/freetz.dimacs	;31012;1800;1800;0
Smarch/2.6.32-2var.dimacs	;60072;1800;1800;0
Smarch/2.6.33.3-2var.dimacs	;62482;1800;1800;0
