CDL/am31_sim.dimacs;20.14329911209643;20.12336297400296;19.977188870310783;20.294761657714844
CDL/ea2468.dimacs;178.78944850340486;179.91701992250978;177.66747347265482;232.51425100304186
CDL/p2106.dimacs;54.864109489135444;54.91081585004926;54.573098961263895;56.5709218159318
KConfig/axTLS.dimacs;0.03804843407124281;0.03769295137375593;0.030915770679712296;0.04470393620431423
KConfig/busybox-1.18.0.dimacs;0.21702768001705408;0.2210296753793955;0.21435387805104256;0.26638446375727654
KConfig/embtoolkit.dimacs;0.609650855883956;0.6111476650461555;0.6064320299774408;0.6426931768655777
KConfig/linux-2.6.33.3.dimacs;1800.0;1800;1800;1800
KConfig/uClibc.dimacs;0.1410982934758067;0.14333353016525507;0.13967684097588062;0.1672153454273939
KConfig/uClinux-base.dimacs;0.18019508477300406;0.18076409999281168;0.17683539167046547;0.20850309915840626
KConfig/uClinux-distribution.dimacs;0.4797111824154854;0.4810480133071542;0.47137225419282913;0.512595921754837
Smarch/2.6.28.6-icse11.dimacs;1800.0;1800;1800;1800
Smarch/2.6.32-2var.dimacs;1800.0;1800;1800;1800
Smarch/2.6.33.3-2var.dimacs;1800.0;1800;1800;1800
Smarch/7z.dimacs;0.038519094698131084;0.03919734548777342;0.03550148569047451;0.0437423475086689
Smarch/BerkeleyDBC.dimacs;0.034905233420431614;0.03546637296676636;0.0339637566357851;0.04046967253088951
Smarch/Dune.dimacs;0.03553236648440361;0.036542166210711005;0.0341916773468256;0.04236101359128952
Smarch/HiPAcc.dimacs;0.03831376787275076;0.03874143142253161;0.03498394787311554;0.042901819571852684
Smarch/JHipster.dimacs;0.03928564861416817;0.039091219976544384;0.03534104861319065;0.04286801256239414
Smarch/JavaGC.dimacs;0.03854419384151697;0.039020250104367736;0.03566019423305988;0.04328025504946709
Smarch/LLVM.dimacs;0.035863589495420456;0.03669191610068083;0.03388232924044132;0.04086598567664623
Smarch/Polly.dimacs;0.03795364126563072;0.038754345066845414;0.035714754834771156;0.04279717430472374
Smarch/VP9.dimacs;0.037926492281258106;0.03875702910125255;0.03628227859735489;0.04296359233558178
Smarch/X264.dimacs;0.03719465993344784;0.03765838477760553;0.03407534770667553;0.0411622729152441
Smarch/adderII.dimacs;107.08723387494683;107.05134600631892;105.8471845369786;109.38780717924237
Smarch/at91sam7sek.dimacs;53.02409397345036;53.099869542643425;52.76983897201717;54.505486618727446
Smarch/axTLS.dimacs;0.10874448530375957;0.10928387865424156;0.10588253289461136;0.11560782976448536
Smarch/axtls_2_1_4.dimacs;0.042899628169834614;0.04294146023690701;0.03919614851474762;0.047182805836200714
Smarch/buildroot.dimacs;1800.0;1800;1800;1800
Smarch/busybox-1.18.0.dimacs;3.3366319285705686;3.341233559884131;3.3216820266097784;3.428382383659482
Smarch/busybox_1_28_0.dimacs;0.7237160857766867;0.7276319793611765;0.7194503284990788;0.7700887750834227
Smarch/ecos-icse11.dimacs;75.87831568252295;76.272486808002;75.50516144558787;78.49255679175258
Smarch/embtoolkit.dimacs;381.44848420470953;382.2068974389881;380.4206977877766;388.5810436606407
Smarch/fiasco.dimacs;0.2451149094849825;0.24824719123542308;0.2437320053577423;0.28108874149620533
Smarch/fiasco_17_10.dimacs;0.05827235337346792;0.061622900888323784;0.05518849939107895;0.07808330282568932
Smarch/freebsd-icse11.dimacs;85.47541742864996;86.19329019665719;85.12915250472724;89.82255103811622
Smarch/freetz.dimacs;1375.1734515773132;1376.0478301495314;1358.4467130620033;1417.49681125395
Smarch/integrator_arm9.dimacs;40.50353838317096;40.6004135511443;40.16712371073663;43.447907257825136
Smarch/lrzip.dimacs;0.03114279266446829;0.03295277450233698;0.02796308696269989;0.04266180843114853
Smarch/m5272c3.dimacs;99.30456661526114;99.36458307474851;98.29139564186335;101.3531675748527
Smarch/olpce2294.dimacs;78.53626146912575;79.8992353379354;77.90890436246991;141.07014316506684
Smarch/pati.dimacs;57.01638289168477;57.011849978528915;56.55129986256361;57.567933240905404
Smarch/phycore229x.dimacs;163.174035214819;163.17698327649384;162.30073358118534;164.24571449123323
Smarch/ref4955.dimacs;153.47045315615833;153.7368660434708;151.48677980341017;171.7391762137413
Smarch/se77x9.dimacs;94.22962310165167;94.22252425339073;93.39084403403103;95.39815311692655
Smarch/toybox.dimacs;0.04578705318272114;0.04635304160416126;0.04342108964920044;0.05985772795975208
Smarch/toybox_0_7_5.dimacs;0.040741436183452606;0.04221321240067482;0.03786183521151543;0.052731575444340706
Smarch/uClibc-ng_1_0_29.dimacs;0.0859892563894391;0.0900742682442069;0.08232317864894867;0.11147948354482651
Smarch/uClinux-config.dimacs;9.389122216962278;9.392450130321086;9.331396711990237;9.499292351305485
Smarch/uClinux.dimacs;0.18771133664995432;0.18976375788450242;0.1847835648804903;0.21816436201334
automotive01/automotive01.dimacs;7.928466723300517;8.045186463296414;7.906457282602787;10.703262647613883
automotive02/automotive2_4.dimacs;579.2883074963465;581.2339101295173;575.2219563405961;588.137170381844
featureide_examples/berkeleydb.dimacs;0.035133643075823784;0.03622566569596529;0.031131142750382423;0.04444908909499645
financial_services/financialServices_2018-05-09.dimacs;0.8657906651496887;0.8731788774579763;0.8586041815578938;0.9660342279821634
confidential/automotive03/03.dimacs;0.346673178486526;0.3494371011853218;0.3429316319525242;0.38695925660431385
confidential/automotive03/automotive03a.dimacs;0.07802633848041296;0.07901461392641068;0.07478372752666473;0.10415710881352425
confidential/automotive03/automotive03b.dimacs;2.073620306327939;2.079457120262086;2.0645453426986933;2.1193934585899115
confidential/automotive04/04.dimacs;0.3270064638927579;0.32763102404773237;0.3232995718717575;0.3649449609220028
confidential/automotive05/05.dimacs;1800.0;1800;1800;1800
confidential/automotive06/automotive06a.dimacs;0.09292329382151365;0.09738315336406231;0.08974760957062244;0.12478423304855824
confidential/automotive06/automotive06b.dimacs;1.5254245465621352;1.5302933456003667;1.5176788158714771;1.5650740377604961
confidential/automotive07/automotive07a.dimacs;0.7190615925937891;0.724271914511919;0.712675929069519;0.8090814556926489
confidential/automotive07/automotive07b.dimacs;80.94468629360199;81.00270545829088;80.8386745788157;82.45162103883922
