tool,file-name,d4-nodes,d4-edges,C2d-nodes,C2d-edges,d4-new-nodes,d4-new-edges,Dsharp-nodes,Dsharp-edges
d4,featureide_examples/berkeleydb.dimacs.nnf,650,719,366,729,410,746,445,913
d4,automotive02/automotive2_4.dimacs.nnf,588187,612062,7933848,54597834,101024,558293,142717,659554
d4,automotive01/automotive01.dimacs.nnf,51042,55387,13367,44422,19418,78947,34017,292223
d4,KConfig/busybox-1.18.0.dimacs.nnf,2873,3527,3663,5802,3779,5487,4155,6857
d4,KConfig/uClinux-distribution.dimacs.nnf,3462,3988,5816,8284,5939,8018,5868,8253
d4,KConfig/uClibc.dimacs.nnf,2917,3263,2072,6169,2654,7603,1996,6589
d4,KConfig/uClinux-base.dimacs.nnf,4910,5591,1915,7114,1982,5985,2151,7787
d4,KConfig/axTLS.dimacs.nnf,217,253,283,328,289,331,372,451
d4,KConfig/embtoolkit.dimacs.nnf,6753,7259,3824,14080,3717,12497,9470,23198
d4,Smarch/BerkeleyDBC.dimacs.nnf,59,65,66,79,68,81,70,84
d4,Smarch/JHipster.dimacs.nnf,362,395,193,310,196,345,217,407
d4,Smarch/Dune.dimacs.nnf,85,100,83,111,93,122,97,136
d4,Smarch/busybox-1.18.0.dimacs.nnf,19896,22434,15028,21941,14841,22731,24679,37159
d4,Smarch/toybox_0_7_5.dimacs.nnf,257,310,998,1071,1017,1087,1061,1162
d4,Smarch/m5272c3.dimacs.nnf,1128077,1260118,368501,1400787,445703,2465283,2836531,18293638
d4,Smarch/uClibc-ng_1_0_29.dimacs.nnf,3189,3522,1343,3684,1625,4588,1482,4478
d4,Smarch/busybox_1_28_0.dimacs.nnf,7670,12355,6922,25789,7165,19244,794226,2680765
d4,Smarch/VP9.dimacs.nnf,177,204,154,191,156,193,173,218
d4,Smarch/lrzip.dimacs.nnf,98,106,72,106,74,108,76,111
d4,Smarch/ecos-icse11.dimacs.nnf,665776,766462,325402,1051015,446622,1839356,7430343,46849421
d4,Smarch/ref4955.dimacs.nnf,1129612,1256144,221200,719642,665415,3694364,2034922,11575348
d4,Smarch/at91sam7sek.dimacs.nnf,672149,757484,158787,612035,221787,1347661,3707288,20811115
d4,Smarch/uClinux-config.dimacs.nnf,34020,38665,38617,63012,24402,33663,40500,63293
d4,Smarch/toybox.dimacs.nnf,1007,1120,982,1079,975,1062,2020,2469
d4,Smarch/fiasco_17_10.dimacs.nnf,3611,3865,1065,3506,1142,4246,984,3121
d4,Smarch/fiasco.dimacs.nnf,7431,7680,2813,7004,2857,7601,5718,11885
d4,Smarch/axtls_2_1_4.dimacs.nnf,638,728,421,700,463,830,462,886
d4,Smarch/HiPAcc.dimacs.nnf,397,450,215,375,195,335,229,434
d4,Smarch/axTLS.dimacs.nnf,3175,3529,1563,2468,1706,3152,2504,4077
d4,Smarch/X264.dimacs.nnf,35,38,52,55,54,57,59,64
d4,Smarch/Polly.dimacs.nnf,167,192,143,178,145,180,162,205
d4,Smarch/uClinux.dimacs.nnf,3369,3972,3669,3668,3672,3671,7099,8341
d4,Smarch/embtoolkit.dimacs.nnf,584073,600189,1327436,3228380,74489,670148,111263,2381243
d4,Smarch/7z.dimacs.nnf,326,358,192,353,176,329,197,354
d4,Smarch/phycore229x.dimacs.nnf,1692344,1876205,300032,1048988,637790,3501319,-1,-1
d4,Smarch/olpce2294.dimacs.nnf,2489713,2807070,177955,675632,334549,1962118,4305695,23637796
d4,Smarch/JavaGC.dimacs.nnf,176,200,147,194,134,181,162,215
d4,Smarch/freebsd-icse11.dimacs.nnf,6878944,8252514,-1,-1,401834,1518889,10459052,44083134
d4,Smarch/pati.dimacs.nnf,1352154,1497371,250399,987434,246893,1478939,2251499,12535433
d4,Smarch/se77x9.dimacs.nnf,3096905,3485275,325709,1192707,407832,2332575,3553894,20248287
d4,Smarch/adderII.dimacs.nnf,2730777,3075352,134391,538229,463346,2458664,3219081,19078814
d4,Smarch/integrator_arm9.dimacs.nnf,3776617,4274732,133417,519912,192481,987828,-1,-1
d4,CDL/am31_sim.dimacs.nnf,362569,413670,220745,804953,97573,547418,353683,2168343
d4,CDL/ea2468.dimacs.nnf,869563,999067,194399,700446,660556,3942741,988738,5831861
d4,CDL/p2106.dimacs.nnf,825043,924594,120983,464952,261600,1345045,530393,3258936
d4,confidential/automotive04/04latest.dimacs.nnf,10606,11681,2169,11644,2718,12259,2494,8591
d4,confidential/automotive06/automotive06_sw.dimacs.nnf,11002,11078,7416,9856,7413,10941,19223,26654
d4,confidential/automotive06/automotive06.dimacs.nnf,2505,2700,1122,2304,1179,2655,1860,6154
d4,confidential/automotive07/automotive07.dimacs.nnf,24435,26973,9318,27692,97783,928251,5346,39327
d4,confidential/automotive07/automotive07_sw.dimacs.nnf,951133,994075,87658,279021,7282,30869,165807,1871678
d4,confidential/automotive03/03latest.dimacs.nnf,7548,8355,3237,15779,7091,20456,3570,14567
d4,confidential/automotive03/automotive03_sw.dimacs.nnf,20502,20748,6855,13286,3725,11175,16933,33348
d4,confidential/automotive03/automotive03.dimacs.nnf,2048,2221,899,1573,1036,2396,1509,2945
d4,financial_services/financialServices_2018-05-09.dimacs.nnf,47598,49270,5508,61014,5748,55734,7562,168066
