Index,Model,Features,Countantom-avg,Countantom-med,Countantom-stdev,Ganak-avg,Ganak-med,Ganak-stdev,Sharpsat-avg,Sharpsat-med,Sharpsat-stdev,D4query-avg,D4query-med,D4query-stdev,Ddknnifec2d-avg,Ddknnifec2d-med,Ddknnifec2d-stdev,Queryc2d-avg,Queryc2d-med,Queryc2d-stdev,Ddknnifedsharp-avg,Ddknnifedsharp-med,Ddknnifedsharp-stdev,Ddnnifed4-avg,Ddnnifed4-med,Ddnnifed4-stdev,Queryd4-avg,Queryd4-med,Queryd4-stdev,Ddnnifec2d-pd-avg,Ddnnifec2d-pd-med,Ddnnifec2d-pd-stdev,Ddnnifed4-pd-avg,Ddnnifed4-pd-med,Ddnnifed4-pd-stdev
2,cnf/Smarch/X264.dimacs,16,1.16735722219106,1.11871296633035,0.104485329004147,0.099416173435748,0.098608167842031,0.003727991508791,0.107437972235493,0.107754049706273,0.005837350740918,0.037658384777606,0.037194659933448,0.002301909021745,0.0399955984484404,0.0401962581090629,0.0049380749584967,0.03990639552474,0.039946033852175,0.004805518130191,0.0225029832869769,0.0173674961552023,0.0114118133623854,0.0413545405492187,0.0405466677621007,0.00205392796740451,0.021314061777666,0.021163345547393,0.002341750156698,0.0387017968576401,0.0389771594200283,0.00486491509842324,0.039668143875897,0.0388415344059465,0.00204335951063661
3,cnf/Smarch/Dune.dimacs,17,1.19916424320545,1.18784021690954,0.036039746872171,0.105388070950285,0.104950713692233,0.002876981095465,0.109758336339146,0.107671588193626,0.00731622274074,0.036542166210711,0.035532366484404,0.002493492920217,0.0584127525612712,0.0589309688657523,0.00738568820815039,0.058893398446962,0.059277595020831,0.007521659620767,0.0266159372217954,0.022806797642261,0.0132803099422051,0.0418975637480618,0.0410100333392619,0.00215598549589577,0.021764119304717,0.021151225781068,0.002211208334817,0.0569281023368239,0.0576531998813152,0.0074725848253519,0.0405874113366009,0.0397159736603496,0.00213583512901929
4,cnf/Smarch/BerkeleyDBC.dimacs,18,1.26362628764473,1.25900747638661,0.02525733168827,0.110459556030109,0.110202544601634,0.003107253400514,0.117783927805722,0.118358021427412,0.006621552653067,0.035466372966766,0.034905233420432,0.00177617825886,0.0727101632300765,0.0711851608939469,0.00730274026302606,0.072790873004124,0.071346752578393,0.007244811236078,0.0228871958982201,0.0215837704017758,0.00825158581647806,0.0417708308622241,0.0405362239107492,0.00248232346759078,0.021230682097376,0.0210309936665,0.003126388450302,0.0710866883490235,0.0696656131185592,0.00739218329849676,0.0405799117311836,0.0393421510234473,0.00236179223256219
5,cnf/Smarch/lrzip.dimacs,20,1.54833337691147,1.50681742688175,0.140600034040926,0.125402507055551,0.124928620876745,0.003473271890842,0.132534406858031,0.131886720424518,0.005823656680904,0.032952774502337,0.031142792664468,0.00432750908937,0.0652143852692097,0.0645871164742857,0.00755430455696662,0.066123440396041,0.065434063319117,0.007375593312317,0.0994829093292358,0.0307883662171667,0.428346504124407,0.0384338998049499,0.0387758435681462,0.00461911938470339,0.022752724690363,0.023581911111251,0.003124580261556,0.0645794062595814,0.0637139382306486,0.00741589745124955,0.0379423466324807,0.0381702221930025,0.00476704978416228
6,cnf/Smarch/HiPAcc.dimacs,31,2.27097690287512,2.27273236284964,0.014825603311479,0.199582435693592,0.199409827357158,0.004196253067423,0.226942615732551,0.22697630879702,0.007236687572519,0.038741431422532,0.038313767872751,0.002235395553699,0.237766166934744,0.237347130663693,0.00969233166631927,0.241261712787673,0.240619181888178,0.00985416075627,0.025733567653224,0.022668608464301,0.0106593537344219,0.044081627354026,0.0448819985613231,0.00274708634174222,0.028057548655197,0.02759787067771,0.002627724034972,0.23600260832347,0.235803044401109,0.00966565784338089,0.0426810317486526,0.0437247436493637,0.00274801177678419
7,cnf/Smarch/JavaGC.dimacs,39,2.8718986068666,2.8718173551606,0.030012274854204,0.249821966318414,0.249283142853528,0.004111989321367,0.281545160128735,0.281290771497879,0.009605308136695,0.039020250104368,0.038544193841517,0.002193205876723,0.292899001808837,0.292962366249413,0.00387955390066321,0.294689105348662,0.294877458130941,0.003968140608073,0.0283256332017482,0.0241771519649771,0.0126818639386444,0.0455799679458142,0.0458525437861685,0.00175848244968369,0.026780254244805,0.026445221155883,0.002215060880173,0.291326525034383,0.291504874825477,0.00388747598937204,0.0437950788438321,0.0441332152113319,0.00177611746162781
8,cnf/Smarch/Polly.dimacs,40,2.93235491697676,2.91868378035725,0.073887140970196,0.256684632832184,0.257490047486499,0.004209055092484,0.29179212995572,0.290985702187755,0.010822039274495,0.038754345066846,0.037953641265631,0.001922577798767,0.290657413676381,0.289438880980014,0.00595620735093916,0.292777555435896,0.292009036289528,0.006347155276391,0.0264932713657618,0.024607389699668,0.0115410972927028,0.0451354091241957,0.0458545694127679,0.00187536765219821,0.027347739310935,0.027549765305594,0.002245117115803,0.289378420487046,0.28821660974063,0.00591264375942823,0.0433937944099308,0.0440268628299241,0.00184298035130266
9,cnf/Smarch/VP9.dimacs,42,3.12874307378195,3.09993806364946,0.120338995527363,0.269844058575109,0.269263124791905,0.005415116021513,0.309737615378108,0.310393002757336,0.009840964286747,0.038757029101253,0.037926492281258,0.002018523866823,0.321686228420586,0.320853312266991,0.00829148464565101,0.323746223645285,0.322479351656512,0.008331948020316,0.0253526865411551,0.021848425967619,0.0143780632838184,0.0449381300807,0.0454474417492747,0.00189584691559358,0.027322936020792,0.027042881818489,0.002526487969448,0.320313610117882,0.319301319308579,0.0082641446500819,0.0432682330906392,0.0437595453113317,0.00195876136447931
10,cnf/Smarch/7z.dimacs,44,3.34943753656,3.2545630892273,0.275464227169874,0.283301544254646,0.28322531399317,0.004720128544445,0.321022476060316,0.320446784142405,0.006730130480433,0.039197345487774,0.038519094698131,0.00223607528495,0.238110117791221,0.244087042054162,0.0253725304828642,0.241577170742676,0.247072022641078,0.025335495770745,0.282645646538586,0.023117112927139,1.76115028119098,0.0425749740377069,0.0429895417764782,0.00424863845393931,0.029158911406994,0.029590737540275,0.004307530679871,0.236269339649007,0.241828512167558,0.0252396854564837,0.0411810464784504,0.0415500923991206,0.00414381328496069
11,cnf/Smarch/JHipster.dimacs,45,3.544133218606,3.32822078722529,0.401586137492331,0.29080341687426,0.291604060446844,0.005394150314758,0.332464666254819,0.333772471873089,0.00931550084295,0.039091219976544,0.039285648614168,0.002272678293914,0.292962792916223,0.293029180495069,0.00912148629762627,0.296920720506459,0.297936225542799,0.009456927168569,0.0251324783451856,0.0236310313921421,0.00913431366323502,0.0435580037161709,0.0429679732769728,0.00291372067001965,0.029487787587568,0.028990385122598,0.002236494997645,0.291113266823813,0.291274188552051,0.00913172778050884,0.0419091710075737,0.041602830402553,0.00272038014798596
12,cnf/featureide_examples/berkeleydb.dimacs,76,5.79224663236179,5.69746223650873,0.353841683224264,0.519933268064633,0.52077492303215,0.010257583082394,0.559364080987871,0.560011998284608,0.012607745221037,0.036225665695965,0.035133643075824,0.004455060313562,0.413772497661412,0.413401638623327,0.0125703459696055,0.432593988189474,0.432068017544225,0.012596135016741,0.0202710889186711,0.0198212261311709,0.00277172433923163,0.0466263879463078,0.0465503372251989,0.00261976093224261,0.045952577739954,0.046903720591217,0.004073025360657,0.412657946757972,0.412361978553235,0.0124141924645281,0.0453978841379286,0.04582307394594,0.00243927384328304
13,cnf/Smarch/axtls_2_1_4.dimacs,94,7.25777420178056,7.10065801895689,0.520987341973928,0.668055136315525,0.665808347519488,0.012240174084976,0.722026606297586,0.720732537040021,0.011295585037991,0.042941460236907,0.042899628169835,0.002370012555739,0.535324142342433,0.533501720521599,0.00995197088682046,0.558466077605262,0.557043659966439,0.009616867831227,0.0303858908545227,0.0241645241621884,0.0138999919408976,0.0445313855633141,0.0448492961004374,0.00387766823235476,0.048968066060916,0.048329455778003,0.004060817776719,0.533217002069578,0.531243299134075,0.00993834390125363,0.0431090297922493,0.0429031169041991,0.00372546476815872
14,cnf/KConfig/axTLS.dimacs,96,6.45486854046583,6.36425789934583,0.355480117870868,0.596072451872751,0.596467743394896,0.014624695259953,0.633840403829236,0.637813425535569,0.024211541945167,0.037692951373756,0.038048434071243,0.003980762197044,0.465440160660073,0.464602400548757,0.00792945803083412,0.477948944997042,0.476867918856442,0.008737165354489,0.0199433701205999,0.0202397792600097,0.00256874778823953,0.0434420067816973,0.0441762199625376,0.0044480352035261,0.03523034141399,0.035400340333582,0.004010683768247,0.463999060569331,0.463615973945707,0.0079812525521505,0.0428622890263796,0.0440126145258544,0.00437164301000087
15,cnf/Smarch/fiasco_17_10.dimacs,234,20.5770392593555,20.3537347238744,1.92011461166918,1.87906578031369,1.87299983622506,0.031415739199077,2.04751527180895,2.0400858579087,0.042792377180247,0.061622900888324,0.058272353373468,0.007176161225214,1.21001724877395,1.21966288448312,0.109431094003674,1.36667922779918,1.37365018273704,0.110924229465944,0.0423201258201153,0.0417669296730309,0.00456530037202145,0.0598526399582625,0.0583525337278843,0.00641632508769052,0.153772654104978,0.155455630971119,0.006456047905649,1.2063063915167,1.21563957841136,0.109167904259482,0.055283279195428,0.0538620334118607,0.00578430766014344
16,cnf/Smarch/uClibc-ng_1_0_29.dimacs,269,30.7874320318457,32.1371242247988,2.40061029827609,2.6122414701432,2.61878950474784,0.045236602276351,2.65903696456924,2.53377754241228,0.2246423609085,0.090074268244207,0.085989256389439,0.008753909110444,0.871057615224272,0.868473552167415,0.114870541598258,1.08295782371424,1.08364206249826,0.115810997407929,0.0545126344636084,0.0525125348940496,0.0151428645642426,0.0724798368290069,0.0728426026180388,0.00271712587530676,0.398981604091823,0.397713338257745,0.010300336711986,0.864123974833638,0.862604502588511,0.114760498920896,0.066764456368983,0.0674870163202287,0.00209105991355802
17,cnf/KConfig/uClibc.dimacs,313,29.2855381514644,30.7090371914674,2.45371637143183,2.63367754707113,2.62537669250742,0.053008891051774,2.69142092530616,2.67349357088096,0.109132439063208,0.143333530165255,0.141098293475807,0.006215484196523,1.57379906553775,1.57001343206503,0.123480826883216,1.97005041987635,1.96673811529763,0.125117379243279,0.0602317982632669,0.0528145185671749,0.0177952062771056,0.0850111651048065,0.087403093464673,0.00603508532755057,0.266128440657631,0.265845064306631,0.008763237949239,1.56489060651511,1.5604999086354,0.123038557445563,0.077178688235581,0.0803763680160047,0.00599594962353167
18,cnf/Smarch/toybox_0_7_5.dimacs,316,22.7579418632109,22.6190984905697,0.611773299717174,2.27567298840731,2.27473346050829,0.027801844438723,2.55043818773236,2.54774835100397,0.19084180142138,0.042213212400675,0.040741436183453,0.003802529128956,0.271983640324324,0.271857651881874,0.00444392947920909,0.373085753694177,0.370933294529095,0.009108638565249,0.0333402624540032,0.0270193272735928,0.0130467180780812,0.0451631456986071,0.045718681998551,0.00270133489323276,0.088570432914421,0.086396133061499,0.00684500669024,0.271072455178946,0.271399524295702,0.00456288509065156,0.0444090482965113,0.0449812225997448,0.00252322144653357
19,cnf/KConfig/uClinux-base.dimacs,380,46.1530681393808,47.0778061843012,2.25535984339108,5.13125019803643,5.10818116087467,0.099764261062669,5.29182686480694,5.28777957410785,0.058035338143222,0.180764099992812,0.180195084773004,0.00535641957715,2.02297067190521,2.05287474440411,0.266610651796509,2.45382263819687,2.48677260987461,0.265419594458526,0.0615305975824595,0.0532827218994497,0.0152430005214485,0.12690364651382,0.127116118557752,0.00684513900881101,0.447215088726953,0.450728998985142,0.015076442382438,2.01265175054781,2.04266772652045,0.26623961849715,0.122303914725781,0.122875660657883,0.00696510455913664
20,cnf/confidential/automotive03/automotive03.dimacs,384,31.5661512862146,30.1583233110141,2.6446451292143,3.42575729575008,3.41182219889015,0.060050400840686,3.63861085485201,3.61823180341162,0.19002621600192,0.079014613926411,0.078026338480413,0.004917813751493,2.20669820832089,2.23800594941713,0.123096782596533,2.33340227083303,2.36252903798595,0.122389873633993,0.039592580953613,0.03507890785113,0.0169218187866226,0.0535321769118309,0.0529014440253381,0.00528844433368197,0.18881524217315,0.189725765958429,0.007138461855357,2.20477171676233,2.23548524291254,0.12302482128852,0.0509329134970904,0.0509405676275494,0.00477844853455373
21,cnf/confidential/automotive06/automotive06.dimacs,449,48.3583539605513,50.6246759565547,3.62684286220151,4.7632947873231,4.76390940253623,0.062022524420068,4.92686092891265,4.89309818728361,0.120619937565604,0.097383153364062,0.092923293821514,0.010653145360993,2.61582297983579,2.61197110777721,0.170137139813063,2.81650470850058,2.81077136215754,0.16957471287985,0.0635771464835853,0.0640776155050843,0.00410619020088555,0.0603461911901833,0.0602461500093342,0.00294493247706895,0.383564682845026,0.381044824607671,0.009974113510575,2.61453592109494,2.61088202660904,0.169934990875473,0.0571143930032851,0.0576913449913265,0.00216695757413956
22,cnf/confidential/automotive04/04latest.dimacs,531,75.0586315879412,77.2458055168391,4.48003942970521,7.5143483352568,7.51342474040576,0.098257440823477,8.15152968088165,8.0449594623642,0.823801037419501,0.327631024047732,0.327006463892758,0.005578226535438,3.22423421747983,3.23309010826052,0.38807428358985,4.11115094014443,4.12039693305269,0.390517846082774,0.0573133179545403,0.0547776841558517,0.0098762923011708,0.158928952664137,0.156609749421477,0.0106397013471843,0.850773811731487,0.849102156236769,0.010263372979056,3.20749486796558,3.21732995845377,0.387201987422469,0.155698869079351,0.152077398262918,0.0114087861135328
23,cnf/Smarch/toybox.dimacs,544,17.6226339947525,18.1614433280193,0.946571180814341,3.10162404743023,3.11254213214852,0.034293911463825,4.59697220620699,4.59658022446092,0.255499475195506,0.046353041604161,0.045787053182721,0.003158114979799,3.02723641784862,3.02330920170061,0.0220047515724763,3.14114452901296,3.14255510899238,0.025418698274391,0.0501903639361264,0.0454827910289174,0.023538016999023,0.0475225435569884,0.0470671085640785,0.00282075238117682,0.074899454936385,0.074469418032095,0.005792469587576,3.02755182446912,3.02328472840599,0.0220270092704974,0.0485245683416725,0.0489415396004919,0.00288308361661125
24,cnf/confidential/automotive07/automotive07.dimacs,581,112.108931617653,113.317278864328,3.52970821158949,23.114315208327,23.1015430113766,0.058237603515251,20.1241897099977,20.0460820035078,0.259626181554306,0.724271914511919,0.719061592593789,0.0167583966774,4.18377044745721,4.13445812580176,0.222208313850048,7.73231107993051,7.68733376543969,0.229531489352465,0.304089223910123,0.303935093339532,0.0106927873817321,0.229924400113523,0.226713866926729,0.0120649912311378,2.94739644443616,2.94695354462601,0.032153588219678,4.12581194096245,4.06791147519835,0.223960923303174,0.191181797944009,0.187260823324322,0.0112435782200527
25,cnf/confidential/automotive03/03latest.dimacs,588,88.4805116713885,89.2836929173209,3.12526130411297,9.63315096823499,9.61347691831179,0.077781805701982,12.1964114261651,12.4100386190694,0.431730653512046,0.349437101185322,0.346673178486526,0.010601583234994,4.9323479537759,4.8906036245171,0.347667326256218,6.3949317621626,6.35111251473427,0.346800799238915,0.100618477594107,0.0959901076275858,0.0143738812642969,0.131860719658435,0.127580053173006,0.0124421905369028,0.940543779991567,0.93562427535653,0.013638440788806,4.92127481126227,4.87989255064167,0.348310759911401,0.115147360526025,0.10997754894197,0.012958003837738
26,cnf/Smarch/axTLS.dimacs,684,32.4468944776477,33.2143664711621,1.85940814432992,5.19404291812331,5.2064079772681,0.075929108886782,7.38838300545234,7.37369966565166,0.078525664438389,0.109283878654242,0.10874448530376,0.002536344401536,4.39388235755265,4.38237115414814,0.267466299327616,4.74251907103695,4.72980684298091,0.26805296210696,0.0855254669301214,0.048829614417628,0.184596525671283,0.0620334660634399,0.0608407622203235,0.00801333269048001,0.257670080764219,0.256195631809533,0.010903679141039,4.3920602299273,4.38228494045324,0.267655885941188,0.0618262029066682,0.060612304136157,0.00712097139016643
27,cnf/financial_services/financialServices_2018-05-09.dimacs,771,196.88725947313,197.469057014212,1.98857112869488,18.3910816343315,18.3736459675711,0.104823447779549,18.5781206958322,18.3840492857853,0.494159306292261,0.873178877457976,0.865790665149689,0.020099547145065,10.839991753092,10.8694908649195,0.411215796234073,16.8471073502209,16.887821050128,0.464608441984035,0.981207849448547,0.98118598992005,0.0157287646458457,0.460988363586366,0.457485953345895,0.0145075407190483,4.09128185149282,4.10476026451215,0.036623955414476,10.8813007280882,10.9138257924933,0.414719270105319,0.482979753576219,0.476793487556278,0.0220582265927896
28,cnf/KConfig/busybox-1.18.0.dimacs,854,93.0110364057915,93.894338587299,3.38764650679966,7.3933909926191,7.37131391582079,0.102227091775164,7.3747824587056,7.34913087647874,0.144064322039536,0.221029675379395,0.217027680017054,0.012330799365793,2.24629359979183,2.2457846775651,0.154575106248813,3.64255543584004,3.63145229243673,0.15609622177357,0.0585954713262618,0.0586531714070586,0.00411129342726882,0.0663016868010164,0.066536920145154,0.00323693992717065,1.39610047273338,1.39412650000304,0.031234899936574,2.23968045521528,2.23783045634628,0.154228850575724,0.0621331745013596,0.0618064226582646,0.00233546314443222
29,cnf/Smarch/busybox_1_28_0.dimacs,998,184.691209671665,184.717606887222,0.366182795763087,256.109013373153,256.124272299232,2.13087489881264,255.622680163453,254.974215720082,5.70358426661369,0.727631979361177,0.723716085776687,0.010243169324237,2.03254938017577,2.06110546225682,0.133955388089588,8.1428888767492,8.1469290656969,0.132527919502973,14.8061929219216,14.7883618480992,0.174015146263574,0.124760603196919,0.124398835003376,0.00506561396710098,13.7700368913449,13.5102477082982,0.430874741733627,1.97686914984137,1.99373977421783,0.132301462825024,0.10049887213856,0.0987971043214201,0.00611252009475713
30,cnf/CDL/am31_sim.dimacs,1178,437.183800396877,436.90657151991,1.98131771895558,845.307646353673,845.267063050065,1.17726244187469,584.270848785528,583.948609946994,2.86408465041697,20.123362974003,20.1432991120964,0.080372813468881,26.2894863231294,20.389948775759,14.8285390710975,358.722084906828,358.676078563323,3.9904291332061,24.6965277669672,25.2359263228718,1.08026340875641,5.50833344466984,5.44670491479337,0.590694083598083,329.338102884991,332.63351018005,16.1284885442958,5.62436520477757,5.56599350902252,0.845599921182957,2.94361901633442,2.93668433371931,0.0341410475462805
31,cnf/KConfig/embtoolkit.dimacs,1179,157.231247687261,159.124691640493,6.25975512908912,27.0967069983296,27.0810867047403,0.276626344841781,29.1398414238042,29.1616587425815,0.220654156011187,0.611147665046155,0.609650855883956,0.006233522734291,8.89185610243119,8.81795535585843,0.536630444035389,11.6999892333709,11.6325910768937,0.521747492611406,0.155183301605284,0.151050502201543,0.0101572959568291,0.125593148581684,0.130045271478594,0.0115003376170919,3.50715845498256,3.49730859906413,0.047117164812335,8.87892900639214,8.81604872317985,0.528323529801082,0.13305816102773,0.136640896089375,0.0108072819974234
32,cnf/Smarch/ref4955.dimacs,1218,595.902567748809,595.525944425492,3.23237586288611,1800,1800,0,1800,1800,0,153.736866043471,153.470453156158,2.77277813872268,28.5388114258274,27.1561133551877,8.29829151825983,352.796268788669,351.31754765613,5.87305252835733,176.147364969291,173.198655156419,11.9723284029821,53.957063774541,53.9681440489367,0.84994467479336,1135.25821897971,1132.72713477001,18.4217078940211,6.21886420261115,6.10327262477949,1.50704383612695,22.2799272911996,22.2636557333171,0.0978777536924229
33,cnf/Smarch/ecos-icse11.dimacs,1244,722.537114860974,723.197229358251,3.72017547452822,1800,1800,0,1800,1800,0,76.272486808002,75.878315682523,0.881929875076391,42.3775014835782,40.6229129582644,11.1646576125956,527.165629693493,526.880344327306,7.20171615282816,608.447924836874,610.193117987831,6.45970072513914,25.4484886233881,25.4573488244786,0.136590259274592,727.210788091542,731.458351437468,14.9995106407716,7.57495995694771,7.2392879028339,1.16549626131807,11.1530750815943,11.1551449783147,0.0387155420362494
34,cnf/Smarch/pati.dimacs,1248,723.162070953595,723.385736449389,4.37603540153679,1800,1800,0,1800,1800,0,57.0118499785289,57.0163828916848,0.209326554022115,33.1498435695749,33.1153205847368,8.84037131356119,433.954967963444,433.216307844269,3.58754149530015,191.899939427432,190.38999246154,13.0211290617817,24.1035431853682,24.1040175314992,0.0828483882790582,1383.85393779713,1378.44874247094,16.2388114346872,7.27962051886134,6.64089753688313,2.60946029844856,8.77531616225839,8.77022631000727,0.0254287371144363
35,cnf/CDL/p2106.dimacs,1262,569.588824637989,569.896881152993,2.51819761772567,1674.02282076906,1673.55735153729,4.66359072227266,1208.67740777444,1208.5676785358,1.7888011537353,54.9108158500493,54.8641094891354,0.278746931158898,28.6045504512824,25.482088461984,12.4693895863171,212.436602583379,213.293479955522,3.08589265307293,41.945787427621,41.9674967564642,0.419832527294851,16.5984105619788,16.5830243350938,0.0765773454492727,782.075624944242,778.169974419288,14.6459101825433,6.09966334039345,5.92859953944572,0.899362668166817,7.95129045970738,7.95185033511371,0.0295581067731349
36,cnf/Smarch/integrator_arm9.dimacs,1267,1800,1800,0,1800,1800,0,1800,1800,0,40.6004135511443,40.503538383171,0.478791085613808,62.8321871221717,49.2978708175942,63.1760776558036,225.537335754838,224.938681361033,4.40586009480156,310.928305574497,307.34744396829,9.34118517887213,12.5300198201835,12.5084806140513,0.307064143606061,1800,1800,0,11.3621855042037,10.3149965540506,4.1497379896099,5.92778532296419,5.91296975687146,0.0519748068095681
37,cnf/Smarch/olpce2294.dimacs,1274,823.193919952121,823.506326096715,4.52622510651755,1800,1800,0,1800,1800,0,79.8992353379354,78.5362614691258,8.89184115608141,40.0129849045724,32.7469613116701,15.8193506212009,317.083277386893,315.006671116222,6.05469232082312,325.609733633921,325.500897071557,9.715514024499,30.0051443804428,29.9780855868011,0.163513855940222,1800,1800,0,6.98060061521828,6.68457023310475,1.55517774043445,10.6258063633367,10.6082255123183,0.0567611161502135
38,cnf/Smarch/adderII.dimacs,1276,796.016971425661,797.2207743373,4.56311639586381,1800,1800,0,1800,1800,0,107.051346006319,107.087233874947,0.596127827816069,33.5419425440766,30.2755957962945,14.8513709384651,245.561699705282,246.974511552369,5.60690066816124,264.039601838552,262.86356077157,5.96416134165517,35.6159638013691,35.7317137336358,0.366553327983211,1800,1800,0,6.13087079616263,5.79594494611956,1.46464113106501,15.2342946549505,15.1977323582396,0.158774192632042
39,cnf/Smarch/at91sam7sek.dimacs,1296,704.757217209884,704.54851453728,4.26347844783164,1800,1800,0,1800,1800,0,53.0998695426434,53.0240939734504,0.305070159486372,26.3679317596555,24.6432278084103,8.32562976410811,295.414595100023,296.480605249526,5.26388529278531,289.699798914129,288.908357358538,3.39939522493984,16.9326427786052,16.9374838108197,0.0492633435179143,649.405050662849,651.11770300055,10.227728775084,6.21642987914384,6.0274457554333,1.22355775197274,7.14107994489372,7.13388326950371,0.0488411631921821
40,cnf/Smarch/se77x9.dimacs,1319,1800,1800,0,1800,1800,0,1800,1800,0,94.2225242533907,94.2296231016517,0.422529657119021,45.1945048070792,39.5132963513024,15.8374216725746,590.128220727639,589.352405824466,4.2481227398496,295.756836489774,294.673871600768,7.6849768151549,30.3544936771318,30.1523122275248,0.367475825662743,1800,1800,0,10.4456894496922,9.81322806165554,2.00162556553714,12.8299127513543,12.8219162058085,0.0347124281692011
41,cnf/Smarch/m5272c3.dimacs,1323,765.496393501205,765.645566945896,4.0631567070221,1800,1800,0,1800,1800,0,99.3645830747485,99.3045666152611,0.607085344422459,41.1916183341574,40.881185777951,14.0328247581157,620.666565613188,621.493598988745,8.98769541043906,262.944330657935,261.460861303611,7.94074993938109,29.4175504400209,29.2494369111956,0.373229309654128,1364.41389163959,1358.025543103,15.4907872508218,7.30660392264836,7.17821160401217,1.35104215274155,13.4640902487561,13.4552267389372,0.040142433366051
42,cnf/Smarch/phycore229x.dimacs,1360,900.985520555088,901.03544311272,6.75638961723551,1800,1800,0,1800,1800,0,163.176983276494,163.174035214819,0.438706352539606,38.7155896870885,35.1911028248724,15.9161794876902,556.032577652251,555.340722530847,3.75052721511374,322.697350808531,322.317024692428,12.5555346534615,50.1002114264667,50.0577119449154,0.161826702252736,1800,1800,0,7.76082603142597,7.50950393453241,1.84137941016184,21.5972068891674,21.5926684234291,0.0723739336007546
43,cnf/Smarch/freebsd-icse11.dimacs,1396,1800,1800,0,1800,1800,0,1800,1800,0,86.1932901966572,85.47541742865,1.25262114271233,1800,1800,0,1800,1800,0,791.335193147277,788.959276473848,12.3741363245702,53.7293006107584,53.4195401268079,0.511237332133586,617.069161266908,618.024403329008,33.4224100583409,1800,1800,0,26.5345442300662,26.5307918535545,0.0601229655608156
44,cnf/CDL/ea2468.dimacs,1408,973.83901002449,974.256119806319,4.47612818422091,1800,1800,0,1800,1800,0,179.91701992251,178.789448503405,7.6049099093879,39.5618787191994,34.0860528503545,20.7378170087707,360.747046148097,360.467890389496,3.55714437390168,89.3930861687288,89.4980867600534,0.80122889715189,52.639744910039,52.6660088384524,0.176172116679004,1109.42802493365,1106.62775319908,23.0490980919683,7.68256435284391,7.1339271122124,1.74832824640539,25.0013448129222,24.9996956484392,0.0749515268925625
45,cnf/KConfig/uClinux-distribution.dimacs,1580,375.816948415586,376.026793265366,2.68617242961006,17.2077759876568,17.0036187081133,0.445763629435166,17.7050557972968,17.7387142956723,0.215430442757956,0.481048013307154,0.479711182415485,0.006974010731768,5.29112919627689,5.30143518932164,0.0432544917066378,9.06985712366179,9.05479067168199,0.086944210791392,0.0989421916659922,0.0944820754230022,0.0104390160055964,0.096836743913591,0.0970104960724716,0.00330953142307729,2.92141767023131,2.91889076493681,0.047659502281656,5.29384371533059,5.30319384858013,0.0428132939989059,0.105448263175786,0.107179082930088,0.00565755630591105
46,cnf/Smarch/fiasco.dimacs,1638,76.9998447918566,76.5355447467882,1.89958318123242,19.6408583847154,19.6511279982515,0.194563522630325,38.5332363074156,38.5282192829181,1.80257222987587,0.248247191235423,0.245114909484982,0.009730065359432,8.19619520917535,8.2139310745988,0.794157545183339,9.79209165429696,9.79945712443442,0.794410891970106,0.129912207294256,0.131743986159564,0.00848929134982911,0.114804845824838,0.108801615424454,0.0137498697708762,0.996042167479172,1.0030148930382,0.017720919716613,8.21042622506618,8.22726833843626,0.794308806853612,0.123496049642563,0.117481783032417,0.0138604614093825
47,cnf/confidential/automotive05/05latest.dimacs,1663,1800,1800,0,1800,1800,0,1800,1800,0,1800,1800,0,1800,1800,0,1800,1800,0,1800,1800,0,1800,1800,0,1800,1800,0,1800,1800,0,1800,1800,0
48,cnf/Smarch/uClinux.dimacs,1850,63.4502252997365,64.6230779914185,3.48341691080663,14.2390779161919,14.2533849400934,0.196023161416972,21.0735461781453,21.1113173996564,0.38847605787688,0.189763757884502,0.187711336649954,0.007282267597566,6.03370081380941,6.03947776020505,0.0275349544847925,7.38830035318621,7.40107122506015,0.05584875485381,0.0962527154386044,0.095749996369705,0.0110574235452171,0.0551031432673335,0.0549505641683936,0.0038664841956042,0.583225275194273,0.580962866311893,0.012489678023408,6.05428403281607,6.05685210088268,0.0270131569507165,0.0776955612376333,0.0753303794190292,0.00660203135675383
49,cnf/automotive01/automotive01.dimacs,2513,761.351755843563,760.980424511247,6.06715683272019,630.610488079013,633.261476270389,7.2400425349468,450.073209565836,449.276315664523,3.43315830818132,8.04518646329641,7.92846672330052,0.414753987312398,21.401382852504,21.5715481454972,1.97771479007548,43.317462825859,43.4117319588549,2.00913982338113,3.38675280887634,3.38865385111422,0.04206793011458,0.807822042405605,0.80605192296207,0.016287824572512,54.9942099997122,54.9656417446677,1.00815980355638,21.3200513189379,21.4932046611793,1.98575171582986,0.787078763991594,0.784194056876003,0.0170399758363132
50,cnf/confidential/automotive03/automotive03_sw.dimacs,4902,1185.76300532465,1185.78758661403,1.13196115808804,138.449119103299,138.747046538163,2.07956292303957,139.406369530456,141.303179496085,3.14477973236203,2.07945712026209,2.07362030632794,0.014053752438209,5.57699923356995,5.59520053234883,0.673127210854805,13.5193717499264,13.563240471296,0.638097577623827,0.405780748929828,0.401613559573889,0.0161631947030791,0.153680396750569,0.154322363436222,0.00266863403763724,5.89724608140998,5.89213046501391,0.040210637760149,5.71705565756187,5.73359467764386,0.670678612612884,0.268421593084931,0.265010312199592,0.0130470370921315
51,cnf/confidential/automotive06/automotive06_sw.dimacs,5571,1707.25370098226,1707.53772282205,3.53355132142271,174.421874646069,174.497325688135,0.431896485372809,169.351500941166,169.14292907645,1.93234913187781,1.53029334560037,1.52542454656214,0.013167384343811,6.61449259948917,6.68333763862029,0.652484207845734,13.0024277417269,13.0745327856857,0.635170389919621,0.451462624734268,0.453889193246142,0.0205779052490721,0.122802303656936,0.123006250709295,0.0036068700355666,4.31287382092327,4.30855531012639,0.032928403696546,6.7976300359983,6.86995416367427,0.65409767106687,0.279879959896207,0.281456783413887,0.00696346666227687
52,cnf/KConfig/linux-2.6.33.3.dimacs,6467,1800,1800,0,1800,1800,0,1800,1800,0,1800,1800,0,1800,1800,0,1800,1800,0,1800,1800,0,1800,1800,0,1800,1800,0,1800,1800,0,1800,1800,0
53,cnf/Smarch/busybox-1.18.0.dimacs,6796,604.560335353017,610.266749905772,11.2752740048851,268.184113744041,268.412949705962,2.49792036757654,370.909792838127,370.121025047615,3.44949527417675,3.34123355988413,3.33663192857057,0.017872143474894,38.9925859693717,38.3151524597779,3.10983121373287,69.4198547574598,68.9629416177049,3.08842216193388,0.68429922927171,0.68112241057679,0.011989264730763,0.372222985252738,0.36621762625873,0.0137088250957694,12.6717145089246,12.6614149287343,0.235686842112545,39.2301988743525,38.4981288001872,3.1186981205368,0.667051827609539,0.669649639166892,0.025271947492277
54,cnf/Smarch/2.6.28.6-icse11.dimacs,6888,1800,1800,0,1800,1800,0,1800,1800,0,1800,1800,0,1800,1800,0,1800,1800,0,1800,1800,0,1800,1800,0,1800,1800,0,1800,1800,0,1800,1800,0
55,cnf/confidential/automotive07/automotive07_sw.dimacs,8649,1800,1800,0,1800,1800,0,1800,1800,0,81.0027054582909,80.944686293602,0.235387223247407,340.899681853606,260.96305839764,256.94811894503,1008.93004658368,929.275304392679,259.22511180449,16.2092428064905,16.2889687544666,0.401432195250626,5.37026908252388,5.35233738832176,0.0822711932374011,594.256713411193,594.845552104525,6.02085022663791,339.627655247031,259.799094673712,256.953764237662,3.82713963996619,3.82209470029921,0.0424761590830137
56,cnf/Smarch/uClinux-config.dimacs,11254,1800,1800,0,1207.97306883884,1208.61437289557,4.78692635952568,1796.1001683506,1800,6.82303288877841,9.39245013032109,9.38912221696228,0.037823498668372,59.9600506637432,60.2160589294508,5.31411205143208,326.957883612635,327.19396518683,8.48935273097445,1.89180170200765,1.8864394845441,0.0253589513752133,0.906108612939715,0.903431022539735,0.0156227252764411,37.7941589003988,37.7043890987988,0.485858309510071,60.8202398026921,60.917543156771,5.38135912706091,1.87851932913065,1.84778248053044,0.0714057977049134
57,cnf/Smarch/buildroot.dimacs,14910,1800,1800,0,1800,1800,0,1800,1800,0,1800,1800,0,1800,1800,0,1800,1800,0,1800,1800,0,1800,1800,0,1800,1800,0,1800,1800,0,1800,1800,0
58,cnf/automotive02/automotive2_4.dimacs,18616,1800,1800,0,1800,1800,0,1800,1800,0,581.233910129517,579.288307496347,4.83866134431997,1635.22282684444,1800,424.228735284577,1616.62366625679,1800,437.509423674651,8.36881425619126,8.33936279430055,0.195628441355127,111.516588011757,106.42673625797,13.2983014927336,1800,1800,0,1774.55383781886,1800,179.931538334587,114.363128738552,109.270167136565,13.294786446833
59,cnf/Smarch/embtoolkit.dimacs,23516,1800,1800,0,1800,1800,0,1800,1800,0,382.206897438988,381.44848420471,1.77378830786329,1653.55326823069,1800,306.212212270295,1525.04148586699,1800,428.824270706189,96.583188859392,96.3576447339728,2.53420667206539,30.254196087718,30.2408443363383,0.102760740646072,1800,1800,0,1507.62512963085,1800,446.386710548306,42.9902698103339,42.9612779216841,0.155797200216846
60,cnf/Smarch/freetz.dimacs,31012,1800,1800,0,1800,1800,0,1800,1800,0,1800,1800,0,1800,1800,0,1800,1800,0,1800,1800,0,1800,1800,0,1800,1800,0,1800,1800,0,1800,1800,0
61,cnf/Smarch/2.6.32-2var.dimacs,60072,1800,1800,0,1800,1800,0,1800,1800,0,1800,1800,0,1800,1800,0,1800,1800,0,1800,1800,0,1800,1800,0,1800,1800,0,1800,1800,0,1800,1800,0
62,cnf/Smarch/2.6.33.3-2var.dimacs,62482,1800,1800,0,1800,1800,0,1800,1800,0,1800,1800,0,1800,1800,0,1800,1800,0,1800,1800,0,1800,1800,0,1800,1800,0,1800,1800,0,1800,1800,0
