Index,Model,Features,Countantom-avg,Ganak-avg,Sharpsat-avg,Ddknnifec2d-avg,Queryc2d-avg,Ddknnifedsharp-avg,Queryd4-avg,,,,,,,,,,,,
1,cnf/Smarch/LLVM.dimacs,11,0.743679059902206,0.064572123028338,0.070314051883761,0.030494623398408,0.013434751508758,0.028390966802836,0.019971947772429,,Queryc2d-avg,,0.013434751508758,0.064572123028338,30,4.8063503806709,,0.028390966802836,0.013434751508758,0.473205143102629,
2,cnf/Smarch/X264.dimacs,16,1.16735722219106,0.099416173435748,0.107437972235493,0.039316455470398,0.03990639552474,0.025808663489297,0.021314061777666,,Queryd4-avg,,0.021314061777666,0.099416173435748,14,4.66434668683946,,0.025808663489297,0.021314061777666,0.825849110183682,
3,cnf/Smarch/Dune.dimacs,17,1.19916424320545,0.105388070950285,0.109758336339146,0.057799629950896,0.058893398446962,0.029605981279165,0.021764119304717,,Queryd4-avg,,0.021764119304717,0.105388070950285,,4.84228511499861,,0.029605981279165,0.021764119304717,0.735125753796019,
4,cnf/Smarch/BerkeleyDBC.dimacs,18,1.26362628764473,0.110459556030109,0.117783927805722,0.072202396448702,0.072790873004124,0.025781268449501,0.021230682097376,,Queryd4-avg,,0.021230682097376,0.110459556030109,,5.20282652829893,,0.025781268449501,0.021230682097376,0.823492534471744,10.1651645488049
5,cnf/Smarch/lrzip.dimacs,20,1.54833337691147,0.125402507055551,0.132534406858031,0.065059674419463,0.066123440396041,0.104014479359612,0.022752724690363,,Queryd4-avg,,0.022752724690363,0.125402507055551,,5.51153801411159,,0.065059674419463,0.022752724690363,0.349720850794119,
6,cnf/Smarch/HiPAcc.dimacs,31,2.27097690287512,0.199582435693592,0.226942615732551,0.237391005596146,0.241261712787673,0.029633853640408,0.028057548655197,,Queryd4-avg,,0.028057548655197,0.199582435693592,,7.1133240521575,,0.029633853640408,0.028057548655197,0.946807289921228,
7,cnf/Smarch/JavaGC.dimacs,39,2.8718986068666,0.249821966318414,0.281545160128735,0.292380114793777,0.294689105348662,0.031523984717205,0.026780254244805,,Queryd4-avg,,0.026780254244805,0.249821966318414,,9.3285882962398,,0.031523984717205,0.026780254244805,0.849519960279292,
8,cnf/Smarch/Polly.dimacs,40,2.93235491697676,0.256684632832184,0.29179212995572,0.290145542621613,0.292777555435896,0.029591233329848,0.027347739310935,,Queryd4-avg,,0.027347739310935,0.256684632832184,,9.38595435307329,44,0.029591233329848,0.027347739310935,0.924183828571618,
9,cnf/Smarch/VP9.dimacs,42,3.12874307378195,0.269844058575109,0.309737615378108,0.321048717973754,0.323746223645285,0.029247779417783,0.027322936020792,,Queryd4-avg,,0.027322936020792,0.269844058575109,,9.87610037112282,,0.029247779417783,0.027322936020792,0.934188391894782,
10,cnf/Smarch/7z.dimacs,44,3.34943753656,0.283301544254646,0.321022476060316,0.237835326651111,0.241577170742676,0.285837977435441,0.029158911406994,,Queryd4-avg,,0.029158911406994,0.283301544254646,,9.71577917640279,,0.237835326651111,0.029158911406994,0.12260126288879,
11,cnf/Smarch/JHipster.dimacs,45,3.544133218606,0.29080341687426,0.332464666254819,0.292375271497294,0.296920720506459,0.028882894711569,0.029487787587568,,Ddknnifedsharp-avg,,0.028882894711569,0.29080341687426,,10.0683612144242,,0.028882894711569,0.029487787587568,1.02094294502125,
12,cnf/featureide_examples/berkeleydb.dimacs,76,5.79224663236179,0.519933268064633,0.559364080987871,0.414351934315637,0.432593988189474,0.024961252612993,0.045952577739954,,Ddknnifedsharp-avg,,0.024961252612993,0.519933268064633,,20.8296144478741,,0.024961252612993,0.045952577739954,1.84095639960129,
13,cnf/Smarch/axtls_2_1_4.dimacs,94,7.25777420178056,0.668055136315525,0.722026606297586,0.535040669869631,0.558466077605262,0.0348417492304,0.048968066060916,,Ddknnifedsharp-avg,,0.0348417492304,0.668055136315525,,19.1739838289358,,0.0348417492304,0.048968066060916,1.40544223934057,
14,cnf/KConfig/axTLS.dimacs,96,6.45486854046583,0.596072451872751,0.633840403829236,0.46455323711969,0.477948944997042,0.023579134903848,0.03523034141399,,Ddknnifedsharp-avg,,0.023579134903848,0.596072451872751,,25.2796573879169,,0.023579134903848,0.03523034141399,1.49413206030051,
15,cnf/Smarch/fiasco_17_10.dimacs,234,20.5770392593555,1.87906578031369,2.04751527180895,1.2117212577071,1.36667922779918,0.050131774386391,0.153772654104978,,Ddknnifedsharp-avg,,0.050131774386391,1.87906578031369,,37.4825308561947,,0.050131774386391,0.153772654104978,3.06736906856267,
16,cnf/Smarch/uClibc-ng_1_0_29.dimacs,269,30.7874320318457,2.6122414701432,2.65903696456924,0.872780046314001,1.08295782371424,0.065693327011541,0.398981604091823,,Ddknnifedsharp-avg,,0.065693327011541,2.6122414701432,,39.7641828931009,,0.065693327011541,0.398981604091823,6.07339622214186,
17,cnf/KConfig/uClibc.dimacs,313,29.2855381514644,2.63367754707113,2.69142092530616,1.57844376659952,1.97005041987635,0.072465244140476,0.266128440657631,,Ddknnifedsharp-avg,,0.072465244140476,2.63367754707113,,36.3440098534087,61.3226027100116,0.072465244140476,0.266128440657631,3.67249767546126,
18,cnf/Smarch/toybox_0_7_5.dimacs,316,22.7579418632109,2.27567298840731,2.55043818773236,0.273926596296951,0.373085753694177,0.041607665270567,0.088570432914421,,Ddknnifedsharp-avg,,0.041607665270567,2.27567298840731,,54.6935996915238,,0.041607665270567,0.088570432914421,2.12870470713662,
19,cnf/KConfig/uClinux-base.dimacs,380,46.1530681393808,5.13125019803643,5.29182686480694,2.02714560752735,2.45382263819687,0.076302644032985,0.447215088726953,,Ddknnifedsharp-avg,,0.076302644032985,5.13125019803643,,67.248655181834,,0.076302644032985,0.447215088726953,5.86106935604519,
20,cnf/confidential/automotive03/automotive03.dimacs,384,31.5661512862146,3.42575729575008,3.63861085485201,2.2071545509249,2.33340227083303,0.049092574249953,0.18881524217315,,Ddknnifedsharp-avg,,0.049092574249953,3.42575729575008,,69.7815779288323,,0.049092574249953,0.18881524217315,3.84610595508405,
21,cnf/confidential/automotive06/automotive06.dimacs,449,48.3583539605513,4.7632947873231,4.92686092891265,2.61742178626359,2.81650470850058,0.079221768798307,0.383564682845026,,Ddknnifedsharp-avg,,0.079221768798307,4.7632947873231,,60.1260847816982,,0.079221768798307,0.383564682845026,4.8416576486894,
22,cnf/confidential/automotive04/04latest.dimacs,531,75.0586315879412,7.5143483352568,8.15152968088165,3.22558761897497,4.11115094014443,0.07192205907777,0.850773811731487,,Ddknnifedsharp-avg,,0.07192205907777,7.5143483352568,,104.479049009588,,0.07192205907777,0.850773811731487,11.8291081017513,
23,cnf/Smarch/toybox.dimacs,544,17.6226339947525,3.10162404743023,4.59697220620699,3.02695815336891,3.14114452901296,0.061283265920356,0.074899454936385,,Ddknnifedsharp-avg,,0.061283265920356,3.10162404743023,,50.6112721123759,,0.061283265920356,0.074899454936385,1.22218445462297,
24,cnf/confidential/automotive07/automotive07.dimacs,581,112.108931617653,23.114315208327,20.1241897099977,4.25631334588863,7.73231107993051,0.345418229727075,2.94739644443616,,Ddknnifedsharp-avg,,0.345418229727075,20.1241897099977,,58.2603579605466,,0.345418229727075,2.94739644443616,8.53283408569659,
25,cnf/confidential/automotive03/03latest.dimacs,588,88.4805116713885,9.63315096823499,12.1964114261651,4.95213858858682,6.3949317621626,0.120183608373627,0.940543779991567,,Ddknnifedsharp-avg,,0.120183608373627,9.63315096823499,,80.153617440803,,0.120183608373627,0.940543779991567,7.82589067443875,
26,cnf/Smarch/axTLS.dimacs,684,32.4468944776477,5.19404291812331,7.38838300545234,4.39458229703829,4.74251907103695,0.101736035682261,0.257670080764219,,Ddknnifedsharp-avg,,0.101736035682261,5.19404291812331,,51.0541115868245,,0.101736035682261,0.257670080764219,2.53273168190833,
27,cnf/financial_services/financialServices_2018-05-09.dimacs,771,196.88725947313,18.3910816343315,18.5781206958322,10.892181189945,16.8471073502209,1.19398745778017,4.09128185149282,,Ddknnifedsharp-avg,,1.19398745778017,18.3910816343315,,15.4030777413054,,1.19398745778017,4.09128185149282,3.42657020794776,
28,cnf/KConfig/busybox-1.18.0.dimacs,854,93.0110364057915,7.3933909926191,7.3747824587056,2.25311833684333,3.64255543584004,0.077711019925773,1.39610047273338,,Ddknnifedsharp-avg,,0.077711019925773,7.3747824587056,,94.900085801856,,0.077711019925773,1.39610047273338,17.965283097132,
29,cnf/Smarch/busybox_1_28_0.dimacs,998,184.691209671665,256.109013373153,255.622680163453,2.04532673449256,8.1428888767492,15.4982176709175,13.7700368913449,,Ddknnifec2d-avg,,2.04532673449256,184.691209671665,,90.2991226570392,,2.04532673449256,8.1428888767492,3.98121666305282,
30,cnf/CDL/am31_sim.dimacs,1178,437.183800396877,845.307646353673,584.270848785528,24.9882989578601,358.722084906828,25.6062139962986,329.338102884991,,Ddknnifec2d-avg,,24.9882989578601,437.183800396877,,17.4955406582152,,24.9882989578601,329.338102884991,13.1796927610151,
31,cnf/KConfig/embtoolkit.dimacs,1179,157.231247687261,27.0967069983296,29.1398414238042,8.88519231730141,11.6999892333709,0.191957844002172,3.50715845498256,,Ddknnifedsharp-avg,,0.191957844002172,27.0967069983296,,141.159675652655,,0.191957844002172,3.50715845498256,18.2704617944286,
32,cnf/Smarch/ref4955.dimacs,1218,595.902567748809,1800,1800,30.9423367726244,352.796268788669,178.548204337722,1135.25821897971,,Ddknnifec2d-avg,,30.9423367726244,595.902567748809,,19.2584862652009,,30.9423367726244,352.796268788669,11.4017332104277,
33,cnf/Smarch/ecos-icse11.dimacs,1244,722.537114860974,1800,1800,38.9787172669731,527.165629693493,608.555984382043,727.210788091542,,Ddknnifec2d-avg,,38.9787172669731,722.537114860974,,18.5367083763217,,38.9787172669731,527.165629693493,13.524447869406,
34,cnf/Smarch/pati.dimacs,1248,723.162070953595,1800,1800,35.38254594367,433.954967963444,193.829783970742,1383.85393779713,,Ddknnifec2d-avg,,35.38254594367,723.162070953595,,20.4383842842991,,35.38254594367,433.954967963444,12.2646620357481,
35,cnf/CDL/p2106.dimacs,1262,569.588824637989,1674.02282076906,1208.67740777444,14.8436231643613,212.436602583379,42.7797528625,782.075624944242,,Ddknnifec2d-avg,,14.8436231643613,569.588824637989,,38.3726276483183,,14.8436231643613,212.436602583379,14.3116407787438,
36,cnf/Smarch/integrator_arm9.dimacs,1267,1800,1800,1800,19.8132457979955,225.537335754838,314.080794667685,1800,,Ddknnifec2d-avg,,19.8132457979955,1800,,90.8483152307183,,19.8132457979955,225.537335754838,11.3831594305288,
37,cnf/Smarch/olpce2294.dimacs,1274,823.193919952121,1800,1800,20.2278973239195,317.083277386893,327.829684438398,1800,,Ddknnifec2d-avg,,20.2278973239195,823.193919952121,,40.695970854998,,20.2278973239195,317.083277386893,15.6755431525719,
38,cnf/Smarch/adderII.dimacs,1276,796.016971425661,1800,1800,15.4770295019913,245.561699705282,269.472545944313,1800,,Ddknnifec2d-avg,,15.4770295019913,796.016971425661,,51.4321544275175,,15.4770295019913,245.561699705282,15.8662035033071,
39,cnf/Smarch/at91sam7sek.dimacs,1296,704.757217209884,1800,1800,26.4879006774537,295.414595100023,289.110011408161,649.405050662849,,Ddknnifec2d-avg,,26.4879006774537,704.757217209884,,26.6067600370371,,26.4879006774537,295.414595100023,11.1528127010638,
40,cnf/Smarch/se77x9.dimacs,1319,1800,1800,1800,38.6325661516003,590.128220727639,294.521597062452,1800,,Ddknnifec2d-avg,,38.6325661516003,1800,,46.5928148012875,,38.6325661516003,590.128220727639,15.2754082763201,
41,cnf/Smarch/m5272c3.dimacs,1323,765.496393501205,1800,1800,36.9989120402001,620.666565613188,275.449376453357,1364.41389163959,,Ddknnifec2d-avg,,36.9989120402001,765.496393501205,,20.6897000827883,,36.9989120402001,620.666565613188,16.7752653088507,
42,cnf/Smarch/phycore229x.dimacs,1360,900.985520555088,1800,1800,29.8509031333681,556.032577652251,329.662695612917,1800,,Ddknnifec2d-avg,,29.8509031333681,900.985520555088,,30.1828563286564,,29.8509031333681,556.032577652251,18.6269934670989,
43,cnf/Smarch/freebsd-icse11.dimacs,1396,1800,1800,1800,1800,1800,837.79052180077,617.069161266908,,Queryd4-avg,,617.069161266908,1800,,2.91701500088646,,837.79052180077,617.069161266908,0.736543497699834,
44,cnf/CDL/ea2468.dimacs,1408,973.83901002449,1800,1800,23.9066781290434,360.747046148097,90.8339248334337,1109.42802493365,,Ddknnifec2d-avg,,23.9066781290434,973.83901002449,,40.7350199290719,,23.9066781290434,360.747046148097,15.0898022803862,
45,cnf/KConfig/uClinux-distribution.dimacs,1580,375.816948415586,17.2077759876568,17.7050557972968,5.32923844964243,9.06985712366179,0.144442801978439,2.92141767023131,,Ddknnifedsharp-avg,,0.144442801978439,17.2077759876568,,119.132111479154,,0.144442801978439,2.92141767023131,20.225429237155,
46,cnf/Smarch/fiasco.dimacs,1638,76.9998447918566,19.6408583847154,38.5332363074156,8.19940604439937,9.79209165429696,0.177574919248,0.996042167479172,,Ddknnifedsharp-avg,,0.177574919248,19.6408583847154,,110.60603866746,,0.177574919248,0.996042167479172,5.6091376625553,
47,cnf/confidential/automotive05/05latest.dimacs,1663,1800,1800,1800,1800,1800,1800,1800,,Countantom-avg,,1800,1800,,,,,,,
48,cnf/Smarch/uClinux.dimacs,1850,63.4502252997365,14.2390779161919,21.0735461781453,6.03487811177969,7.38830035318621,0.15063746098429,0.583225275194273,,Ddknnifedsharp-avg,,0.15063746098429,14.2390779161919,,94.5254774154544,,0.15063746098429,0.583225275194273,3.87171472078315,
49,cnf/automotive01/automotive01.dimacs,2513,761.351755843563,630.610488079013,450.073209565836,21.4304500581697,43.317462825859,4.09998175755143,54.9942099997122,,Ddknnifedsharp-avg,,4.09998175755143,450.073209565836,,109.774441980597,,4.09998175755143,43.317462825859,10.5652818445048,
50,cnf/confidential/automotive03/automotive03_sw.dimacs,4902,1185.76300532465,138.449119103299,139.406369530456,5.58967969524674,13.5193717499264,0.655280583482236,5.89724608140998,,Ddknnifedsharp-avg,,0.655280583482236,138.449119103299,,211.28219360257,,0.655280583482236,5.89724608140998,8.99957396886589,
51,cnf/confidential/automotive06/automotive06_sw.dimacs,5571,1707.25370098226,174.421874646069,169.351500941166,6.62608026003465,13.0024277417269,0.759307625228539,4.31287382092327,,Ddknnifedsharp-avg,,0.759307625228539,169.351500941166,,223.034110700777,,0.759307625228539,4.31287382092327,5.68000857310654,
52,cnf/KConfig/linux-2.6.33.3.dimacs,6467,1800,1800,1800,1800,1800,1800,1800,,Countantom-avg,,1800,1800,,,,,,,
53,cnf/Smarch/busybox-1.18.0.dimacs,6796,604.560335353017,268.184113744041,370.909792838127,38.9147800883744,69.4198547574598,1.18725279740058,12.6717145089246,,Ddknnifedsharp-avg,,1.18725279740058,268.184113744041,,225.886276563184,,1.18725279740058,12.6717145089246,10.6731393151219,
54,cnf/Smarch/2.6.28.6-icse11.dimacs,6888,1800,1800,1800,1800,1800,1800,1800,,Countantom-avg,,1800,1800,,,,,,,
55,cnf/confidential/automotive07/automotive07_sw.dimacs,8649,1800,1800,1800,340.622384306621,1008.93004658368,17.7073171568848,594.256713411193,,Ddknnifedsharp-avg,,17.7073171568848,1800,,101.652892081404,,17.7073171568848,594.256713411193,33.5599519761321,
56,cnf/Smarch/uClinux-config.dimacs,11254,1800,1207.97306883884,1796.1001683506,64.3223006001674,326.957883612635,3.4395238009654,37.7941589003988,,Ddknnifedsharp-avg,,3.4395238009654,1207.97306883884,,351.203578966306,,3.4395238009654,37.7941589003988,10.9881951942856,
57,cnf/Smarch/buildroot.dimacs,14910,1800,1800,1800,1800,1800,1800,1800,,Countantom-avg,,1800,1800,,,,,,,
58,cnf/automotive02/automotive2_4.dimacs,18616,1800,1800,1800,1635.19575792007,1616.62366625679,12.2388559334166,1800,,Ddknnifedsharp-avg,,12.2388559334166,1800,,147.072570327863,,12.2388559334166,1616.62366625679,132.089443249578,
59,cnf/Smarch/embtoolkit.dimacs,23516,1800,1800,1800,1794.2814152866,1525.04148586699,111.033097763173,1800,,Ddknnifedsharp-avg,,111.033097763173,1800,,16.211382337898,,111.033097763173,1525.04148586699,13.7350170047477,
60,cnf/Smarch/freetz.dimacs,31012,1800,1800,1800,1800,1800,1800,1800,,Countantom-avg,,1800,1800,,,,,,,
61,cnf/Smarch/2.6.32-2var.dimacs,60072,1800,1800,1800,1800,1800,1800,1800,,Countantom-avg,,1800,1800,,,,1351.20323427867,9552.88262192964,,
62,cnf/Smarch/2.6.33.3-2var.dimacs,62482,1800,1800,1800,1800,1800,1800,1800,,Countantom-avg,,1800,1800,,,,,,,
,,,,,,,,,,,,,,,,,,,,,
,,,,,,,,,,,,,20.5488828862115,216.478848365283,,,,,,,
