Index,Model,Features,Countantom-avg,Ganak-avg,Sharpsat-avg,Ddknnifec2d-avg,Queryc2d-avg,Ddknnifedsharp-avg,Queryd4-avg,,,,,,,,,,,,,
1,cnf/Smarch/LLVM.dimacs,11,12.893961019679,1.33406611608807,1.45407376184128,0.033912483602762,0.017707049036399,0.03311175535433,0.024826199803502,,Queryc2d-avg,,1.33406611608807,0.017707049036399,75.3409624238197,,0.03311175535433,0.017707049036399,0.53476624379817,2.08078729247665,0.522139553204439,
2,cnf/Smarch/X264.dimacs,16,12.9472277741367,1.33667483087629,1.45320059319492,0.044508169405162,0.046180846793577,0.030785479461774,0.02646767818369,,Queryd4-avg,,1.33667483087629,0.02646767818369,50.5021566908721,,0.030785479461774,0.02646767818369,0.859745524397456,,1.03758135665362,
3,cnf/Smarch/Dune.dimacs,17,13.1497803065367,1.33603588114027,1.44095196484122,0.064384556403384,0.067034723814577,0.035394706726074,0.029375992147252,,Queryd4-avg,,1.33603588114027,0.029375992147252,45.4805364340775,,0.035394706726074,0.029375992147252,0.829954387660225,,1.04116153871728,
4,cnf/Smarch/BerkeleyDBC.dimacs,18,12.3686792425485,1.33564381094649,1.44716345354682,0.078226878950372,0.079414530042559,0.030712084202096,0.027228747541085,,Queryd4-avg,,1.33564381094649,0.027228747541085,49.0527083161339,,0.030712084202096,0.027228747541085,0.886580909387671,,1.01518213570735,
5,cnf/Smarch/lrzip.dimacs,20,11.5746382912807,1.34340896277688,1.43794811257161,0.071666960017756,0.07353783451952,0.109113630596548,0.028798324652016,,Queryd4-avg,,1.34340896277688,0.028798324652016,46.6488581891459,,0.071666960017756,0.028798324652016,0.401835443346292,,1.02610511875068,
6,cnf/Smarch/HiPAcc.dimacs,31,17.7824603019701,1.79945513516199,1.93523001373746,0.24677076453343,0.261439030990005,0.038527512690053,0.040895904535428,,Ddknnifedsharp-avg,,1.79945513516199,0.038527512690053,46.7057177980392,,0.038527512690053,0.040895904535428,1.06147274194491,,1.05944085995887,1.5637230216345
7,cnf/Smarch/JavaGC.dimacs,39,17.4186456485745,1.78679686449468,1.93728720656131,0.299751999275759,0.308283840706572,0.038054890753701,0.038623134847731,,Ddknnifedsharp-avg,,1.78679686449468,0.038054890753701,46.9531466023433,,0.038054890753701,0.038623134847731,1.01493222244961,,1.02846300091885,
8,cnf/Smarch/Polly.dimacs,40,17.4020397688216,1.79484838894103,1.97420012006536,0.296742912260815,0.30543022301048,0.035898366812617,0.039868367286399,,Ddknnifedsharp-avg,,1.79484838894103,0.035898366812617,49.998051396316,,0.035898366812617,0.039868367286399,1.11059000245066,,1.02927554590429,
9,cnf/Smarch/VP9.dimacs,42,17.0712393448828,1.79239373967983,1.92052386643598,0.328213462317362,0.337509322278202,0.035711858822033,0.039271109886468,,Ddknnifedsharp-avg,,1.79239373967983,0.035711858822033,50.1904353008358,,0.035711858822033,0.039271109886468,1.09966580239276,,1.02832260412235,
10,cnf/Smarch/7z.dimacs,44,18.2805475057289,1.80200339757372,1.9139338289923,0.246239723172039,0.255531222932041,0.293403101591394,0.040852291472256,,Queryd4-avg,,1.80200339757372,0.040852291472256,44.1102159176925,,0.246239723172039,0.040852291472256,0.165904554090625,,1.03773355346696,
11,cnf/Smarch/JHipster.dimacs,45,17.317340020244,1.82243771118112,1.92827235232573,0.300584908304736,0.311701652212068,0.036807123022154,0.039721176279709,,Ddknnifedsharp-avg,,1.82243771118112,0.036807123022154,49.5131801006073,,0.036807123022154,0.039721176279709,1.07917090547395,,1.03698370610164,
12,cnf/featureide_examples/berkeleydb.dimacs,76,21.876168980808,2.25115908366628,2.52573572720401,0.425999600337818,0.46589232634753,0.038371385065839,0.061311414819211,,Ddknnifedsharp-avg,,2.25115908366628,0.038371385065839,58.667652465598,,0.038371385065839,0.061311414819211,1.59784210848815,,1.09364498459172,
13,cnf/Smarch/axtls_2_1_4.dimacs,94,23.8051465010736,2.30176493099891,2.42832091239281,0.546609449787065,0.589798557506874,0.046633599996567,0.073051131619141,,Ddknnifedsharp-avg,,2.30176493099891,0.046633599996567,49.3585082680376,,0.046633599996567,0.073051131619141,1.56649136297688,,1.07901273521091,
14,cnf/KConfig/axTLS.dimacs,96,20.5990631844522,2.31847372444812,2.40377071093069,0.474326418396086,0.498267573444173,0.03279459470883,0.051985894897953,,Ddknnifedsharp-avg,,2.31847372444812,0.03279459470883,70.6968250418374,,0.03279459470883,0.051985894897953,1.5851970533411,,1.05047400718063,
15,cnf/Smarch/fiasco_17_10.dimacs,234,23.8900846117269,2.58425476680975,2.78016608031001,1.23191190954298,1.36641940691508,0.067262368798256,0.14161523135379,,Ddknnifedsharp-avg,,2.58425476680975,0.067262368798256,38.4205137728773,,0.067262368798256,0.14161523135379,2.10541546311794,,1.10918597046602,
16,cnf/Smarch/uClibc-ng_1_0_29.dimacs,269,27.3966852044268,2.68086374325678,2.84335077232216,0.893288049241528,1.06368244465441,0.086111697657034,0.31986463948153,,Ddknnifedsharp-avg,,2.68086374325678,0.086111697657034,31.132399153645,,0.086111697657034,0.31986463948153,3.71453180211924,,1.19074966418454,
17,cnf/KConfig/uClibc.dimacs,313,25.4475563406246,3.55177220901474,2.9625966076483,1.60890894435346,1.86667110689916,0.100743933748454,0.210327530112118,,Ddknnifedsharp-avg,,2.9625966076483,0.100743933748454,29.4071960208102,,0.100743933748454,0.210327530112118,2.08774386989178,,1.16020929180009,
18,cnf/Smarch/toybox_0_7_5.dimacs,316,21.4180030635791,2.28970958659425,2.42038136087824,0.285425807768479,0.369828693792224,0.052308652466163,0.090513012912125,,Ddknnifedsharp-avg,,2.28970958659425,0.052308652466163,43.7730562467729,,0.052308652466163,0.090513012912125,1.73036407257242,,1.29570867008707,
19,cnf/KConfig/uClinux-base.dimacs,380,27.3286442504311,4.46198959028814,3.98976151428884,2.05136934657581,2.26213334583677,0.100152083886787,0.285649007037282,,Ddknnifedsharp-avg,,3.98976151428884,0.100152083886787,39.8370294401354,,0.100152083886787,0.285649007037282,2.85215240613648,,1.1027430772585,
20,cnf/confidential/automotive03/automotive03.dimacs,384,23.8612508745352,2.59613312399946,2.84605069537647,2.22255772864446,2.29457166617736,0.065485532768071,0.12128165259026,,Ddknnifedsharp-avg,,2.59613312399946,0.065485532768071,39.6443766166512,,0.065485532768071,0.12128165259026,1.85203735029233,,1.03240137999782,
21,cnf/confidential/automotive06/automotive06.dimacs,449,26.6197660276433,2.99703695802018,2.98186009867582,2.63478038042784,2.73493399299681,0.095989571446553,0.196034640436992,,Ddknnifedsharp-avg,,2.98186009867582,0.095989571446553,31.0644172459518,,0.095989571446553,0.196034640436992,2.04224935566197,,1.03801212932696,
22,cnf/confidential/automotive04/04latest.dimacs,531,28.9539071616903,3.73990222986788,3.82468000198714,3.25379862125963,3.56172840859741,0.095983492350206,0.403701033284888,,Ddknnifedsharp-avg,,3.73990222986788,0.095983492350206,38.9640149393861,,0.095983492350206,0.403701033284888,4.20594232820725,,1.09463701451154,
23,cnf/Smarch/toybox.dimacs,544,22.7498971303552,2.40982661302201,2.60844088766724,3.03927895119414,3.09613146941178,0.07648604484275,0.088989245323464,,Ddknnifedsharp-avg,,2.40982661302201,0.07648604484275,31.5067489497783,,0.07648604484275,0.088989245323464,1.16347034947904,,1.01870592305958,
24,cnf/confidential/automotive07/automotive07.dimacs,581,31.2657176450081,5.21490938412957,4.98388190857135,4.33713333938271,5.38284302630462,0.412088948031887,0.880012494670227,,Ddknnifedsharp-avg,,4.98388190857135,0.412088948031887,12.094189694662,,0.412088948031887,0.880012494670227,2.13549161867387,,1.24110618814195,
25,cnf/confidential/automotive03/03latest.dimacs,588,32.781214573402,4.07581226857379,4.32713566773105,4.99139999219216,5.44613545232452,0.156006361469626,0.413426702106372,,Ddknnifedsharp-avg,,4.07581226857379,0.156006361469626,26.125936341175,,0.156006361469626,0.413426702106372,2.65006310134901,,1.09110379068872,
26,cnf/Smarch/axTLS.dimacs,684,25.6114709149254,3.26304106194992,3.35271911456017,4.41180772657506,4.52604784552008,0.11739990782924,0.184211324891076,,Ddknnifedsharp-avg,,3.26304106194992,0.11739990782924,27.7942387032881,,0.11739990782924,0.184211324891076,1.56909258531118,,1.02589417445753,
27,cnf/financial_services/financialServices_2018-05-09.dimacs,771,50.4969369087182,5.0649966062326,5.30763510152698,10.9198503583949,12.6361532162502,1.16247116167098,1.19108394975774,,Ddknnifedsharp-avg,,5.0649966062326,1.16247116167098,4.357094415101,,1.16247116167098,1.19108394975774,1.02461376164001,,1.15717274518655,
28,cnf/KConfig/busybox-1.18.0.dimacs,854,28.2565307549573,3.14736684990581,3.05452912815614,2.28029693807475,2.67192550739273,0.103075729403645,0.427898839786649,,Ddknnifedsharp-avg,,3.05452912815614,0.103075729403645,29.6338347138402,,0.103075729403645,0.427898839786649,4.15130547474464,,1.17174454904484,
29,cnf/Smarch/busybox_1_28_0.dimacs,998,36.0020322877727,26.860106273219,26.2123731405986,2.08861986901611,3.23132267779671,19.1617311353423,2.29999185222201,,Ddknnifec2d-avg,,26.2123731405986,2.08861986901611,12.5500927810988,,2.08861986901611,2.29999185222201,1.101201748744,,1.54710903871603,
30,cnf/CDL/am31_sim.dimacs,1178,48.502981422334,52.9649137949524,40.7681450086855,15.9818076281156,54.1829358958174,21.9639408468269,33.2949160098936,,Ddknnifec2d-avg,,40.7681450086855,15.9818076281156,2.55090950644188,,15.9818076281156,33.2949160098936,2.08330101229102,,3.39028833011964,
31,cnf/KConfig/embtoolkit.dimacs,1179,32.6921399091789,5.42238181567285,5.31073603710858,8.92127884785645,9.42363447016105,0.238459405582398,0.757258115634322,,Ddknnifedsharp-avg,,5.31073603710858,0.238459405582398,22.2710277421768,,0.238459405582398,0.757258115634322,3.17562695329565,,1.05630982181723,
32,cnf/Smarch/ref4955.dimacs,1218,60.7858821169985,223.725801745132,135.722365108989,18.0799071722385,56.4835340520553,152.760717541398,119.829696709402,,Ddknnifec2d-avg,,60.7858821169985,18.0799071722385,3.36206826384234,,18.0799071722385,56.4835340520553,3.12410531281848,,3.12410531281848,
33,cnf/Smarch/ecos-icse11.dimacs,1244,63.8899068747833,606.277041200525,475.725661406973,23.9613532339409,75.5504387037829,439.197484043473,72.8922316801548,,Ddknnifec2d-avg,,63.8899068747833,23.9613532339409,2.66637306545292,,23.9613532339409,72.8922316801548,3.04207491824393,,3.15301218450245,
34,cnf/Smarch/pati.dimacs,1248,62.6882679655682,183.854070555856,124.589935868676,20.8110609687492,61.9948813758418,162.739357426399,145.778644475387,,Ddknnifec2d-avg,,62.6882679655682,20.8110609687492,3.01225718668085,,20.8110609687492,61.9948813758418,2.97893901079508,,2.97893901079508,
35,cnf/CDL/p2106.dimacs,1262,54.9808081332315,90.6160181887448,64.1000282276887,11.1804489563033,34.4608107334562,34.9689158631489,75.224612166388,,Ddknnifec2d-avg,,54.9808081332315,11.1804489563033,4.91758500469111,,11.1804489563033,34.4608107334562,3.08223854588844,,3.08223854588844,
36,cnf/Smarch/integrator_arm9.dimacs,1267,208.505024236767,407.796913468307,279.691392931384,16.9313520197198,38.8388597514387,247.208910131892,393.356200397136,,Ddknnifec2d-avg,,208.505024236767,16.9313520197198,12.3147297388846,,16.9313520197198,38.8388597514387,2.29390185179562,,2.29390185179562,
37,cnf/Smarch/olpce2294.dimacs,1274,66.2032516786782,298.435863622185,182.82856043397,14.8735165462177,49.9025634025224,258.70042630964,268.589356146203,,Ddknnifec2d-avg,,66.2032516786782,14.8735165462177,4.45108266582145,,14.8735165462177,49.9025634025224,3.35512877855456,,3.35512877855456,
38,cnf/Smarch/adderII.dimacs,1276,63.3286135088978,285.406017588363,175.554666996808,11.5360066756699,37.2299602684099,209.369737347895,305.868370756963,,Ddknnifec2d-avg,,63.3286135088978,11.5360066756699,5.48964778621891,,11.5360066756699,37.2299602684099,3.22728317650249,,3.22728317650249,
39,cnf/Smarch/at91sam7sek.dimacs,1296,64.1880737520428,220.765852798414,151.348710522109,14.4615080055967,44.6843270068243,217.083165618069,66.8421943560336,,Ddknnifec2d-avg,,64.1880737520428,14.4615080055967,4.43854636232968,,14.4615080055967,44.6843270068243,3.08988018327903,,3.08988018327903,
40,cnf/Smarch/se77x9.dimacs,1319,186.571326153972,417.461284115119,210.120566579946,26.8149687841255,80.0477245195955,225.875407844186,365.623835556125,,Ddknnifec2d-avg,,186.571326153972,26.8149687841255,6.95773049955674,,26.8149687841255,80.0477245195955,2.9851880553739,,2.9851880553739,
41,cnf/Smarch/m5272c3.dimacs,1323,62.2514005333558,184.684497419447,145.644861696572,24.9856909467746,76.4807550270204,203.098777386164,122.430564378332,,Ddknnifec2d-avg,,62.2514005333558,24.9856909467746,2.49148205130552,,24.9856909467746,76.4807550270204,3.06098219136475,,3.06098219136475,
42,cnf/Smarch/phycore229x.dimacs,1360,68.7704583781306,343.518578214813,217.242875299719,20.8536316726264,77.406633551456,258.78957966283,194.355923211863,,Ddknnifec2d-avg,,68.7704583781306,20.8536316726264,3.29776891899373,,20.8536316726264,77.406633551456,3.71190182921779,,3.71190182921779,
43,cnf/Smarch/freebsd-icse11.dimacs,1396,410.77189985096,1800,1800,1800,1800,733.384415170271,626.642450690139,,Countantom-avg,,410.77189985096,626.642450690139,0.655512404878676,,733.384415170271,626.642450690139,0.854452914089605,,,
44,cnf/CDL/ea2468.dimacs,1408,78.4660654915869,181.885477889362,135.284429456117,16.4411022678763,49.0690271019284,72.0850089739729,99.6746952342335,,Ddknnifec2d-avg,,78.4660654915869,16.4411022678763,4.77255503999261,,16.4411022678763,49.0690271019284,2.98453390182985,,2.98453390182985,
45,cnf/KConfig/uClinux-distribution.dimacs,1580,35.1397260642005,4.31779357938096,3.75874967905926,5.32887724190019,5.91558453940786,0.145369397299364,0.507269377484918,,Ddknnifedsharp-avg,,3.75874967905926,0.145369397299364,25.8565402958832,,0.145369397299364,0.507269377484918,3.48951971260004,,1.11009960839302,
46,cnf/Smarch/fiasco.dimacs,1638,23.7001255495939,4.68914182012901,4.51117987343809,8.21982835711911,8.43484589550644,0.178703477438539,0.304535839846358,,Ddknnifedsharp-avg,,4.51117987343809,0.178703477438539,25.2439400626079,,0.178703477438539,0.304535839846358,1.70414053610734,,1.0261583976022,
47,cnf/confidential/automotive05/05latest.dimacs,1663,1800,1800,1800,1800,1800,1800,1800,,Countantom-avg,,1800,1800,,,,,,,,
48,cnf/Smarch/uClinux.dimacs,1850,24.6941869647102,3.6131358068902,3.32137584178243,6.05901420033537,6.24869140930474,0.148627444375307,0.23556385114789,,Ddknnifedsharp-avg,,3.32137584178243,0.148627444375307,22.3469888467937,,0.148627444375307,0.23556385114789,1.58492835652247,,1.0313049619456,
49,cnf/automotive01/automotive01.dimacs,2513,63.7594046456739,25.8697992123943,22.1352460228279,21.395858779503,23.7437184040248,2.85280291331001,5.96678392127156,,Ddknnifedsharp-avg,,22.1352460228279,2.85280291331001,7.75912206186902,,2.85280291331001,5.96678392127156,2.09155139790169,,1.10973430179727,
50,cnf/confidential/automotive03/automotive03_sw.dimacs,4902,46.3159975601174,6.80509889553301,6.80767381895334,5.60954929045402,5.94979746428318,0.487324475804344,0.448761821994558,,Queryd4-avg,,6.80509889553301,0.448761821994558,15.1641662949116,,0.487324475804344,0.448761821994558,0.920868629169226,,1.06065517142494,
51,cnf/confidential/automotive06/automotive06_sw.dimacs,5571,56.8729205065267,7.89931355154142,7.67065634907689,6.64250084808096,6.91880361400545,0.527830292079598,0.356244485471398,,Queryd4-avg,,7.67065634907689,0.356244485471398,21.5320002467596,,0.527830292079598,0.356244485471398,0.674922396113021,,1.04159619580693,
52,cnf/KConfig/linux-2.6.33.3.dimacs,6467,1800,1800,1800,1800,1800,1800,1800,,Countantom-avg,,1800,1800,,,,,,,,
53,cnf/Smarch/busybox-1.18.0.dimacs,6796,36.6884836331895,14.3865472580306,12.4102989209513,38.9754000628367,40.0737268294301,0.770422477023676,1.18253613269888,,Ddknnifedsharp-avg,,12.4102989209513,0.770422477023676,16.1084330884208,,0.770422477023676,1.18253613269888,1.53491904502488,,1.02817999981585,
54,cnf/Smarch/2.6.28.6-icse11.dimacs,6888,1800,1800,1800,1800,1800,1800,1800,,Countantom-avg,,1800,1800,,,,,,,,
55,cnf/confidential/automotive07/automotive07_sw.dimacs,8649,441.637172900574,84.5153059571237,72.5620009867661,340.419334127838,355.582064620107,17.0853671847563,26.7123845921271,,Ddknnifedsharp-avg,,72.5620009867661,17.0853671847563,4.24702613658233,,17.0853671847563,26.7123845921271,1.5634656430422,,1.0445413317405,
56,cnf/Smarch/uClinux-config.dimacs,11254,1800,27.4938485613838,23.4300755773671,60.1560525455885,69.4828236419614,1.94275127821602,2.20448639277369,,Ddknnifedsharp-avg,,23.4300755773671,1.94275127821602,12.0602548767243,,1.94275127821602,2.20448639277369,1.13472394407483,,1.15504293752162,
57,cnf/Smarch/buildroot.dimacs,14910,1800,1800,1800,1800,1800,1800,1800,,Countantom-avg,,1800,1800,,,,,,,,
58,cnf/automotive02/automotive2_4.dimacs,18616,1049.62009862665,128.834685945269,113.924425283591,1622.01266326531,1592.40703265306,8.70070127195679,70.8251132746507,,Ddknnifedsharp-avg,,113.924425283591,8.70070127195679,13.093706095942,,8.70070127195679,70.8251132746507,8.14016147214788,,0.981747595883345,
59,cnf/Smarch/embtoolkit.dimacs,23516,1800,1193.9846685341,792.453585563768,1529.93037524182,1524.24696701928,92.7376961096749,34.7522245148849,,Queryd4-avg,,792.453585563768,34.7522245148849,22.8029600011461,,92.7376961096749,34.7522245148849,0.374736768032125,,0.996285185055142,
60,cnf/Smarch/freetz.dimacs,31012,1800,1800,1800,1800,1800,1800,1800,,Countantom-avg,,1800,1800,,,,,,,,
61,cnf/Smarch/2.6.32-2var.dimacs,60072,1800,1800,1800,1800,1800,1800,1800,,Countantom-avg,,1800,1800,,,,,,,,
62,cnf/Smarch/2.6.33.3-2var.dimacs,62482,1800,1800,1800,1800,1800,1800,1800,,Countantom-avg,,1800,1800,,,,,,,,
,,,,,,,,,,,,,,,,,,,,,,
,,,,,,,,,,,,,,,,,,,,,,
,,,,,,,,,,,,,48.321950139839,17.0259755638308,,,,,,,,
