Model,,,,,,,,,,,,,,,,,,,,,,,,,,,,,,,,,,,,,,,,,,,,,,,,,,,,,Average,Median,STDEV
Smarch/LLVM.dimacs,11,0.038690967485309,0.038792427629233,0.038755198940635,0.043857026845217,0.041105939075351,0.04022515192628,0.043835803866387,0.043574173003436,0.038252061232924,0.043699553236365,0.045279268175363,0.040336413308978,0.038290029391646,0.038489714264869,0.037914564833045,0.038955111056567,0.039214057847857,0.044731574133039,0.040971977636218,0.042494265362621,0.045249428600073,0.044181663542986,0.042162941768766,0.04405383206904,0.044011140242219,0.043687282130123,0.045395592227578,0.044182388111949,0.044196845963598,0.041010050103069,0.037447923794389,0.039562603458762,0.039107272401453,0.039735954254865,0.038374761119485,0.038980606943369,0.039621345698834,0.039610182866454,0.040018312633038,0.039558283984661,0.038400107994675,0.038710875436664,0.038572132587433,0.037813970819116,0.044716317206621,0.041323671117425,0.040985899046064,0.043754881247878,0.043006470426917,0.043715266510844,,0.041172265671194,0.040654195472598,0.002519157881802
Smarch/X264.dimacs,16,0.04308365099132,0.040061743929982,0.04009323567152,0.039530988782644,0.039810542017221,0.043639367446303,0.043729314580559,0.044011916965247,0.042432805523277,0.041895413771272,0.041159173473716,0.038161661475897,0.039283741265535,0.038068844005465,0.043606651946902,0.044996874406934,0.038400735706091,0.037920797243714,0.044478300958872,0.043436391279101,0.039333913475275,0.039619321003557,0.039916863664984,0.03867207095027,0.039082465693355,0.039386851713062,0.039774216711521,0.038681667298078,0.039882412180305,0.039627097547055,0.039709558710456,0.038506267592311,0.039665874093771,0.038910115137696,0.03987536765635,0.038884986191988,0.040229784324765,0.039156924933195,0.039656255394221,0.039021195843815,0.038137225434184,0.039032494649292,0.044123876839876,0.041537480428815,0.040397578850389,0.044251898303628,0.044883439317346,0.040709922090173,0.042696915566922,0.042908536270261,,0.04068149458617,0.039842954836786,0.002115694194965
Smarch/Dune.dimacs,17,0.043209055438638,0.04404372535646,0.042767331004143,0.043399574235081,0.044383654370904,0.043699566274881,0.043989928439259,0.04043804295361,0.039780039340258,0.04020264185965,0.040265418589116,0.040083365514875,0.044411757960916,0.044448224827648,0.044851699844002,0.042978378012777,0.041978981345892,0.04255947098136,0.040739128366112,0.039299940690399,0.04052547737956,0.038981212303043,0.040283504873514,0.039059365168214,0.040535964071751,0.038761120289564,0.040207527577877,0.039065361022949,0.040112042799592,0.039216086268425,0.040263211354613,0.039306681603194,0.039445154368878,0.039434917271138,0.03940992616117,0.038537215441466,0.044798739254475,0.041878441348672,0.041268985718489,0.039478091523051,0.044588245451451,0.041767034679652,0.045051943510771,0.042898040264845,0.045133240520954,0.044544795528054,0.039621841162443,0.039357844740153,0.039437027648091,0.03937390819192,,0.041397457458079,0.040481760166585,0.002141331790366
Smarch/BerkeleyDBC.dimacs,18,0.044086681678891,0.038962978869677,0.040218573063612,0.038744509220123,0.039875509217381,0.038804769515992,0.04020231217146,0.0387581307441,0.040069108828902,0.039212502539158,0.039760168641806,0.038870612159372,0.040291814133525,0.039453718811274,0.040008824318647,0.038717053830623,0.039512204006314,0.040013687685132,0.039617920294404,0.038896745070815,0.039104964584112,0.039365887641907,0.040834333747626,0.039847750216723,0.039788162335753,0.04032376036048,0.0397959202528,0.044791854918003,0.0459522344172,0.042685572057962,0.041505105793476,0.044345941394568,0.040750775486231,0.039152456447482,0.045849446207285,0.04175073094666,0.045343859121203,0.042716640979052,0.044692818075419,0.042402034625411,0.044834123924375,0.043656153604389,0.045959955081344,0.042571930214763,0.044349674135446,0.039668388664723,0.043566269800067,0.043786147609353,0.039959644898773,0.044034222140908,,0.041349291689694,0.040210442617536,0.002344688353078
Smarch/lrzip.dimacs,20,0.037079470232129,0.034129399806261,0.042855359613895,0.045573050156236,0.044852754101157,0.04399642162025,0.043684795498848,0.039244735613465,0.044291272759438,0.044878775253892,0.044778808951378,0.044429698958994,0.044342188164592,0.040070574730635,0.043853428214788,0.04105412773788,0.031942512840033,0.043279904872179,0.039101626724005,0.044480409473181,0.037414282560348,0.032247051596642,0.042868284508586,0.038401598110796,0.032823193818331,0.032079517841339,0.031513767316938,0.044204054400325,0.038577659055591,0.032549547031522,0.043567111715674,0.038935095071793,0.03530746139586,0.032027792185546,0.034002639353275,0.032000239938498,0.034436257556081,0.041494611650706,0.036083014681935,0.042727349326015,0.038396218791604,0.031011953949928,0.032947553321719,0.042885465547443,0.036485213786364,0.04232151247561,0.038158176466823,0.042132090777159,0.038918022066354,0.032514378428459,,0.03893900860101,0.039018360897899,0.004768866340514
Smarch/HiPAcc.dimacs,31,0.041102021932602,0.040758386254311,0.040487876161933,0.040734676644207,0.046650536358356,0.046843595802784,0.045025104656816,0.045146809890867,0.040960351005197,0.040232833474874,0.040766721591354,0.040907332673669,0.040353583171963,0.04663316719234,0.043034182861447,0.046866903081537,0.046129867434502,0.047232240438461,0.045140948146582,0.044974345713854,0.045880591496825,0.040633415803314,0.040343249216675,0.040288778021932,0.040182201191783,0.040460374206305,0.046764887869358,0.044539004564286,0.041551984846592,0.046984698623419,0.044257996603846,0.047908075153828,0.045833950862289,0.044394519180059,0.040280180051923,0.040289929136634,0.046586813405157,0.043250005692244,0.046866333112121,0.046124249696732,0.039936318993569,0.047146517783403,0.045890852808953,0.047400349751115,0.045945145189762,0.04048197157681,0.043779622763395,0.046149848029017,0.044743260368705,0.043268164619804,,0.04376289550215,0.044466761872173,0.002742358419801
Smarch/JavaGC.dimacs,39,0.044387677684426,0.045169817283749,0.045422445982694,0.045288996770978,0.048928895965218,0.046683978289366,0.046060150489212,0.044791463762522,0.045248655602336,0.046306807547807,0.0418596342206,0.046497344970703,0.045498877763749,0.047358183190227,0.048521384596825,0.044065732508898,0.041851522400976,0.045375077053905,0.043473953381181,0.045535776764155,0.045110208913683,0.044941319152713,0.04689865000546,0.045001111924648,0.045805191621184,0.042386263608933,0.046049827709794,0.044744078069926,0.04546232894063,0.045414725318551,0.042843010276556,0.042725315317511,0.045351222157478,0.046754457056522,0.045984346419573,0.045940088108182,0.04514598660171,0.047294130548835,0.045197723433375,0.046808987855912,0.046275125816465,0.046461720019579,0.040503043681383,0.041184742003679,0.042711665853858,0.042887592688203,0.046685045585037,0.045078542083502,0.046165991574526,0.046940242871642,,0.045181581228972,0.045394901186228,0.00178670184225
Smarch/Polly.dimacs,40,0.046021921560169,0.045343359932304,0.046208547428251,0.045941684395075,0.045900510624051,0.045871144160628,0.045830389484763,0.04083408229053,0.046648416668177,0.046662878245115,0.041850551962852,0.04622763581574,0.045611634850502,0.045926794409752,0.046063473448157,0.044962175190449,0.046727748587727,0.041970109567047,0.041271394118667,0.041917627677322,0.045202482491732,0.046763015910983,0.045731579884887,0.046736551448703,0.041086895391345,0.042586674913764,0.042729055508971,0.045484920963645,0.04399760812521,0.042341791093349,0.045915648341179,0.044564349576831,0.041270019486547,0.046343818306923,0.044713633134961,0.047113697975874,0.045594030991197,0.045458946377039,0.041009549051523,0.042657498270273,0.042642205953598,0.045044478029013,0.044196620583534,0.042638262733817,0.046119438484312,0.046298507601023,0.046125559136272,0.045931898057461,0.046317223459482,0.045297985896468,,0.044714120551944,0.045539475977421,0.001901309950153
Smarch/VP9.dimacs,42,0.046319847926497,0.045992258936167,0.044077469035983,0.04231565259397,0.045025924220681,0.046863028779626,0.046097014099359,0.045691709965468,0.046148141846061,0.046574205160141,0.040561860427261,0.041665120050311,0.04279868118465,0.042340319603681,0.046774242073297,0.044794963672757,0.044966816902161,0.044591426849365,0.043069638311863,0.045505011454224,0.044824808835984,0.042964212596417,0.041765721514821,0.046820010989904,0.046544168144465,0.041330829262734,0.042008049786091,0.046587754040957,0.046617496758699,0.041790125891567,0.039840960875154,0.040448233485222,0.046623015776277,0.044086579233408,0.045990938320756,0.044443368911743,0.045126987621189,0.044263096526265,0.042192745953798,0.045308401808143,0.04521095007658,0.041963351890445,0.045999027788639,0.044698167592287,0.046611772850156,0.045557618141175,0.044509014114738,0.045337399467826,0.041998308151961,0.045174837112427,,0.044376225732267,0.044895812869073,0.001978622946347
Smarch/7z.dimacs,44,0.045865351334214,0.037320518866181,0.043713236227632,0.046727545559407,0.046960158273578,0.048300350084901,0.042078716680408,0.035171525552869,0.036629561334848,0.033144302666188,0.033072022721171,0.045916011556984,0.040041355416179,0.043608514592052,0.040836717933416,0.046390682458878,0.039842411875725,0.033798288553954,0.047330977395177,0.040729507803917,0.044286467134952,0.040938578546047,0.046023273840547,0.040117897093296,0.035026358440519,0.047496741637588,0.041015157476067,0.043900249525904,0.039669685065746,0.045855350792409,0.041794531047344,0.047129763290287,0.041017508134246,0.034758197143674,0.045103009790182,0.040708612650633,0.037143211811781,0.046257367357612,0.045218046754599,0.040958933532239,0.040586909279227,0.040833741426468,0.046873448416591,0.047128947451711,0.046156333759427,0.044712033122778,0.041876636445522,0.044625923037529,0.046864228323102,0.046347813680768,,0.04235805425793,0.04284361563623,0.004284533104855
Smarch/JHipster.dimacs,45,0.041508818045259,0.046548558399081,0.046109514310956,0.046827876940369,0.045762602239847,0.040762791410088,0.040494052693248,0.04059524461627,0.040532283484936,0.040333596989513,0.040444998070598,0.040668293833732,0.04047823883593,0.040811045095325,0.040879353880882,0.039668701589108,0.040682081133127,0.04028800316155,0.046717232093215,0.043471708893776,0.0458600576967,0.045743223279715,0.041275324299932,0.04628649353981,0.046639086678624,0.046350592747331,0.046369256451726,0.041775174438954,0.045240525156259,0.047194255515933,0.045258700847626,0.045454373583197,0.0407909527421,0.040442757308483,0.047035820782184,0.047884101048112,0.045825578272343,0.044775854796171,0.04097574763,0.041132476180792,0.04082002863288,0.040797814726829,0.040761953219772,0.040574012324214,0.046460911631585,0.046755120158195,0.045983025804162,0.045600693672895,0.04057040438056,0.04476979188621,,0.043379782103002,0.042623441666365,0.00277525355289
featureide_examples/berkeleydb.dimacs,76,0.058452202007175,0.050199683755636,0.049107177183032,0.051498064771294,0.043955840170383,0.052224192768335,0.050994746387005,0.050003934651613,0.050096401944757,0.047244714573026,0.044580476358533,0.043264040723443,0.050289137288929,0.04829665273428,0.047040201723576,0.044904362410307,0.045570468530059,0.048502858728171,0.050179835408926,0.048875901848078,0.048143835738301,0.045155342668295,0.048291714861989,0.045653620734811,0.047686353325844,0.047634698450566,0.046993244439363,0.044363418594002,0.044319661334157,0.051486905664206,0.048175325617195,0.049834026023746,0.047440880909562,0.043651787564159,0.04610462486744,0.046430235728621,0.046301316469908,0.045873638242484,0.048711828887462,0.050920203328133,0.044658517464995,0.043585361912846,0.043195076286793,0.043639125302434,0.049981974065304,0.049105381593108,0.047665126621723,0.049879174679518,0.047131914645433,0.045265816152095,,0.047651220522821,0.047649912536145,0.002941662247853
Smarch/axtls_2_1_4.dimacs,94,0.0363609790802,0.036854209378362,0.038255413994193,0.037147721275687,0.037325978279114,0.049343474209309,0.043229468166828,0.048098843544722,0.043986242264509,0.0384880322963,0.038467559963465,0.042783236131072,0.043730510398745,0.049481624737382,0.048670871183276,0.048713631927967,0.049643555656076,0.043796269223094,0.0454405490309,0.044596333056688,0.043228026479483,0.047605333849788,0.050258638337255,0.045786295086145,0.049188112840056,0.04860307648778,0.050276791676879,0.050233658403159,0.046541038900614,0.045079581439495,0.049949053674936,0.048444705083966,0.047343391925096,0.043841628357768,0.044004941359163,0.044484755024314,0.049271015450359,0.049600306898356,0.046104457229376,0.044654078781605,0.045099331066012,0.043648244813085,0.050259344279766,0.049366261810065,0.044744491577148,0.044046621769666,0.049736278131605,0.049729768186807,0.046190688386559,0.045853102579713,,0.045551750473678,0.045819698832929,0.004027390648406
KConfig/axTLS.dimacs,96,0.047983527183533,0.047856261953711,0.048685092478991,0.04488935880363,0.049009244889021,0.048912959173322,0.048153711482883,0.0445936024189,0.048597721382975,0.043634220957756,0.046331552788616,0.042905827984214,0.046223746612668,0.045723304152489,0.041055308654904,0.04283208027482,0.037813747301698,0.045712685212493,0.041707603260874,0.035971608012915,0.035377515479923,0.035427872091532,0.034943269565702,0.046545526012778,0.03961025364697,0.044275365769864,0.043569754809141,0.046356478706002,0.045285450294614,0.043018577620387,0.035232154652476,0.036833694204688,0.034021889790892,0.034724334254861,0.043856119737029,0.041034990921617,0.044834569096565,0.044975589960813,0.046955142170191,0.04752760566771,0.042231002822518,0.044763689860702,0.046878999099135,0.044456085190177,0.046533342450857,0.042662724852562,0.0440523494035,0.042646229267121,0.047284036874772,0.046156698837876,,0.043413289561868,0.044524843804539,0.004302494737073
Smarch/fiasco_17_10.dimacs,234,0.067008374258877,0.064538221806288,0.079385612159968,0.072047805413604,0.065419163554907,0.064339639618993,0.078720487654209,0.07221157848835,0.081166800111533,0.07500496506691,0.079056711867452,0.069224108010531,0.067529184743762,0.082897437736392,0.071297051385045,0.078445030376316,0.071927083656192,0.070009840652347,0.083566885441542,0.07205749861896,0.07713894173503,0.069965973496437,0.078092163428664,0.070315295830369,0.066728791221976,0.062370840460062,0.064919488504529,0.0627069324255,0.066348563879728,0.061986936256289,0.066050909459591,0.063564997166395,0.068557927384973,0.062585627660155,0.061170587316155,0.065700063481927,0.060881789773703,0.077976504340768,0.069928850978613,0.060478216037154,0.080061776563525,0.07069642841816,0.081045715138316,0.075619637966157,0.069716500118375,0.063978616148234,0.063832707703114,0.080171087756754,0.076639413833619,0.064298385754228,,0.070587663017214,0.069947412237525,0.006726814891016
Smarch/uClibc-ng_1_0_29.dimacs,269,0.075382884591818,0.082415090873838,0.081738127395511,0.074698120355607,0.080252518877387,0.080798476934433,0.078252876177431,0.084523832425475,0.082835296168923,0.077165823429823,0.084016431123018,0.083633689209819,0.076519444584846,0.080327140167356,0.080921601504088,0.074033675715328,0.080796297639609,0.081083523109555,0.09007048048079,0.082946816459299,0.078768441453577,0.087263444438577,0.086988626047969,0.080016251653433,0.080519596114755,0.081085594370962,0.076821718364954,0.083681682124734,0.080370200797915,0.079439798370004,0.07949486002326,0.079869905486703,0.08194693364203,0.076667752116919,0.076578035950661,0.081638326868415,0.083500027656556,0.080207163468004,0.082203386351466,0.080562591552734,0.076751168817282,0.082068910822272,0.079939914867282,0.088732302188874,0.08663946017623,0.08294390514493,0.087836187332869,0.077128764241934,0.083188762888313,0.08262063190341,,0.08115772984922,0.080860039219261,0.003579098088644
KConfig/uClibc.dimacs,313,0.099474435672164,0.099548468366265,0.101666551083327,0.099195316433907,0.104348065331579,0.100837206467986,0.093219058588147,0.102561265230179,0.103717491030694,0.102053994312883,0.084621703252196,0.095841147005558,0.097501082345844,0.089218901470303,0.102806117385626,0.084681164473296,0.095851516351104,0.088400412350893,0.103639857843519,0.087188195437193,0.104555100202561,0.090147189795971,0.105335956439376,0.102055627852678,0.093271905556322,0.100391771644354,0.084563087671995,0.099533593282104,0.09070623293519,0.102025538682938,0.085540730506182,0.096157424151898,0.084943195804954,0.099219229072332,0.098716082051397,0.088047992438078,0.104515278711915,0.091166805475951,0.103114018216729,0.087473385035991,0.102827148512006,0.098205639049411,0.09198552928865,0.098762795329094,0.085448758676648,0.101528169587255,0.092533644288779,0.100636614486576,0.090500559657813,0.095662312582136,,0.096118865348399,0.098460860550404,0.006594307942406
Smarch/toybox_0_7_5.dimacs,316,0.049119172617793,0.049173349514604,0.050985457375646,0.049687443301082,0.049692342057824,0.041553039103746,0.051818946376443,0.044639199972152,0.052113112062215,0.052078932523727,0.047918764874339,0.049800517037511,0.051083469763398,0.050803871825338,0.05033471249044,0.050370659679175,0.050013363361359,0.043165381997824,0.05113292299211,0.046227499842644,0.050442021340132,0.048257535323501,0.045477401465177,0.047568609938026,0.047199113294483,0.049407131969929,0.049664244055748,0.049784576520324,0.048244899138808,0.048617567867041,0.048422075808048,0.04888710193336,0.04785879701376,0.047739323228598,0.051080066710711,0.049649886786938,0.051622778177262,0.047706320881844,0.047706263139844,0.051411550492049,0.050490576773882,0.046220934018493,0.042726935818792,0.044347494840622,0.046625699847937,0.046592582017184,0.045278942212463,0.045860165730119,0.043885989114643,0.045960865914822,,0.048328992202878,0.048752334900201,0.002603596364543
KConfig/uClinux-base.dimacs,380,0.11665466055274,0.137515570968389,0.137813325971365,0.1208600923419,0.144409079104662,0.136217262595892,0.137324625626206,0.137072894722223,0.134545983746648,0.115392671898007,0.140977576375007,0.114582976326347,0.135209746658802,0.136732546612621,0.119098506867886,0.135244267061352,0.1404571775347,0.143354805186391,0.135679341852665,0.133462630212308,0.13397315889597,0.136262830346823,0.134439878165722,0.136101365089417,0.134315762668848,0.13604511320591,0.138192266225815,0.141002271324396,0.141823643818497,0.143375098705292,0.136576006188988,0.136329822242261,0.130953334271908,0.135322937741876,0.135481670498848,0.142527084797621,0.142976973205805,0.139511108398438,0.135977227240801,0.134340012446046,0.139094207435846,0.14307015761733,0.133063659071922,0.137656910344959,0.137184370309115,0.145580435171724,0.143507797271013,0.13940248824656,0.136044956743717,0.139840563759208,,0.135851577073336,0.136452914215624,0.007095776417619
confidential/automotive03/automotive03a.dimacs,384,0.047429312020541,0.063543746247888,0.052301650866866,0.060627400875092,0.05721670947969,0.052912008017302,0.049478709697723,0.063252378255129,0.05545655451715,0.062200184911489,0.05501401051879,0.063095930963755,0.051682261750103,0.058099467307329,0.054724058136344,0.050205167382956,0.049952553585172,0.060130728408695,0.052100814878941,0.062872137874365,0.057667424902321,0.060823984444142,0.053368296474218,0.060419883579016,0.053321531042457,0.049410607665778,0.05834355391562,0.057411065325141,0.063267670571804,0.050934186205268,0.049593515694141,0.060701055452227,0.055476807057857,0.054324639961123,0.061625408008695,0.054255735129118,0.060239279642702,0.055926892906428,0.050499392673373,0.060123328119517,0.054652256891131,0.05267165787518,0.061629483476281,0.054276520386339,0.052722143009306,0.050675801932812,0.062989875674248,0.058126151561737,0.06492330878973,0.062385288998485,,0.05650165066123,0.055701849982143,0.004821380413088
confidential/automotive06/automotive06a.dimacs,449,0.069255942478776,0.061501065269113,0.06434702500701,0.069541271775961,0.069979706779122,0.063688803464174,0.067377991974354,0.066280713304878,0.062848223373294,0.066797275096178,0.060481768101454,0.064115911722183,0.063080741092563,0.069184282794595,0.068056220188737,0.062891941517591,0.060626571998,0.064725397154689,0.06658011674881,0.066806852817536,0.065263705328107,0.062560411170125,0.066186485812068,0.062944792211056,0.062812604010105,0.063593750819564,0.070462981238962,0.062230356037617,0.069039510563016,0.066613866016269,0.067780174314976,0.067119440063834,0.061121487990022,0.060539415106177,0.058649899438023,0.061729615554214,0.063216611742974,0.068747293204069,0.069529365748168,0.063622856512666,0.066553050652146,0.062066981568933,0.062998792156578,0.06525836698711,0.059679465368391,0.067837433889509,0.066345367580652,0.062334286049008,0.066038910299539,0.066264327615499,,0.064946188554168,0.0649918820709,0.003029698308586
confidential/automotive04/04.dimacs,531,0.202258836477995,0.197442982345819,0.195575390011072,0.198097735643387,0.161130577325821,0.163012294098735,0.169511519372464,0.170349106192588,0.17093943618238,0.172798603773117,0.164948599413037,0.169251868501306,0.166509950533509,0.169959645718336,0.167392648756504,0.171798150986433,0.178356824442744,0.174418991431594,0.164501886814833,0.175616797059775,0.179405778646469,0.171921895816922,0.176538547500968,0.171325443312526,0.180022500455379,0.173941690474749,0.171576948836446,0.176782213151455,0.174156188964844,0.177868526428938,0.163780746981501,0.168745934963226,0.170393783599138,0.167768085375428,0.196627307683229,0.175041753798723,0.197320014238358,0.175402067601681,0.167208787053823,0.160941183567048,0.165711861103773,0.195423083379865,0.17297825589776,0.172534469515085,0.174722818657756,0.169113725423813,0.173067746683955,0.172147320583462,0.167589984834194,0.177252857014537,,0.17482366733253,0.172340895049274,0.010312522161094
Smarch/toybox.dimacs,544,0.05597672238946,0.048749422654509,0.049762820824981,0.056072231382132,0.049168778583408,0.054329739883542,0.053880874067545,0.054385591298342,0.05308604054153,0.054075242951512,0.048676151782275,0.049671724438667,0.048043817281724,0.048444848507643,0.052971247583627,0.047551784664392,0.046925470232963,0.048353059217334,0.046722082421183,0.052233092486859,0.052257413044572,0.049809953197837,0.049270056188107,0.054245937615634,0.055927986279131,0.053611651062966,0.052664633840323,0.048546424135566,0.054514184594154,0.052979175001383,0.050919272005558,0.050998039543629,0.048899156972766,0.051606247201562,0.052833298221231,0.050088217481971,0.051893783733249,0.054437039420009,0.054494567215442,0.054130887612701,0.049570914357901,0.050722002983093,0.050539264455438,0.046900272369385,0.053570283576846,0.055134722962976,0.047230461612344,0.052058733999729,0.048518832772971,0.048373589292169,,0.051316554918886,0.051302143372596,0.002745131605324
confidential/automotive07/automotive07a.dimacs,581,0.296827470883727,0.301510559394956,0.306454563513398,0.312485640868544,0.273917671293021,0.278998926281929,0.304528037086129,0.27878936752677,0.277583325281739,0.278994169086218,0.280155872926116,0.276011087000371,0.279549982398748,0.271441839635372,0.270948555320501,0.275660164654255,0.280929611995816,0.27599990926683,0.271685868501663,0.277054384350776,0.268054485321045,0.270893445238472,0.271020747721195,0.269206469878555,0.273204728960991,0.270318295806646,0.264146324247122,0.306116003543138,0.270182084292173,0.277603037655354,0.276286328211427,0.273936657235027,0.256218807771802,0.279884358868003,0.274074101820588,0.276851885020733,0.273646110668778,0.28318453207612,0.27701316587627,0.273747017607092,0.275691473856568,0.277235891669989,0.278114628046751,0.272954551503062,0.278072515502572,0.277435747906566,0.264429552480579,0.276078440248966,0.285035420209169,0.271285228431225,,0.278228980898857,0.276182384230197,0.011142508168323
confidential/automotive03/03.dimacs,588,0.137776505202055,0.135362638160587,0.144624063745141,0.160165125504136,0.163491433486342,0.134772513061762,0.16425047814846,0.162898607552052,0.140867190435529,0.132263077422977,0.13285037688911,0.134579511359334,0.136412596330047,0.167593840509654,0.146999442949891,0.166468389332295,0.149553863331676,0.139885108917952,0.169575350359082,0.146245168522,0.138558132573962,0.139725431799889,0.141281308606267,0.140427062287927,0.142503956332803,0.140478247776628,0.170039612799883,0.151142185553909,0.141804676502943,0.168602459132671,0.147783191874623,0.138189751654864,0.1407286580652,0.140984736382961,0.137436088174582,0.142629915848375,0.144899936392903,0.175175530835987,0.150418844074011,0.141374042257667,0.170452965423464,0.166232520714402,0.147290663793683,0.142345450818538,0.139990480616688,0.16893558204174,0.147698426619172,0.142635127529502,0.171365641057491,0.146293088793755,,0.148881179951131,0.143629595637322,0.012602481482833
Smarch/axTLS.dimacs,684,0.077668419107795,0.07593566738069,0.073463391512632,0.07948699221015,0.08287113904953,0.080748340114952,0.072803020477295,0.079221663996578,0.085439538583159,0.081166258081794,0.07796435058117,0.069984780624509,0.068200739100575,0.076676491647959,0.073368109762669,0.066567726433277,0.064052384346723,0.063419485464692,0.06518086977303,0.082944538444281,0.068050742149353,0.061713123694062,0.06381350196898,0.060391733422876,0.060254938900471,0.063346121460199,0.060175396502019,0.062645142897964,0.063150579109788,0.064842281863094,0.064539263024926,0.060494700446725,0.055908733978868,0.075133979320526,0.066800499334932,0.062178891152144,0.079773955047131,0.070253044366836,0.079214215278626,0.072277763858437,0.064432676881552,0.05992185510695,0.062068860977889,0.061970163136721,0.078919196501374,0.075072411447764,0.076199514791369,0.073494391515851,0.068746734410524,0.06042979285121,,0.069867562241853,0.06847373675555,0.007842575512222
financial_services/financialServices_2018-05-09.dimacs,771,0.658154614269733,0.664464727044105,0.632164528593421,0.618119783699512,0.577705409377814,0.580119151622057,0.579407975077629,0.576623940840363,0.577321242541075,0.568844540044666,0.571489719673992,0.597686540335417,0.563494924455881,0.571203775703907,0.603298552334308,0.638354990631342,0.628320073708892,0.618829991668463,0.620118718594312,0.60189918987453,0.612610522657632,0.608017219230532,0.604030972346664,0.60106505639851,0.614236727356911,0.612191170454026,0.559071458876133,0.568298375234008,0.598915033042431,0.582849401980638,0.568032512441277,0.573206158354879,0.576485671103,0.567536227405071,0.575193209573626,0.569592507556081,0.58575851842761,0.57536649890244,0.56913242302835,0.558422254398465,0.570870872586966,0.559349559247494,0.578624099493026,0.578291846439243,0.571836408227682,0.569144800305367,0.571720115840435,0.575900062918663,0.580440448597073,0.566801434382796,,0.589012279137969,0.577998627908529,0.025644218354881
KConfig/busybox-1.18.0.dimacs,854,0.078048141673208,0.081120846793056,0.074350690469146,0.075030226260424,0.07685829885304,0.078343406319619,0.074853874742985,0.073724072426558,0.080522410571575,0.080947743728757,0.077517176046968,0.071631412953138,0.074222382158041,0.072299504652619,0.073982262983919,0.079234156757593,0.080338271334768,0.074972979724407,0.07312279380858,0.073579011484981,0.077980618923903,0.079785460606218,0.073404749855399,0.072181738913059,0.077942084521055,0.079379323869944,0.072498319670558,0.07818209938705,0.07166374847293,0.074343780055642,0.074454423040152,0.074838431552053,0.07410584948957,0.071101302281023,0.074316293001175,0.072576856240631,0.076637795194984,0.079092049971223,0.070504996925592,0.079575408250094,0.073806341737509,0.077908061444759,0.078729115426541,0.070325117558241,0.074220700189472,0.075490508228541,0.076424147933721,0.08213771879673,0.076735964044929,0.076749116182328,,0.075835835710168,0.075001602992416,0.003063298485425
Smarch/busybox_1_28_0.dimacs,998,0.142848063260317,0.140419602394104,0.148745408281684,0.157921269536019,0.166972173377871,0.150232380256057,0.14616178162396,0.144819959998131,0.145118553191424,0.153250930830836,0.150064948946238,0.151882410049439,0.148626020178199,0.149823125451803,0.145826680585743,0.140821112319828,0.147148929536343,0.15081911161542,0.154623007401824,0.165610607713461,0.164359584450722,0.16002519056201,0.161315632984043,0.161315016448498,0.162126947194338,0.157308144494891,0.154828036203981,0.162231309339404,0.15944741293788,0.156165627762675,0.154762133955956,0.165525732561946,0.161174412816763,0.161503333598375,0.161385009065271,0.161311350762844,0.15791660360992,0.164563363417983,0.165602119639516,0.164710272103548,0.158074412494898,0.153850698843599,0.150693431496621,0.161100935190916,0.156921753659845,0.159526187926531,0.153317656368018,0.162901544943452,0.163814589381218,0.158091204240918,,0.155952114500106,0.157612374052405,0.007190697312003
CDL/am31_sim.dimacs,1178,5.99311426095665,5.96170604042709,5.91330066882074,5.90613371878862,5.9160866048187,6.04957420192659,6.06079356558621,6.11856965906918,6.04108039289713,6.40033310092985,6.4134246557951,6.35660199075938,6.15132258459926,6.46090418472886,6.3884156588465,6.42839988321066,6.04819251224398,6.10211418569088,6.16345639154315,6.00644803233444,6.25635354965925,6.16981826536358,6.00688350014389,6.61490097828209,6.54266313649714,6.53953777439892,6.58171462453901,6.52825671248138,6.55005691945552,6.52303811721504,6.57951022684574,6.51919638924301,6.73833976872266,6.54709038883448,6.64450950920582,6.51644731126726,6.59715840779245,6.54813077300787,6.57335125654936,6.5500472523272,6.64114190638066,6.53752774745226,6.57529897242785,6.57063182629645,6.64183789119125,6.62749967165291,6.54726100340486,6.53001982532441,6.54607754200697,6.52215395309031,,6.37492854990065,6.52067517116666,0.250367785343898
KConfig/embtoolkit.dimacs,1179,0.15489842556417,0.153769858181477,0.159588675945997,0.155110022053123,0.15291915461421,0.154879128560424,0.159461110830307,0.160544468089939,0.151301411911845,0.150767242535949,0.151795990765094,0.15015945956111,0.155464969575406,0.160553438588977,0.152655649930239,0.151158509775996,0.153782514855266,0.159144390374422,0.156772561371327,0.149752480909228,0.158680286258459,0.159136841073632,0.160073149949313,0.158328011631966,0.151374375447631,0.155677460134029,0.151587819680572,0.154797641560436,0.157225981354714,0.160177916288376,0.156311366707087,0.147457230836153,0.130554348230362,0.160074464976788,0.134240318089724,0.15561406314373,0.138413833454252,0.13037446141243,0.12599272467196,0.127508085221052,0.124140432104468,0.156509881839156,0.136434651911259,0.155439188703894,0.137712545692921,0.129300827160478,0.124802371487022,0.127862747758627,0.155116088688374,0.138284841552377,,0.149073668420315,0.153776186518371,0.011420095279525
Smarch/ref4955.dimacs,1218,54.0445238295942,54.3597291596234,54.4202543329447,53.7276014871895,52.5702882669866,52.5933872647583,52.4755383711308,52.551941646263,52.9108835104852,53.0276196133345,52.556377088651,52.7347512543201,52.5981313493103,52.3759448323399,52.6235164348036,52.3939018398524,52.8413790594786,54.4908550549298,54.7577048167586,54.328317437321,54.2789087351411,54.3069256059825,53.5794289447367,52.4021957125515,52.519690265879,52.614999005571,52.3665835931897,52.6841125972569,52.6169980447739,52.4231710974127,52.3511229734868,52.4496392868459,52.3465525098145,52.5374174788594,52.3531338088215,52.4172216653824,52.4013110697269,52.4374778717756,52.4290217254311,52.3589500486851,52.4806966688484,52.4577065818012,52.5721716266126,52.5630583949387,52.58266749233,52.4121382478625,52.4643834866583,52.4268662519753,52.5194168835878,52.578610341996,,52.8663044933602,52.5597177417949,0.718110294977725
Smarch/ecos-icse11.dimacs,1244,23.3954664543271,23.4026369974017,23.3621419165284,23.2482917513699,23.2873639501631,23.2971423882991,23.7457526214421,24.3860017694533,24.445168338716,24.5197448525578,24.5153790954501,24.4861898440867,24.4320467244833,24.3256429843604,24.3460697252304,24.4064809046686,24.4175317753107,24.4833512958139,24.4236718527972,24.3191890306771,24.4042549058795,24.339571615681,24.5395190026611,24.4518864452839,24.3727472070605,24.3469892609864,24.3999365381896,24.3469511214644,24.4580181483179,24.4878126550466,24.3858380429447,24.3146526571363,24.3484407961368,24.2909760344773,24.4796468131244,24.5449190959335,24.4066857844591,24.3770589213819,24.3809314053506,24.411942794919,24.3982430435718,24.089138628915,23.7622536625713,24.3501475807279,24.3631685879082,24.2285978551954,24.5325417760759,24.3313768990338,24.2797586917877,24.3961106482893,,24.241307617873,24.3789951633662,0.371394270178265
Smarch/pati.dimacs,1248,23.5495940744877,23.7072625327855,23.4757613223046,23.7650752626359,23.4983206875622,23.7565786205232,23.5654719695448,23.5310338176787,23.7922913897782,23.437469407916,23.8407320622355,23.4831855297088,23.7431030757726,23.5637082830071,23.6199098229409,23.848394472152,23.4620239045471,23.7453630212694,23.6682838872075,23.8301630914211,23.4480889048428,23.6364611703903,23.6297539640218,23.4451468791812,23.8113012947142,23.4567533079535,23.8654398005456,23.469777174294,23.8520885556936,23.4608977865427,23.8219195753336,23.5264455080033,23.7913751676679,23.4733020439744,23.760732313618,23.4461238235235,23.8224828541279,23.4727404136211,23.7139018401504,23.5788053795695,23.7273228801786,23.5942153781652,23.6778430808335,23.7485805395991,23.6149866152554,23.6708708647639,23.5911461990327,23.8471939694137,23.6482244040817,23.6875414233655,,23.6435037869588,23.642342787236,0.140051823773261
CDL/p2106.dimacs,1262,16.8914204463363,16.9321770817041,16.9830173570663,17.0155854783952,16.9804365579039,16.9419544246047,17.000526593998,16.9492594003678,16.9844544641674,17.1307795587927,17.0793929602951,17.0485180430114,17.0400260724127,17.047128835693,17.0370757542551,17.0638677310199,17.1247089467943,17.0699109509588,17.0677505545318,17.0152523182333,17.0519297495484,16.9617888741195,17.0184884201735,16.9844978507608,17.0024242643267,17.0164831466973,16.9955172520131,16.8420802373439,16.947720034048,16.9142361357808,16.9599657170475,16.8587085977197,17.0053755901754,16.7117774877698,16.8998751118779,17.133405726403,16.7542060352862,17.1370628066362,16.7793774232268,17.0994264874607,16.7687964420765,17.0521028917282,16.7456012312323,17.0812909062952,16.8033294826746,17.1048272754997,16.8019558321685,17.0226883795112,16.832161810249,17.0351480171084,,16.97450985495,17.0014754291624,0.111384795290337
Smarch/integrator_arm9.dimacs,1267,12.6030590701848,12.4612741935998,12.6403108444065,12.376189539209,12.6098450645804,12.3240012004972,12.5859468281269,12.5520707648247,12.6077459063381,12.6095837652683,12.4025639034808,12.5712789651006,12.3182686530054,12.6150903552771,12.3029756192118,12.6058304701001,12.5743819326162,12.5348043888807,12.6532639358193,12.5773538891226,12.7227818686515,12.4243555366993,12.7404720317572,12.3804928287864,12.6140741314739,12.5809672921896,12.4823683649302,12.5611377507448,12.3169607296586,12.6028243675828,12.3238793350756,12.7018248233944,12.4519465193152,12.6205764394253,12.5457893330604,12.4075507037342,12.6427160594612,12.2830208688974,12.5812455322593,12.2159760985524,12.5587177202106,12.4847800694406,12.4903341084719,12.5315765067935,12.3056757263839,12.5342254079878,12.2500593401492,12.5560272727162,12.9505219291896,12.5153823625296,,12.5180820069835,12.5540490187705,0.144014315417912
Smarch/olpce2294.dimacs,1274,30.4265896100551,30.4273263141513,30.7131773997099,30.6590140853077,30.4371663033962,30.4090878739953,30.5710257720202,30.3879511598498,30.5480961222202,30.5453776083886,30.7060088589787,30.588639356196,30.382197972387,30.7922519911081,30.7508939318359,30.2895555868745,30.4573213607073,30.5880012102425,30.5867306124419,30.3769896402955,30.4192159920931,30.5695239603519,30.55424711667,30.5305596292019,30.4103803671896,30.4901948533953,30.4257205687464,30.358947161585,30.2862738464028,30.705176435411,30.3602154329419,30.4562347307801,30.3942943885923,30.5095414184034,30.4702273923904,30.392057724297,30.6246314626187,30.517728921026,30.3604836631566,30.4441311098635,30.6250337399542,30.510899849236,30.3037241026759,30.401353571564,30.78965235129,30.6162146180868,30.2883735559881,30.3095610160381,30.4890177696943,30.3492413964123,,30.4921252183244,30.4637743765488,0.134550089168938
Smarch/adderII.dimacs,1276,35.859075371176,35.7266361117363,35.8838980421424,35.7885233052075,35.819831378758,35.8348662201315,35.9710410442203,35.8435056786984,35.770066242665,34.7155199870468,34.4245894569904,34.6547830700874,34.2798067796976,34.327026842162,34.3324462026358,34.3882625140249,34.2512061968446,34.3932647686451,34.3006368111819,34.3988441806287,34.6081049256026,34.4450177084655,34.4918594248593,34.4007372241467,34.4264965206384,34.3401585090905,34.4391800258308,34.328908951953,34.5833091866225,34.2548596020788,34.4216205291451,34.3292563017458,34.4550469387322,34.4261893797666,35.5621036328375,34.3592726290226,34.3450286630541,34.3400383722037,34.2452456951141,34.4654061459005,34.3000974357128,34.5395493395627,34.6187732182443,34.4106045104563,34.4620279278606,34.50089132227,34.3726741354913,34.3642615247517,34.3628725819289,34.291218161583,,34.6890928145871,34.4253894183785,0.574768600336031
Smarch/at91sam7sek.dimacs,1296,15.6459879688918,15.6139336843044,15.6328378506005,15.6376622989774,15.602209430188,15.5877116434277,15.6024787444621,15.6095597278327,15.5894486736507,15.6983794067055,15.7301581893116,15.646005826071,15.612683493644,15.7043477874249,15.6733030229807,15.6022138223052,15.6144272722304,15.6568767912686,15.5916135832667,15.5942951608449,15.5846139900386,15.6635212246329,15.679078988731,15.5885674767196,15.7069891858846,15.6122284997254,15.7052459418774,15.6333255525678,15.6772719863802,15.5817788969726,15.6824611257762,15.5943624246865,15.65203737095,15.6114435829222,15.579734325409,15.5905847400427,15.6592635083944,15.7247295249254,15.6730608735234,15.6439572293311,15.6342293210328,15.6257808059454,15.6178607773036,15.6267045736313,15.6042214874178,15.6507208328694,15.6331667192281,15.711536783725,15.7000620458276,15.6108074542135,,15.6381096325815,15.6330022849143,0.042292370619326
Smarch/se77x9.dimacs,1319,30.6445713024587,30.5615985617041,30.5596670750528,30.481822932139,30.37761089392,30.4792201872915,30.5144889783114,30.5482829790562,30.4536451492459,30.4416291713714,30.4363475162536,30.4337810892612,30.4559987802058,30.7668753676116,30.4536546263843,30.4559743274003,30.4047962948679,30.5619306024164,30.4197842255235,30.506053308025,30.5843242183328,30.4508116785436,30.4068889580667,30.5283163934946,30.3710933402181,30.6807111129165,30.6493877209723,30.4928052276373,30.4673101231456,30.5351440683008,30.4178352542222,30.4549695774913,30.4077708870172,30.468329327181,30.4263791125267,30.4646410532296,30.8098409883678,30.4742436297238,30.4947869274765,30.3656593542546,30.8286563307047,30.5087232682853,30.4887744002044,30.3851112816483,30.5059831216931,30.4158034417778,30.5021120347083,30.426942858845,30.5206439550966,30.4818029236049,,30.4994707187638,30.4767319085077,0.103452330137113
Smarch/m5272c3.dimacs,1323,30.5995087418705,30.7542808894068,30.7150446139276,30.6805659756064,30.7207792960108,30.7518907170743,30.6205153241753,30.7668136488646,30.6617699526251,30.7268063239753,30.6843618955463,30.6147770974785,30.6355600971729,30.7216579746455,30.6057346090674,30.7528247293085,30.7971877157688,30.6791639383882,30.5931293442845,30.7514672018587,30.6175116691738,30.7006937116385,30.7514895051718,30.7691310662776,30.7526926156133,30.7381361331791,30.7759501822293,30.7041460052133,30.8695953954011,30.7084923312068,30.7203454133123,30.746688650921,30.8560375217349,30.6748433765023,30.6263052169233,30.7517559807748,30.7284559998662,30.6932445000857,30.6956291813403,30.7339811492711,30.7791573125869,30.6409713029861,30.7007201965898,30.6462108474225,30.7801463417709,30.6037109792233,30.6591276228428,30.6924306750298,30.7533597014845,30.6666399147362,,30.7074288117513,30.7117684725672,0.063816984188527
Smarch/phycore229x.dimacs,1360,50.6753236092627,50.57387682423,50.7818334624172,50.6478821113706,50.5884777177126,50.6345120947808,50.6241609826684,50.7104795724154,50.6236870847642,50.5196879226714,50.6083368696272,50.611867915839,50.7357444893569,50.9961679279804,50.6953521501273,51.378162285313,50.9594190567732,50.8401379492134,50.6315718777478,50.6049112677574,50.7996079865843,50.8564258310944,50.9779128320516,50.6807108148932,51.2533045317977,50.8653433546424,50.8588446862996,50.8998480513692,51.1445399094373,50.927448477596,50.8026945348829,50.831425011158,50.9182457420975,51.0972812604159,51.105397509411,50.9297130797059,50.9370431620627,51.0329743176699,50.7832721844316,50.8970732260496,50.7878041267395,50.8519726581871,51.1170157995075,50.812965285033,50.7772631421685,50.7211005147546,50.8782466705888,50.8596488535404,50.778190234676,50.8764821905643,,50.8300277830288,50.8221951480955,0.183440830069766
Smarch/freebsd-icse11.dimacs,1396,54.0329192355275,53.9329352919012,53.9199050143361,54.2826759777963,53.9177768453955,53.990571193397,53.9514323398471,53.9800778571516,53.9963059257716,53.9759842194617,54.2110302019864,53.9653058741241,54.3468089457601,53.9285972099751,53.9374342150986,53.8039435278624,53.8970021232962,53.8152652531862,53.8779299836606,53.9223254807293,53.9152855016291,53.8604005333037,54.0751788597554,53.8815236520022,54.0273002237081,53.9688663315028,54.2504437901079,53.9041729904711,53.8750178962945,53.922888290137,53.9831705503165,54.0291570369155,53.9631901942194,54.00703452155,54.0058779660612,54.1218796242029,53.9778626728803,54.0482417419553,53.9210722167045,54.0104474145919,53.8601842503995,54.0947310794145,54.0038234889508,53.9953285660595,54.2185189072043,54.2843445260078,53.9400375634431,53.9828846957534,53.903017224744,53.8548432178796,,53.9914590448886,53.9724252754823,0.122660427914727
CDL/ea2468.dimacs,1408,55.3997045941651,55.5881806630642,55.6949125975371,55.636393385008,55.4386482685805,55.6315088607371,55.582082124427,55.5183080080896,55.7594335637986,55.8163017369806,55.5421321801842,55.5129902716726,55.5808787737041,55.8535415679217,55.8209077529609,55.4164223559201,55.4985573627054,55.4936988670379,55.4900350514799,55.6115504689514,55.5318977739662,55.7961885891854,55.4136244971306,56.0139824599028,55.4099512696266,55.533305067569,55.484109165147,55.5880572777242,55.5074988417328,55.5072697028518,55.6735959928483,55.6990904454141,55.5610282663256,55.711308768019,55.7395169958472,55.6708897426724,55.6382839549333,55.5386789366602,55.4999516289681,55.4520309194923,55.6000618375838,55.6550236772746,55.6276937313378,55.822347080335,55.8200412895531,55.5956941395998,55.5151719562709,55.7080018091947,55.5938006937503,55.4155822787434,,55.6041973448917,55.5881189703942,0.136554239270751
KConfig/uClinux-distribution.dimacs,1580,0.122110236436129,0.123688261955977,0.124596051871777,0.119571613147855,0.118552023544908,0.117816172540188,0.121264887973666,0.12172319740057,0.122256673872471,0.126764487475157,0.121606310829521,0.118321597576142,0.113901326432824,0.120364850386977,0.12324290163815,0.120704248547554,0.122223859652877,0.124511539936066,0.124323217198253,0.119633289054036,0.124304728582501,0.125131230801344,0.122892804443836,0.123013338074088,0.124179404228926,0.119933791458607,0.122065456584096,0.12245692871511,0.119830360636115,0.122888989746571,0.126275561749935,0.118148308247328,0.124903863295913,0.122380401939154,0.120979269966483,0.118063012138009,0.123933816328645,0.126500898972154,0.125216411426664,0.124320859089494,0.125200288370251,0.124924411997199,0.124150861054659,0.12460507079959,0.12089510075748,0.117614839226007,0.117497716099024,0.120432995259762,0.125287035480141,0.115952940657735,,0.122023148871958,0.122318537905813,0.002931759796352
Smarch/fiasco.dimacs,1638,0.165970493108034,0.161355819553137,0.141385864466429,0.165006646886468,0.1686692815274,0.138968501240015,0.138490444049239,0.135073728859425,0.13118545524776,0.163076246157288,0.138594927266241,0.133593838661909,0.132448181509972,0.163989486172795,0.14719726704061,0.130868911743164,0.163912707939744,0.140340426936746,0.14060759358108,0.167189426720143,0.139322372153402,0.136914491653442,0.134936600923539,0.135924514383078,0.162531513720751,0.144042063504458,0.139003103598952,0.16615192592144,0.139059877023101,0.13887806981802,0.132723929360509,0.131371634081006,0.1300237942487,0.161717051640153,0.14278457686305,0.133338637650013,0.162117624655366,0.145150903612376,0.134993512183428,0.131454749032855,0.129116866737604,0.129519034177065,0.161248352378607,0.142562163993716,0.136315921321511,0.16123148612678,0.142210090532899,0.133316999301314,0.167684361338615,0.138677658513189,,0.145044982582331,0.139191124588252,0.013296786376299
confidential/automotive05/05.dimacs,1663,1800,1800,1800,1800,1800,1800,1800,1800,1800,1800,1800,1800,1800,1800,1800,1800,1800,1800,1800,1800,1800,1800,1800,1800,1800,1800,1800,1800,1800,1800,1800,1800,1800,1800,1800,1800,1800,1800,1800,1800,1800,1800,1800,1800,1800,1800,1800,1800,1800,1800,,1800,1800,0
Smarch/uClinux.dimacs,1850,0.074279652908445,0.072464859113097,0.072132738307119,0.079422097653151,0.079604523256421,0.080808931961655,0.074422774836421,0.073158659040928,0.08101680316031,0.081488782539963,0.081407811492681,0.073602855205536,0.078506492078304,0.072466168552637,0.075516732409597,0.074091317132115,0.076063450425864,0.072795808315277,0.075210364535451,0.068279452621937,0.067427976056933,0.082350743934512,0.075227646157146,0.075810661539436,0.075568839907646,0.071417173370719,0.079554900527001,0.081682480871678,0.080685043707491,0.077463136985898,0.076039213687182,0.07490424439311,0.075895993039012,0.07747070491314,0.077841971069575,0.074896305799484,0.085149638354778,0.08311416208744,0.087065109983087,0.089586967602372,0.086390424519778,0.085089340806007,0.087684577330947,0.081235744059086,0.085968822240829,0.087797140702605,0.085405813530088,0.08820041641593,0.085698647424579,0.086750442162156,,0.078922291174531,0.07817423157394,0.005604806519656
automotive01/automotive01.dimacs,2513,1.06195903755724,0.994407242164015,0.973796514794231,0.928186209872365,0.937204062938691,0.931087780743838,0.906697725877166,0.922141809016466,0.933463821187616,0.925256233662367,0.929998496547342,0.936678726226091,0.926730293780566,0.919779654592275,0.922433687373996,0.958837663754821,0.931905562058091,0.926928387954831,0.936206016689539,0.928532440215349,0.937643980607391,0.926086116582155,0.944031672552228,0.911445597186685,0.946082375943661,0.948241658508778,0.939053419977427,0.942423554137349,0.937375351786613,0.926015509292484,0.898432927206159,0.939965598285199,0.908272029832005,0.929124735295773,0.920417888090015,0.933119289577008,0.939014947041869,0.925856759771705,0.914587190374733,0.916255939751863,0.925516312941909,0.94964517466724,0.919025665149093,0.942121140658856,0.90803930349648,0.919106248766184,0.92784402705729,0.900469774380326,0.930075170472265,0.940631784498692,,0.933563050217927,0.929561615921558,0.024995862306997
confidential/automotive03/automotive03b.dimacs,4902,0.274703601375223,0.276424031704664,0.280337868258357,0.273584611713886,0.278683222830296,0.28240904211998,0.281489565968514,0.268289046362042,0.253637341782451,0.257553322240711,0.260055650025606,0.262374054640531,0.258158488199115,0.24388586729765,0.248558020219206,0.255360469222069,0.257279278710484,0.235613569617272,0.261851703748107,0.241610651835799,0.252429734915495,0.253074418753385,0.260694799944758,0.261137418448925,0.261555545032024,0.241055982187391,0.24792930483818,0.253579329699278,0.260593648999929,0.258528973907232,0.259512735530735,0.240266202017665,0.248818658292293,0.24453642591834,0.259466223418713,0.242001637816429,0.261868227273225,0.241896314546466,0.249524170532822,0.256461629644037,0.256519658491016,0.258211886510253,0.261201739311219,0.236541772261262,0.246442882344126,0.241836810484529,0.263701882213354,0.257150186225772,0.261645842343569,0.238187892362476,,0.256564626842737,0.257416300475597,0.012001213540456
confidential/automotive06/automotive06b.dimacs,5571,0.227734414860606,0.243693549185992,0.227288957685232,0.248130451887847,0.230072755366564,0.233063507825137,0.23901692032814,0.248652344569564,0.249005988240242,0.246747888624668,0.215018527582288,0.199973756447434,0.213803857564926,0.215868337079883,0.194063471630216,0.207776144146919,0.211474150419235,0.22117517516017,0.20576361566782,0.213623531162739,0.220833618193865,0.196935206651687,0.213400395587087,0.206855716183782,0.203648664057255,0.207376731559634,0.217523844912648,0.219706254079938,0.20272671058774,0.200276684015989,0.211910735815763,0.194433700293303,0.209301743656397,0.218751071020961,0.200662188231945,0.211509071290493,0.214205414056779,0.219525506719947,0.204627944156528,0.214861016720533,0.202724047005177,0.194738075137139,0.193999692797661,0.204555045813322,0.202050339430571,0.200404206290841,0.220119973644615,0.195409255102276,0.213662846013904,0.22099219635129,,0.214593504816294,0.213511963374913,0.015176989720401
KConfig/linux-2.6.33.3.dimacs,6467,1800,1800,1800,1800,1800,1800,1800,1800,1800,1800,1800,1800,1800,1800,1800,1800,1800,1800,1800,1800,1800,1800,1800,1800,1800,1800,1800,1800,1800,1800,1800,1800,1800,1800,1800,1800,1800,1800,1800,1800,1800,1800,1800,1800,1800,1800,1800,1800,1800,1800,,1800,1800,0
Smarch/busybox-1.18.0.dimacs,6796,0.652104310691357,0.676231529563665,0.621954483911395,0.610734555870295,0.598313873633743,0.571740053594112,0.577725980430841,0.614126686006784,0.573614452034235,0.576868085190654,0.566455634310842,0.57667919062078,0.568878430873155,0.569816498085856,0.592508425936103,0.580810662359,0.587819967418909,0.613555507734418,0.575752951204777,0.566895721480251,0.61621718108654,0.609928974881768,0.573139643296599,0.586090886965394,0.596370853483676,0.585871841758489,0.580323569476605,0.569750292226672,0.588838690891862,0.602269263938069,0.575855350121855,0.581276908516884,0.615911327302456,0.608491731807589,0.611869916319847,0.577849138528108,0.585424438118935,0.579270850867033,0.573118545114994,0.565839968621731,0.595972528681159,0.582059796899557,0.570935340598226,0.586797226220369,0.574576875194907,0.588209254667163,0.6053911074996,0.582586729899049,0.600657306611538,0.588517969474196,,0.590640010200441,0.585648139938712,0.021857872506851
Smarch/2.6.28.6-icse11.dimacs,6888,1800,1800,1800,1800,1800,1800,1800,1800,1800,1800,1800,1800,1800,1800,1800,1800,1800,1800,1800,1800,1800,1800,1800,1800,1800,1800,1800,1800,1800,1800,1800,1800,1800,1800,1800,1800,1800,1800,1800,1800,1800,1800,1800,1800,1800,1800,1800,1800,1800,1800,,1800,1800,0
confidential/automotive07/automotive07b.dimacs,8649,6.25942029990256,6.30294557660818,6.28918522037566,6.281803522259,6.28242552466691,6.26578606851399,6.267892209813,6.26557931117713,6.27799289301038,6.24686913564801,6.27012657932937,6.33022062107921,6.28342648409307,6.31097719818353,6.29643326997757,6.29309866949916,6.25035214982927,6.27516782842576,6.2712960653007,6.25890461727976,6.2718116119504,6.27775984629989,6.2743028178811,6.28843411058187,6.26865359209478,6.25590423308313,6.26137771457434,6.27163160219788,6.27499767020345,6.24695522338152,6.24483835697174,6.28580538742244,6.26013883575797,6.2569919321686,6.25139152444899,6.27668599970638,6.29840738140046,6.26360534504056,6.24776724725961,6.26965729519725,6.30160808190703,6.28279258869588,6.26307233981788,6.25908346474171,6.27323843352497,6.28587031550706,6.26365398988128,6.28959258645773,6.27329383417964,6.30465929582715,,6.2744777180627,6.27252502273768,0.018137536475503
Smarch/uClinux-config.dimacs,11254,1.73130156099796,1.68712988495827,1.65019622072578,1.61717617698014,1.64770137891173,1.62806664034724,1.62499055452645,1.63918001390994,1.63217068463564,1.64908873476088,1.64460465312004,1.61942153424025,1.64179765805602,1.59831953234971,1.59029603376985,1.60118386335671,1.65830952115357,1.61081374436617,1.6466824002564,1.62146885506809,1.63124261982739,1.61126007139683,1.63758602365851,1.65210744552314,1.65486500971019,1.62132572568953,1.64948528259993,1.64352383837104,1.63670619577169,1.63921315409243,1.61952171847224,1.63614590466023,1.60603406094015,1.61186067387462,1.64237913675606,1.64952921494842,1.64288243465126,1.65424084849656,1.63493925519288,1.64526525326073,1.6620455160737,1.638168156147,1.62334391288459,1.66054634936154,1.61852025985718,1.65726456418634,1.6117154378444,1.68352169543505,1.61728927865624,1.63811397925019,,1.63741085328162,1.6381410676986,0.024242444702399
Smarch/buildroot.dimacs,14910,1800,1800,1800,1800,1800,1800,1800,1800,1800,1800,1800,1800,1800,1800,1800,1800,1800,1800,1800,1800,1800,1800,1800,1800,1800,1800,1800,1800,1800,1800,1800,1800,1800,1800,1800,1800,1800,1800,1800,1800,1800,1800,1800,1800,1800,1800,1800,1800,1800,1800,,1800,1800,0
automotive02/automotive2_4.dimacs,18616,108.434798287227,108.265423707664,107.876683425158,108.511125093326,108.780236765743,108.874897925183,108.743302773684,108.739456225187,107.323725910857,107.72989815101,107.522441597656,107.167436243966,108.531044946984,108.654791695997,108.517046352849,109.246142139658,108.84355587326,108.726012999192,109.077731899917,109.298153845594,108.34834959358,108.341873094439,109.188692452386,109.382908375934,108.135520581156,108.323191223666,108.125730689615,108.992602515966,109.014167215675,110.161462269724,109.921645658091,110.63529884629,109.497184475884,111.763997981325,108.098055811599,106.369989745318,106.686151906848,107.441538488493,107.69364194572,107.536662817001,106.532291743905,109.874779464677,110.457177020609,137.396466271952,143.701361408457,148.032912271097,148.190284326673,149.097942750901,147.528574813158,149.161556933075,,113.849918371066,108.741379499436,13.2915578949797
Smarch/embtoolkit.dimacs,23516,48.2024532686919,48.326437279582,48.0831123813987,48.4503396768123,48.2739985398948,48.3178663980216,48.3436724711209,48.3273202031851,48.3589523416013,48.396211694926,48.4263775832951,48.4477253239602,48.2849082294851,48.3504190295935,48.278743032366,48.50645862706,48.4266695138067,48.4584750086069,47.7723804172128,47.7350959703326,48.4907283447683,48.2820543851704,48.0731545295566,47.9508983474225,48.4241533949971,48.299741987139,47.9640572499484,48.1952876001597,48.1766092963517,48.4901696518064,48.2696267962456,48.4305358100682,48.4232064057141,48.3502793386579,48.2979721557349,48.4133447632193,48.3221670277417,48.3626730609685,48.2897488996387,48.3338980935514,48.2250806298107,48.3532195687294,48.2223357092589,48.3510163705796,48.2712572552264,48.1945198643953,48.2345954589545,48.0959065183997,48.0500115398317,48.1780447755009,,48.27567823641,48.3088041925803,0.168797759514778
Smarch/freetz.dimacs,31012,1800,1800,1800,1800,1800,1800,1800,1800,1800,1800,1800,1800,1800,1800,1800,1800,1800,1800,1800,1800,1800,1800,1800,1800,1800,1800,1800,1800,1800,1800,1800,1800,1800,1800,1800,1800,1800,1800,1800,1800,1800,1800,1800,1800,1800,1800,1800,1800,1800,1800,,1800,1800,0
Smarch/2.6.32-2var.dimacs,60072,1800,1800,1800,1800,1800,1800,1800,1800,1800,1800,1800,1800,1800,1800,1800,1800,1800,1800,1800,1800,1800,1800,1800,1800,1800,1800,1800,1800,1800,1800,1800,1800,1800,1800,1800,1800,1800,1800,1800,1800,1800,1800,1800,1800,1800,1800,1800,1800,1800,1800,,1800,1800,0
Smarch/2.6.33.3-2var.dimacs,62482,1800,1800,1800,1800,1800,1800,1800,1800,1800,1800,1800,1800,1800,1800,1800,1800,1800,1800,1800,1800,1800,1800,1800,1800,1800,1800,1800,1800,1800,1800,1800,1800,1800,1800,1800,1800,1800,1800,1800,1800,1800,1800,1800,1800,1800,1800,1800,1800,1800,1800,,1800,1800,0
